"ItemCode","Barcode","ItemDescription","Category","ItemCategory","UnitOfMeasure","SellingPrice","CostPrice","IsRetail"
"BIS- CHC-EAC","","Biscuit Choc Chip","biscuit","internal","ea","85.00","0.00","True"
"BIS-ABB-EAC","16001.0","Biscuit Assorted Pure Butter","biscuit","internal","ea","0.00","0.00","True"
"BIS-BCV-EAC","","Biscuit Choc Vanilla 300g","biscuit","internal","ea","85.00","0.00","True"
"BIS-BUB-EAC","14071.0","Biscuit Butter Biscuit","biscuits","internal","ea","0.00","0.00","True"
"BIS-CCC-EAC","","Biscuit Choc Chip Cookie","biscuit","internal","ea","85.00","0.00","True"
"BIS-CHD-EAC","14079.0","Biscuit Choc Delights 300G","biscuit","internal","ea","85.00","0.00","True"
"BIS-CJN-EAC","14067.0","Biscuit Jam Nest 300G","biscuits","internal","ea","85.00","43.48","True"
"BIS-COC-EAC","","Biscuit Coconut","biscuit","internal","ea","85.00","0.00","True"
"BIS-CRU-EACH","14099.0","GLUTEN FREE RUSKS","biscuits","internal","ea","0.00","0.00","True"
"BIS-CUS-EAC","16201.0","Biscuit Custard","biscuit","internal","ea","85.00","0.00","True"
"BIS-DAT-EAC","","Biscuit Date Roll 300G","biscuit","internal","ea","100.00","0.00","True"
"BIS-DEB-EAC","14073.0","Designer Biscuits 300G","biscuits","internal","ea","100.00","0.00","True"
"BIS-FEB-EAC","16200.0","Biscuit Fego 300G","biscuit","internal","ea","85.00","0.00","True"
"BIS-FLF-EAC","14068.0","Biscuit choc Fingers 300G","biscuit","internal","ea","85.00","0.00","True"
"BIS-HSB-EAC","14076.0","Biscuit Horse Shoe 300G","biscuit","internal","ea","85.00","0.00","True"
"BIS-NAK-EAC","16077.0","Biscuit Naan Katai 300G","biscuit","internal","ea","85.00","0.00","True"
"BIS-PAO-EAC","16203.0","Biscuit Pcn & almnd 300G","biscuit","internal","ea","85.00","0.00","True"
"BIS-PNS-EAC","14069.0","Biscuit Pecan Nut Squares 300G","biscuit","internal","ea","85.00","0.00","True"
"BIS-RMC-EAC","16002.0","Biscuit Romany Creams","biscuit","internal","ea","0.00","0.00","True"
"BIS-ROC-EAC","14070.0","Biscuit Romany Creams","biscuit","internal","ea","0.00","0.00","True"
"BIS-SBB-EAC","16006.0","Biscuit Short Bread","biscuits","internal","ea","0.00","0.00","True"
"CAN-CMS-EAC","","Candles 10s- Silver","candle","external","ea","20.00","0.00","True"
"CAN-DOU-010","80351.0","Candle Numeral Double","candle","external","ea","0.00","0.00","True"
"CAN-DOU-080","8034.0","Candle Numeral Double","candle","external","ea","0.00","0.00","True"
"CAN-GOL-000","","Candle Numeral 0 Gold","candle","external","ea","22.00","0.00","True"
"CAN-GOL-001","","Candle Numeral 1 Gold","candle","external","ea","22.00","0.00","True"
"CAN-GOL-002","","Candle Numeral 2 Gold","candle","external","ea","22.00","0.00","True"
"CAN-GOL-003","","Candle Numeral 3 Gold","candle","external","ea","22.00","0.00","True"
"CAN-GOL-004","","Candle Numeral 4 Gold","candle","external","ea","22.00","0.00","True"
"CAN-GOL-005","","Candle Numeral 5 Gold","candle","external","ea","22.00","0.00","True"
"CAN-GOL-006","","Candle Numeral 6 Gold","candle","external","ea","22.00","0.00","True"
"CAN-GOL-007","","Candle Numeral 7 Gold","candle","external","ea","22.00","0.00","True"
"CAN-GOL-008","","Candle Numeral 8 Gold","candle","external","ea","22.00","0.00","True"
"CAN-GOL-009","","Candle Numeral 9 Gold","candle","external","ea","22.00","0.00","True"
"CAN-MAG-24S","8004.0","Candle Magic Assorted","candle","external","ea","30.00","0.00","True"
"CAN-MCA-EAC","30714.0","Magic Candles","candle","external","ea","30.00","0.00","True"
"CAN-MIX-24S","8005.0","Candle Mixed - 24x24","candle","external","ea","30.00","0.00","True"
"CAN-RAI-000","8006.0","Candle Numeral 0 Rainbow","candle","external","ea","22.00","0.00","True"
"CAN-RAI-001","8007.0","Candle Numeral 1 Rainbow","candle","external","ea","22.00","0.00","True"
"CAN-RAI-002","8008.0","Candle Numeral 2 Rainbow","candle","external","ea","22.00","43.50","True"
"CAN-RAI-003","8009.0","Candle Numeral 3 Rainbow","candle","external","ea","13.00","7.19","True"
"CAN-RAI-004","8010.0","Candle Numeral 4 Rainbow","candle","external","ea","22.00","0.00","True"
"CAN-RAI-005","8011.0","Candle Numeral 5 Rainbow","candle","external","ea","22.00","0.00","True"
"CAN-RAI-006","8012.0","Candle Numeral 6 Rainbow","candle","external","ea","22.00","0.00","True"
"CAN-RAI-007","8013.0","Candle Numeral 7 Rainbow","candle","external","ea","22.00","0.00","True"
"CAN-RAI-009","8015.0","Candle Numeral 9 Rainbow","candle","external","ea","22.00","0.00","True"
"CAN-SIL-000","","Candle Numeral 0 Silver","candle","external","ea","22.00","0.00","True"
"CAN-SIL-001","","Candle Numeral 1 Silver","candle","external","ea","22.00","0.00","True"
"CAN-SIL-002","","Candle Numeral 2 Silver","candle","external","ea","22.00","0.00","True"
"CAN-SIL-003","","Candle Numeral 3 Silver","candle","external","ea","22.00","0.00","True"
"CAN-SIL-004","","Candle Numeral 4 Silver","candle","external","ea","22.00","0.00","True"
"CAN-SIL-005","","Candle Numeral 5 Silver","candle","external","ea","22.00","0.00","True"
"CAN-SIL-006","","Candle Numeral 6 Silver","candle","external","ea","22.00","0.00","True"
"CAN-SIL-007","","Candle Numeral 7 Silver","candle","external","ea","22.00","0.00","True"
"CAN-SIL-008","","Candle Numeral 8 Silver","candle","external","ea","22.00","0.00","True"
"CAN-SIL-009","","Candle Numeral 9 Silver","candle","external","ea","22.00","0.00","True"
"CAN-WHI-000","8025.0","Candle Numeral 0 White","candle","external","ea","22.00","0.00","True"
"CAN-WHI-001","8016.0","Candle Numeral 1 White","candle","external","ea","22.00","0.00","True"
"CAN-WHI-002","8017.0","Candle Numeral 2 White","candle","external","ea","22.00","0.00","True"
"CAN-WHI-003","8018.0","Candle Numeral 3 White","candle","external","ea","22.00","0.00","True"
"CAN-WHI-004","8019.0","Candle Numeral 4 White","candle","external","ea","22.00","0.00","True"
"CAN-WHI-005","8020.0","Candle Numeral 5 White","candle","external","ea","22.00","0.00","True"
"CAN-WHI-006","8021.0","Candle Numeral 6 White","candle","external","ea","22.00","0.00","True"
"CAN-WHI-007","8022.0","Candle Numeral 7 White","candle","external","ea","22.00","0.00","True"
"CAN-WHI-008","8023.0","Candle Numeral 8 White","candle","external","ea","22.00","0.00","True"
"CAN-WHI-009","8024.0","Candle Numeral 9 White","candle","external","ea","22.00","0.00","True"
"CBA-BAC-014","","BD 14'' Buttercream Alphabet Cake","novelty","internal","ea","640.00","0.00","True"
"CBA-BEA-016","","BD 16'' Eggless Buttercream Alphabet Cake","novelty","internal","ea","830.00","0.00","True"
"CBC-BBG-EAC","11001.0","BC Birthday Gateaux","buttercream cake","internal","ea","120.00","0.00","False"
"CBC-BCC-EAC","30337.0","Icing Cup Cakes","buttercream cake","internal","ea","20.00","0.00","False"
"CBC-BCD-EAC","11004.0","BC Chocolate Delight","buttercream cake","internal","ea","22.00","0.00","False"
"CBC-BCE-EAC","","BC Eggless Vanilla Gateaux","buttercream cake","internal","ea","120.00","0.00","False"
"CBC-BCG-EAC","11003.0","BC Chocolate Gateaux","buttercream cake","internal","ea","125.00","0.00","False"
"CBC-BCN-EAC","30339.0","Icing Cup Cakes With Name","buttercream cake","internal","ea","20.00","0.00","False"
"CBC-BCS-EAC","11005.0","BC Chocolate Slice","buttercream cake","internal","ea","22.00","0.00","False"
"CBC-BDN-EAC","11016.0","BC Doughnut","buttercream cake","internal","ea","16.00","0.00","False"
"CBC-BEG-EAC","11040.0","BC Eggless Birthday Gateaux","buttercream cake","internal","ea","125.00","0.00","False"
"CBC-BET-EAC","11041.0","BC Triple Layer Eggless Drip Gateaux","buttercream cake","internal","ea","0.00","0.00","False"
"CBC-BRG-EAC","11042.0","BC Smash Choc Rose Pattern Gateaux","buttercream cake","internal","ea","600","0.00","False"
"CBC-BTD-EAC","11096.0","BC Triple Layer Drip Gateaux","buttercream cake","internal","ea","0.00","0.00","False"
"CBC-CBG-EAC","11097.0","Christmas Buttercream Gateaux","buttercream cake","internal","ea","160.00","0.00","False"
"CBC-CDB-EAC","15060.0","BC Choc Drip Gateaux","buttercream cake","internal","ea","0.00","0.00","False"
"CBC-CDN-EAC","11018.0","Chocolate Doughnut","buttercream cake","internal","ea","18.00","0.00","False"
"CBC-CNL-EAC","11032.0","Coconut Tartlet","biuttercream cake","internal","ea","20.00","0.00","False"
"CBC-CNR-EAC","11030.0","Coconut Ring","buttercream cake","internal","ea","20.00","0.00","False"
"CBC-CNS-EAC","11008.0","Coconut Slice","buttercream cake","internal","ea","18.00","0.00","False"
"CBC-CNT-EAC","11031.0","Coconut Tart","buttercream cake","internal","ea","0.00","0.00","False"
"CBC-CRP-EAC","11034.0","Cream Puff","buttercream figure","internal","ea","18.00","0.00","False"
"CBC-CUS-EAC","11035.0","Currant Square","buttercream cake","internal","ea","18.00","0.00","False"
"CBC-EB1-1M","","BD 1MX500 BC Eggless","buttercream 1mx500","internal","ea","2,400.00","0.00","False"
"CBC-FLA-EAC","11036.0","Flakey Bits","buttercream cake","internal","ea","18.00","0.00","False"
"CBC-JAP-EAC","11037.0","Jam Puff","buttercream cake","internal","ea","17.00","0.00","False"
"CBC-JAT-EAC","11038.0","Jam Tart","buttercream cake","internal","ea","0.00","0.00","False"
"CBC-JDN-EAC","11019.0","Jam Doughnut","buttercream cake","internal","ea","15.00","0.00","False"
"CBC-JTO-EAC","11039.0","Jam Turnover","buttercream cake","internal","ea","18.00","0.00","False"
"CBC-KOE-EAC","11020.0","Koeksuster 1s","buttercream cake","internal","ea","18.00","0.00","False"
"CBC-LPC-EAC","11009.0","Choc Lamington Plain","buttercream cake","internal","ea","18.00","0.00","False"
"CBC-LPR-EAC","11010.0","Raspberry Lamington Plain","buttercream cake","internal","ea","18.00","0.00","False"
"CBC-MBD-EAC","11043.0","Mini Buttercream D/N","buttercream","internal","ea","12.00","0.00","True"
"CBC-MBG-EAC","11098.0","Mothers Day Buttercream Gateaux","buttercream cake","internal","ea","140.00","0.00","False"
"CBC-MCD-EAC","11044.0","Mini Chocolate D/N","buttercream cake","internal","ea","13.00","0.00","False"
"CBC-MCL-EAC","","Mini Lamington Chocolate Plain","shop front","internal","ea","13.00","0.00","True"
"CBC-MEL-40G","11021.0","Melting Moments 40g (Round)","sweet","external","ea","15.00","0.00","False"
"CBC-MEL-60G","11023.0","Melting Moments 60g (Long)","buttercream cake","internal","ea","18.00","0.00","False"
"CBC-MFL-EAC","11045.0","Mini F/BITS","buttercream cake","internal","ea","13.00","0.00","False"
"CBC-MRL-EAC","","Mini Lamington Raspberry Plain","buttercream cake","internal","ea","13.00","0.00","False"
"CBC-MSB-EACH","11046.0","Mini S/B","buttercream cake","internal","ea","13.00","0.00","False"
"CBC-MUE-EAC","11007.0","Muesli Slice","buttercream cake","internal","ea","18.00","0.00","False"
"CBC-PCC-EAC","30338.0","BD Picture Cup Cakes","buttercream cakes","internal","ea","24.00","0.00","False"
"CBC-QUC-EAC","11011.0","Queen Cakes 1s","buttercream cake","internal","ea","12.00","0.00","False"
"CBC-SNO-EAC","11013.0","Snowballs 1s","buttercream cake","internal","ea","18.00","0.00","False"
"CBF-BCF-018","10088.0","BD Buttercream Figure 18","buttercream figure cake","internal","ea","850.00","0.00","False"
"CBF-BCF-018","10088.0","BD Buttercream Figure 18","buttercream figure cake","internal","ea","850.00","0.00","False"
"CBF-BCF-020","10090.0","BD Buttercream Figure 20","buttercream figure","internal","ea","900.00","0.00","False"
"CBF-BCF-020","10090.0","BD Buttercream Figure 20","buttercream figure","internal","ea","900.00","0.00","False"
"CBF-BCK-020","10096.0","BD Buttercream Key","novelty","internal","ea","0.00","0.00","True"
"CBF-BFE-020","10199.0","BD 20 Buttercream Figure on Base Eggless","buttercream figure","internal","ea","1,350.00","0.00","False"
"CBF-BFS-018","10092.0","BD Buttercream Fig on SL 18","buttercream figure cake","internal","ea","940.00","0.00","False"
"CBF-BFS-018","10092.0","BD Buttercream Fig on SL 18","buttercream figure cake","internal","ea","940.00","0.00","False"
"CBF-BFS-020","10094.0","BD Buttercream Fig on SL 20","buttercream figure cake","internal","ea","990.00","0.00","False"
"CBF-BLF-014","12001.0","BD Freshcream 14 Black Forest","freshcream square black forest","internal","ea","740.00","0.00","False"
"CBF-BLF-016","12020.0","BD Freshcream 16 Blackforest","freshcream blackforest","internal","ea","800.00","0.00","False"
"CBF-FCD-014","10039.0","BD Freshcream 14 DL","freshcream square","internal","ea","470.00","0.00","False"
"CBF-FCF-018","10089.0","BD Freshcream Figure 18","freshcream figure cake","internal","ea","900.00","0.00","False"
"CBF-FCF-020","10091.0","BD Freshcream Figure 20","freshcream figure","internal","ea","950.00","0.00","False"
"CBF-FCK-020","10097.0","BD Freshcream Key","novelty","internal","ea","0.00","0.00","True"
"CBF-FF0-020","","BD 20 Freshcream Figure Only Eggless","freshcream figure","internal","ea","1300","0.00","False"
"CBF-FFE-020","10198.0","BD Freshcream Figure on Base Eggless 20","freshcream figure cake","internal","ea","1,450.00","0.00","False"
"CBF-FFS-018","10093.0","BD Freshcream Fig on SL 18","freshcream figure cake","internal","ea","990.00","0.00","False"
"CBF-FFS-020","10095.0","BD Freshcream Fig on SL 20","freshcream figure","internal","ea","1,040.00","0.00","False"
"CBF-FOE-020","","BD 20 Buttercream Figure Only Eggless","buttercream figure","internal","ea","1250","0.00","False"
"CBN-B1M-EACH","","BD Buttercream 1MX1M","novelty","internal","ea","5,500.00","0.00","True"
"CBN-F1M-EACH","","BD Freshcream 1M X1M","novelty","internal","ea","5,700.00","0.00","True"
"CBR-BCR-012","10105.0","BD Buttercream 12 Round","buttercream cake round","internal","ea","420.00","0.00","False"
"CBR-BCR-014","10107.0","BD Buttercream 14 Round","buttercream cake round","internal","ea","450.00","0.00","False"
"CBR-BCR-016","10109.0","BD Buttercream 16 Round","buttercream round","internal","ea","480.00","0.00","False"
"CBR-BCR-018","10104.0","BD Buttercream 18 Round","buttercream cake round","internal","ea","570.00","0.00","False"
"CBR-BCR-020","10112.0","BD Buttercream 20 Round","buttercream round","internal","ea","610.00","0.00","False"
"CBR-FCR-012","10106.0","BD Freshcream 12 Round","freshcream cake round","internal","ea","460.00","0.00","False"
"CBR-FCR-014","10108.0","BD Freshcream 14 Round","freshcream cake round","internal","ea","490.00","0.00","False"
"CBR-FCR-016","10110.0","BD Freshcream 16 Round","freashcream round","internal","ea","520.00","0.00","False"
"CBR-FCR-018","10111.0","BD Freshcream 18 Round","freshcream round","internal","ea","620.00","0.00","False"
"CBR-FCR-020","10113.0","BD Freshcream 20 Round","freshcream round","internal","ea","660.00","0.00","False"
"CBS-BCD-012","10005.0","BD Buttercream 12 DL","buttercream square","internal","ea","400.00","0.00","False"
"CBS-BCD-014","10007.0","BD Buttercream 14 DL","buttercream square","internal","ea","430.00","0.00","False"
"CBS-BCD-016","10011.0","BD Buttercream 16 DL","buttercream square","internal","ea","460.00","0.00","False"
"CBS-BCD-018","10015.0","BD Buttercream 18 DL","buttercream square cake","internal","ea","550.00","0.00","False"
"CBS-BCD-020","10018.0","BD Buttercream 20 DL","buttercream square","internal","ea","590.00","0.00","False"
"CBS-BCD-022","10031.0","BD Buttercream 22 DL","buttercream square","internal","ea","770.00","0.00","False"
"CBS-BCE-016","10033.0","BD 16 BC DL Eggless","buttercream square","internal","ea","520.00","0.00","False"
"CBS-BLF-012","10078.0","BD Freshcream 12 Black Forest","freshcream black forest","internal","ea","670.00","0.00","False"
"CBS-FCD-012","10037.0","BD Freshcream 12 DL","freshcream square","internal","ea","440.00","0.00","False"
"CBS-FCD-016","10041.0","BD Freshcream 16 DL","freshcream square","internal","ea","500.00","0.00","False"
"CBS-FCD-018","10045.0","BD Freshcream 18 DL","freshcream square","internal","ea","600.00","0.00","False"
"CBS-FCD-020","10050.0","BD Freshcream 20 DL","frsshcream square","internal","ea","640.00","0.00","False"
"CBS-FCD-022","10054.0","BD Freshcream 22 DL","freshcream square","internal","ea","830.00","0.00","False"
"CBS-FCE-016","10103.0","BD 16 Freshcream Eggless","freshcream square","internal","ea","560.00","0.00","False"
"CBS-SBE-EACH","30650.0","Eggless Small Buttercream Gateaux","buttercream cake","internal","ea","0.00","0.00","False"
"CBW-CAK-003","10102.0","BD Buttercream 3 Tier Stacked","wedding cake","internal","ea","2,900.00","0.00","False"
"CBW-CKE-003","10098.0","BD Wedding Cake BC 10 12 14 Loose","wedding cake","internal","ea","0.00","0.00","False"
"CBW-STA-EAC","10289.0","BD Buttercream 2Tier Stacked 12 16","wedding cake","internal","ea","2,100.00","0.00","False"
"CEX- BDC-EAC","","Bar One 6 Layer Drip With Toppings","exotic cakes","internal","ea","0.00","0.00","True"
"CEX- BEG-EAC","14050.0","FC Bar One Eggless Drip","exotic cakes","internal","ea","230.00","0.00","True"
"CEX CCD-EAC","14030.0","Cheese Cake Dessert","exotic cakes","internal","ea","40.00","0.00","True"
"CEX- LFD-EACH","","20cmBC4LayerDrip Cake- Fresh Flowers Macaroon/topp","novelty","internal","ea","0.00","0.00","True"
"CEX- MCP-EAC","14091.0","Moist Chocolate Pudding","exotic cakes","internal","ea","60.00","0.00","True"
"CEX- MDB-EAC","","Buttercream 6 Layer Drip Cake with toppings","exotic cakes","internal","ea","1,400.00","0.00","True"
"CEX- NBS-EAC","","New York Blueberry Cheese Cake Slice","exotic","internal","ea","50.00","0.00","True"
"CEX -NYW-EAC","30665.0","New York Baked Cheese Cake Round","exotic cakes","internal","ea","400.00","0.00","True"
"CEX- RTR-12","","BC 12'' Round Triple Layer Rose Pattern","novelty","internal","ea","950.00","0.00","True"
"CEX-AMB-EAC","14001.0","American Brownie","exotic cakes","internal","ea","0.00","0.00","True"
"CEX-APP-EAC","14025.0","Apple Tart","exotic","internal","ea","80.00","0.00","True"
"CEX-ATS-EAC","","Apple Tartlet","exotic","internal","ea","30.00","0.00","True"
"CEX-BAR-012","10001.0","BD Bar One Square 12","exotic cakes","internal","ea","1,000.00","0.00","True"
"CEX-BAR-014","10002.0","BD Bar One Square 14","exotic cakes","internal","ea","1,200.00","0.00","True"
"CEX-BAR-016","10003.0","BD Bar One Square 16","exotic cakes","internal","ea","1,400.00","0.00","True"
"CEX-BAR-018","","BD Bar One Square 18","exotic cakes","internal","ea","1700","0.00","True"
"CEX-BAR-020","","BD Bar One Square 20","exotic","internal","ea","0.00","0.00","True"
"CEX-BCC-EAC","14027.0","Baked Citrus Cheese Cake","exotic","internal","ea","0.00","0.00","True"
"CEX-BOL-EAC","4005.0","Bar One Log","exotic cakes","internal","ea","185.00","0.00","True"
"CEX-BOM-EAC","14065.0","Mothers Day Bar One Round with rose and leaves","exotic cakes","internal","ea","290.00","0.00","True"
"CEX-BOR-EAC","14003.0","Bar One Round","exotic cakes","internal","ea","290.00","0.00","True"
"CEX-BOS-EAC","4008.0","Bar One Slice","exotic cakes","internal","ea","45.00","0.00","True"
"CEX-BRC-EAC","14028.0","Baked Red Velvet Cheese Cake","exotic cakes","internal","ea","0.00","0.00","True"
"CEX-BVC-EAC","","Baked Vanilla Cheese Cake","exotic cakes","internal","ea","0.00","0.00","True"
"CEX-CAC-012","","BD 12 Carrot Cake square wit cream cheese","exotic","internal","ea","1,000.00","0.00","True"
"CEX-CAC-014","","BD 14' Carrot cake square with cream cheese","exotic","internal","ea","1300","0.00","True"
"CEX-CAC-016","","BD 16' Carrot Cake Square with cream cheese","exotic cakes","internal","ea","1,400.00","0.00","True"
"CEX-CAC-018","","BD 18 Carrot Cake Square with cream cheese","exotic cakes","internal","ea","1700","0.00","True"
"CEX-CAC-020","","BD 20 Carrot Cake Square with cream cheese","exotic","internal","ea","1,800.00","0.00","True"
"CEX-CAC-EAC","","Carrot Cake Cupcake","exotic cakes","internal","ea","25.00","0.00","True"
"CEX-CBD-EAC","","Chocolate Bar One 6 Layer Drip Cake","exotic cakes","internal","ea","1,400.00","0.00","True"
"CEX-CBO-EAC","14006.0","Christmas Bar One Round","exotic cakes","internal","ea","280.00","0.00","True"
"CEX-CCC-EAC","14033.0","Baked Choclate Cheese Cake","exotic cakes","internal","ea","0.00","0.00","True"
"CEX-CCP-6S","140295.0","Chocolate Cake Pops (6s)","exotic cakes","internal","ea","42.00","0.00","True"
"CEX-CCS-EAC","14007.0","Cheese Cake Slice","exotic cakes","internal","ea","50.00","0.00","True"
"CEX-CCT-EAC","14008.0","Cheese Cake Tart","exotic cakes","internal","ea","67.00","0.00","True"
"CEX-CEG-EAC","14035.0","Caramel Exotic Gateaux","exotic cakes","internal","ea","230.00","0.00","True"
"CEX-CFD-EAC","","Chocolate Fererro 6 Layer Drip Cake","exotic cakes","internal","ea","1,400.00","0.00","True"
"CEX-CFE-EAC","14010.0","Christmas Ferrero Cake","exotic cakes","internal","ea","280.00","0.00","True"
"CEX-CHC-EAC","14036.0","Chocolate Cheese Cake Cup","exotic","internal","ea","0.00","0.00","True"
"CEX-CIC-EAC","14037.0","Citrus Cheese Cake Cup","exotic cakes","internal","ea","0.00","0.00","True"
"CEX-CRM-EAC","14199.0","Moist Choc Cake With Cream Cheese","exotic cakes","internal","ea","180.00","0.00","True"
"CEX-CUS-EAC","14042.0","Custard & Jelly","exotic cakes","internal","ea","19","0.00","True"
"CEX-DCV-EAC","14044.0","Decorative Chocolate Vanilla Gateaux","exotic cakes","internal","ea","280.00","0.00","True"
"CEX-EBC-EACH","","Bar One Cupcake Eggless","exotic cakes","internal","ea","20.00","0.00","True"
"CEX-FEM-EAC","14045.0","Mothers Day Ferrero Round with rose and leaves","exotic cakes","internal","ea","290.00","0.00","True"
"CEX-FER-012","10075.0","BD Ferrero Cake 12","exotic cakes","internal","ea","1,000.00","0.00","True"
"CEX-FER-014","10076.0","BD Ferrero Cake 14","exotic cakes","internal","ea","1,200.00","0.00","True"
"CEX-FER-016","10077.0","BD Ferrero Cake 16","exotic cakes","internal","ea","1,400.00","0.00","True"
"CEX-FER-018","","BD Ferrero Cake 18","exotic cakes","internal","ea","1,600.00","0.00","True"
"CEX-FER-020","","BD Ferrero Cake 20","exotic","internal","ea","1,800.00","0.00","True"
"CEX-FRC-EAC","14012.0","Ferrero Rocher Cake","exotic cakes","internal","ea","290.00","0.00","True"
"CEX-FRT-EAC","14013.0","Ferrero","sweet","external","ea","0.00","0.00","False"
"CEX-GCA-EAC","","Giant Cappuchino Muffin","exotic","internal","ea","0.00","0.00","True"
"CEX-GCC-EAC","","Giant Corn & Chives Muffin","exotic","internal","ea","0.00","0.00","True"
"CEX-GCH-EAC","","Giant Choc Muffin","exotic cakes","internal","ea","0.00","0.00","True"
"CEX-GCM-EAC","","Giant Chicken & Mushroom Muffin","exotic","internal","ea","0.00","0.00","True"
"CEX-GIM-EAC","14046.0","Giant Muffins","exotic cakes","internal","ea","0.00","0.00","True"
"CEX-GLP-EAC","","Giant Lemon Poppy& Nuts","exotic cakes","internal","ea","0.00","0.00","True"
"CEX-GPC-EAC","","Giant Pecan & Carrot Muffin","exotic","internal","ea","0.00","0.00","True"
"CEX-GSF-EAC","","Giant Spinach & Feta Muffin","exotic cakes","internal","ea","0.00","0.00","True"
"CEX-GVA-EAC","","Giant Vanilla Muffins","exotic cakes","internal","ea","0.00","0.00","True"
"CEX-LMS-EAC","","Lemon Meringue Tart Small","exotic","internal","ea","20","0.00","True"
"CEX-LMT-EAC","","Lemon Meringue Tart Large","exotic cakes","internal","ea","60","0.00","True"
"CEX-MAC-EAC","14047.0","Macaroons (4s)","exotic cakes","internal","ea","60.00","0.00","True"
"CEX-MAL-EAC","14048.0","Malva Pudding","exotic","internal","ea","34","0.00","True"
"CEX-MAO-EAC","","Macaroons (1s)","exotic","internal","ea","18.00","10.00","True"
"CEX-MBE-EAC","14049.0","Milky Bar Exotic","exotic cakes","internal","ea","250.00","0.00","True"
"CEX-MBS-EAC","","Bar One Swissroll Slice","exotic cakes","internal","ea","40.00","0.00","True"
"CEX-MCL-EACH","","Moist Chocolate Cake Large With Cream Cheese","exotic","internal","ea","350.00","0.00","True"
"CEX-MDF-EAC","","Freshcream 6 Layer Drip Cake with Toppings","shop front","internal","ea","1,400.00","0.00","True"
"CEX-MIL-12","","BD Milky Bar 12''","exotic","internal","ea","950.00","0.00","True"
"CEX-MIL-14","","BD Milky Bar 14''","exotic cakes","internal","ea","1,050.00","0.00","True"
"CEX-MIL-EAC","","Milky Bar Swissroll Slice","exotic cakes","internal","ea","36.00","0.00","True"
"CEX-MPN-EAC","","Mini Pecan Nut Tart","exotic cakes","internal","ea","25.00","0.00","True"
"CEX-MPT-EAC","","Malva Pudding Tartlet","exotic cakes","internal","ea","16","0.00","True"
"CEX-MRC-EAC","","Cream Cheese Rainbow Cake","exotic cakes","internal","ea","350","0.00","True"
"CEX-MRS-EAC","","Cream Cheese Rainbow Slice","exotic cakes","internal","ea","43","0.00","True"
"CEX-MVC-EAC","14092.0","Moist Vanilla Cake with Caramel Drizzle","exotic cakes","internal","ea","75.00","0.00","True"
"CEX-NBC-EAC","","New York Baked Blueberry Cheesecake Round","exotic cakes","internal","ea","360.00","0.00","True"
"CEX-NRV-EAC","14057.0","New Red Velvet Cake","exotic","internal","ea","0.00","0.00","True"
"CEX-NUT-12","","12'' Nibbed Nuts Only","miscellenous","internal","ea","80.00","0.00","False"
"CEX-NUT-14","","14'' Nibbed Nuts Only","miscellaneous","internal","ea","80.00","0.00","False"
"CEX-NUT-16","","16'' Nibbed Nuts Only","miscellenous","internal","ea","120.00","0.00","False"
"CEX-NUT-18","","18'' Nibbed Nuts Only","exotic","internal","ea","120.00","0.00","True"
"CEX-NUT-20","","20'' Nibbed Nuts Only","miscellenous","internal","ea","180.00","0.00","False"
"CEX-NUT-22","","22'' Nibbed Nuts Only","miscellenous","internal","ea","180.00","0.00","False"
"CEX-NYC-EAC","","New York Baked Cheese Cake Slice","exotic cakes","internal","ea","50.00","0.00","True"
"CEX-PCT-4S","","Portuguese Custard Tart (4S)","exotic","external","ea","60.00","0.00","True"
"CEX-PCT-EAC","","Portuguese Custard Tart","exotic","external","ea","22.00","10.00","True"
"CEX-PEA-12","","12'' Peaches Slices Only","miscellenous","internal","ea","80.00","0.00","False"
"CEX-PEA-14","","14'' Peaches Slices Only","miscellaneous","internal","ea","80.00","0.00","False"
"CEX-PEA-16","","16'' Peaches Slices Only","miscellaneous","internal","ea","120.00","0.00","False"
"CEX-PEA-18","","18'' Peaches Slices Only","miscellenous","internal","ea","180.00","0.00","False"
"CEX-PEA-20","","20'' Peaches Slices Only","miscellenous","internal","ea","180.00","0.00","False"
"CEX-PEA-22","","22'' Peaches Slices Only","miscellaneous","internal","ea","180.00","0.00","False"
"CEX-PET-EACH","","Pecan Nut Tartlet","exotic cakes","internal","ea","20.00","0.00","True"
"CEX-PMC-EACH","14014.0","Peppermint Crisp Cake","exotic","internal","ea","100.00","0.00","True"
"CEX-PNT-EAC","14016.0","Pecan Nut Tart","exotic cakes","internal","ea","35.00","0.00","True"
"CEX-RCC-EAC","14058.0","CARROT CAKE ROUND","exotic cakes","internal","ea","0.00","0.00","True"
"CEX-REC-EAC","14038.0","Redvelvet Cheese Cake Cup","exotic cakes","internal","ea","32.00","0.00","True"
"CEX-RED-016","30778.0","BD 16 Red Velvet Square","exotic cakes","internal","ea","1,200.00","0.00","True"
"CEX-RMC-EAC","14059.0","OREO CAKE","exotic cakes","internal","ea","350","0.00","True"
"CEX-RSW-EAC","14060.0","Red velvet Swissroll","exotic cakes","internal","ea","35","0.00","True"
"CEX-RTR-14","","BC 14'' Round Triple Layer Rose Pattern","novelty","internal","ea","1,000.00","0.00","True"
"CEX-RTR-16","","BC 16'' Round Triple Layer Rose Pattern","novelty","internal","ea","1,100.00","0.00","True"
"CEX-RTR-18","","BC 18'' Round Triple Layer Rose Pattern","novelty","internal","ea","1,250.00","0.00","True"
"CEX-RTR-20","","BC 20'' Round Triple Layer Rose Pattern","novelty","internal","ea","1,500.00","0.00","True"
"CEX-RVB-018","","BD 18 Red Velvet Square","exotic cakes","internal","ea","1,200.00","0.00","True"
"CEX-RVB-020","","BD 20 Red Velvet Square","exotic cakes","internal","ea","1,400.00","0.00","True"
"CEX-RVC-EAC","14017.0","Red Velvet Cupcakes","exotic cakes","internal","ea","21.00","0.00","True"
"CEX-RVG-EAC","30776.0","Red Velvet Gateaux","exotic cakes","internal","ea","150.00","0.00","True"
"CEX-RVL-EAC","14019.0","Red Velvet Log","exotic cakes","internal","ea","70.00","0.00","True"
"CEX-RVS-EAC","14020.0","Red Velvet Slice","exotic cakes","internal","ea","35.00","0.00","True"
"CEX-TID-EAC","","Tirumisu Dessert","exotic cakes","internal","ea","20.00","0.00","True"
"CEX-TIR-EAC","14021.0","Cake Tiramisu","exotic cakes","internal","ea","180.00","0.00","True"
"CEX-TIS-EAC","14022.0","tirumisu slice","exotic cakes","internal","ea","33.00","0.00","True"
"CEX-TRE-EAC","","Truffles Eggless 6s","exotic cakes","internal","ea","0.00","0.00","True"
"CEX-TRF-EAC","14062.0","Truffles (1)s","exotic cakes","internal","ea","0.00","0.00","True"
"CEX-TRO-EAC","14023.0","Tirumisu round","exotic cakes","internal","ea","180.00","0.00","True"
"CEX-TRU-EAC","14061.0","Truffles (6s)","exotic cakes","internal","ea","0.00","0.00","True"
"CEX-VAC-EAC","14039.0","Vanilla Cheese Cake Cup","exotic cakes","internal","ea","0.00","0.00","True"
"CEX-VGB-EACH","","Vegan Chocolate Brownie","exotic cakes","internal","ea","0.00","0.00","True"
"CEZ-MIL-16","","BD Milky Bar 16''","exotic cakes","internal","ea","1,200.00","0.00","True"
"CFA-FAC-014","","BD 14'' Freshcream Alphabet Cake","novelty","internal","ea","630.00","0.00","True"
"CFA-FAE-016","","BD 16'' Eggless Freshcream Alphabet Cake","novelty","internal","ea","800.00","0.00","True"
"CFC-BET-EAC","12022.0","Belgica Tart","freshcream cake","internal","ea","80.00","0.00","False"
"CFC-BTL-EAC","12023.0","Belgica Tartlet","freshcream cake","internal","ea","35.00","0.00","False"
"CFC-CBS-EAC","12009.0","FC Black Forest Slice","freshcream cake","internal","ea","25.00","0.00","False"
"CFC-CCC-EAC","30866.0","Carrot Cake With Cream Cheese","freshcream cake","internal","ea","85.00","0.00","False"
"CFC-CCD-EAC","12035.0","Custard Doughnut","freshcream cakes","internal","ea","20.00","0.00","False"
"CFC-CCT-15CM","","Gluten Free Carrot Cake Tub 15cm","exotic","internal","ea","22","0.00","True"
"CFC-CFD-EAC","15049.0","FC Choc Drip Gateaux","freshcream cake","internal","ea","200.00","0.00","False"
"CFC-CFE-EACH","","Christmas Freshcream Eggless Gateaux","freshcream cake","internal","ea","170.00","0.00","False"
"CFC-CUD-EAC","12024.0","Custard Danish","freshcream cake","internal","ea","28.00","0.00","False"
"CFC-CUS-EAC","12025.0","Custard Slice","freshcream cake ","internal","ea","28.00","0.00","False"
"CFC-EF1-1M","","BD 1M X500 FC Eggless","freshcream 1mx 500","internal","ea","3,500.00","0.00","False"
"CFC-EMT-EACH","","Eggless Milk Tartlet","freshcream cake","internal","ea","28.00","0.00","False"
"CFC-FBF-EAC","12004.0","FC Black Forest Gateaux","freshcream cake","internal","ea","290.00","0.00","False"
"CFC-FBG-EAC","12002.0","FC Birthday Gateaux","freshcream cake","internal","ea","130.00","0.00","False"
"CFC-FCD-EAC","12015.0","Fresh Cream Doughnut","freshcream cake","internal","ea","20.00","0.00","False"
"CFC-FCE-EAC","12027.0","FC Eclair Chocolate","freshcream cakes","internal","ea","25.00","0.00","False"
"CFC-FCG-EAC","12006.0","FC Chocolate Gateaux","freshcream cake","internal","ea","140.00","0.00","False"
"CFC-FCJ-EAC","12037.0","Christmas Freshcream Choc Gateaux","freshcream cake","internal","ea","180.00","0.00","False"
"CFC-FCL-EAC","12010.0","FC Fresh Cream Slice","freshcream cake","internal","ea","25.00","0.00","False"
"CFC-FCM-EAC","12012.0","FC Lamington Chocolate","freshcream cake","internal","ea","25.00","0.00","False"
"CFC-FCP-EAC","12030.0","FC Caramel Sponge","exotic cakes","internal","ea","80.00","0.00","True"
"CFC-FCR-EAC","12026.0","FC Croissant 80g","freshcream cake","internal","ea","25.00","0.00","False"
"CFC-FCS-EAC","12014.0","FC Chocolate Swiss Roll","freshcream cake","internal","ea","95.00","0.00","False"
"CFC-FDD-EAC","8102.0","Cake Freshcream In Dome Eggless","freshcream cake","internal","ea","100.00","0.00","False"
"CFC-FDI-EAC","8101.0","Cake Buttercream In Dome Eggless","buttercream cake","internal","ea","80.00","0.00","False"
"CFC-FEB-EAC","30519.0","FC Eggless Birthday Gateaux","freshcream cake","internal","ea","180.00","0.00","False"
"CFC-FEG-EAC","12007.0","FC Eggless Vanilla Gateaux","freshcream cake","internal","ea","160.00","0.00","False"
"CFC-FES-EAC","30621.0","FC Eggless Slice","freshcream cake","internal","ea","26.00","0.00","False"
"CFC-FLM-EAC","","Choc Mini Lamington","buttercream cake","internal","ea","0.00","0.00","False"
"CFC-FMS-EAC","12011.0","FC Milky Bar Slice","exotic cakes","internal","ea","18.00","0.00","True"
"CFC-FOS-EAC","","Freshcream Oreo Slice","freshcream cake","internal","ea","32.00","0.00","False"
"CFC-FRL-EAC","12013.0","FC Lamington Raspberry","freshcream cake","internal","ea","25.00","0.00","False"
"CFC-FRM-EAC","","Mini Jam TurnOvers","buttercream cake","internal","ea","13.00","0.00","False"
"CFC-FRU-010","10079.0","BD Fruit Cake 10","fruit cake","internal","ea","950.00","0.00","False"
"CFC-FRU-012","10080.0","BDFruit Cake 12","fruit cake","internal","ea","1,000.00","0.00","False"
"CFC-FRU-014","10081.0","BD Fruit Cake 14","fruit cake","internal","ea","1,100.00","0.00","False"
"CFC-FRU-016","10082.0","BD Fruit Cake 16","fruit cake","internal","ea","1,150.00","0.00","False"
"CFC-FRU-EAU","","Fruit Cake Pieces Unwrapped","fruit cake","internal","ea","9.00","0.00","False"
"CFC-FRU-EAW","","Fruit Cake Pieces Wrapped","fruit cake","internal","ea","12.00","0.00","False"
"CFC-FSM-EAC","","Mini Freshcream Swissroll","freshcream cakes","internal","ea","20.00","0.00","False"
"CFC-FSS-EAC","12031.0","FC Strawberry Sponge","freshcream cake","internal","ea","100.00","0.00","False"
"CFC-MEG-EAC","12034.0","Mothers Day Eggless Freshcream Gateaux","freshcream cake","internal","ea","180.00","0.00","False"
"CFC-MFD-EAC","","Mini FC D/N","freshcream cake","internal","ea","14.00","0.00","False"
"CFC-MFE-EAC","","Mini Freshcream Eclairs","freshcream cakes","internal","ea","14.00","0.00","False"
"CFC-MFG-EAC","12033.0","Mothers Day FC Choc Gateaux with rose and leaves","freshcream cakes","internal","ea","160.00","0.00","False"
"CFC-MFL-EAC","","Mini CreamPuffs","buttercream cake","internal","ea","13.00","0.00","False"
"CFC-MMT-EAC","","Mini Milk Tart","freshcream cake","internal","ea","15.00","0.00","False"
"CFC-MTA-EAC","12028.0","Milk Tart Large","freshcream cake","internal","ea","55.00","0.00","False"
"CFC-MTL-EAC","12029.0","Milk Tartlet","freshcream cakes","internal","ea","24.00","0.00","False"
"CFC-NOB-EAC","12032.0","No Bake Cake","freshcream cake","internal","ea","24.00","61.20","False"
"CFC-SEF-EAC","30670.0","Eggless Small Freshcream Gateaux","freshcream cake","internal","ea","0.00","0.00","False"
"CFC-VVB-EAC","","Vegan Vanilla 4 Layer -Berry Garnish","exotic","internal","ea","0.00","0.00","True"
"CFR-CFR-012","30340.0","BD Round Fruitcake 12","fruit cake round","internal","ea","1,100.00","0.00","False"
"CFR-CFR-012","30340.0","BD Round Fruitcake 12","fruitcake round","internal","ea","1,100.00","0.00","False"
"CFR-CFR-014","30363.0","BD Round Fruitcake 14","fruit cak eround","internal","ea","1,200.00","0.00","False"
"CFR-CFR-016","30364.0","BD Round Fruitcake 16","fruit cake","internal","ea","1,300.00","0.00","False"
"CFR-CFR-016","30364.0","BD Round Fruitcake 16","fruit cake round","internal","ea","1,300.00","0.00","False"
"CFW-CAF-002","10100.0","BD WC Fruit 2 Layer","wedding cake","internal","ea","3,900.00","0.00","False"
"CFW-CAF-003","10101.0","BD WC Fruit 3 Layer","wedding cake","internal","ea","4,900.00","0.00","False"
"CFW-CAF-003","10101.0","BD WC Fruit 3 Layer","wedding cake","internal","ea","4,900.00","0.00","False"
"CFW-CKE-003","10099.0","BD Wedding Cake FC 10 12 14 Loose","wedding cake","internal","ea","0.00","0.00","False"
"CLE-BGS-EAC","","Betasan Gel Sanitizer Refills","consumables","external","ea","","140.00","True"
"CLE-MPP-EAC","","Monthly Pest Control","pest control","external","ea","","850.00","False"
"CLE-TPR-EAC","","Tad Paper Refil","consumables","external","ea","0.00","0.00","True"
"CLE-VIB-EAC","","Viper Boards","consumables","external","ea","","50.00","True"
"CNO-BC1-1X5","10083.0","BD Buttercream 1mx500","buttercream 1mx500","internal","ea","2,400.00","0.00","False"
"CNO-BC1-1X5","10083.0","BD Buttercream 1mx500","buttercream 1mx 500","internal","ea","2,400.00","0.00","False"
"CNO-BCB-016","10060.0","BD Buttercream 16 Bible","novelty","internal","ea","870.00","0.00","True"
"CNO-BCB-018","10065.0","BD Buttercream 18 Bible","novelty","internal","ea","920.00","0.00","True"
"CNO-BCB-020","10068.0","BD Buttercream 20 Bible","novelty","internal","ea","980.00","0.00","True"
"CNO-BCE-1X5","","BD Buttercream 1mx500 Eggless","buttercream cake 1mx500","internal","ea","3,100.00","0.00","False"
"CNO-BCH-016","10063.0","BD Buttercream 16 Heart","novelty","internal","ea","870.00","0.00","True"
"CNO-BCH-018","10067.0","BD Buttercream 18 Heart","novelty","internal","ea","920.00","0.00","True"
"CNO-BCH-020","10036.0","BD Buttercream 20 Heart","novelty","internal","ea","980.00","0.00","True"
"CNO-BCS-014","10059.0","BD Buttercream 14 Soccer","novelty","internal","ea","720.00","0.00","True"
"CNO-BCS-014","10059.0","BD Buttercream 14 Soccer","novelty","internal","ea","720.00","0.00","True"
"CNO-BCS-016","10064.0","BD Buttercream 16 Soccer","novelty","internal","ea","760.00","0.00","True"
"CNO-BNY-018","10085.0","BD Mould On SL 18","novelty","internal","ea","1,500.00","0.00","True"
"CNO-BNY-018","10085.0","BD Mould On SL 18","novelty","internal","ea","1,500.00","0.00","True"
"CNO-BUT-014","10057.0","BD Buttercream 14 Butterfly","novelty","internal","ea","950.00","0.00","True"
"CNO-BUT-016","10062.0","BD Buttercream 16 Butterfly","novelty","internal","ea","1,000.00","0.00","True"
"CNO-CAS-018","10087.0","BD Castle","novelty","internal","ea","1,700.00","0.00","True"
"CNO-DHB-020","10167.0","BD Buttercream 20 Double Heart With Base","novelty","internal","ea","1,400.00","0.00","True"
"CNO-DOLL-014","10058.0","BD Buttercream 14 Doll","novelty","internal","ea","870.00","0.00","True"
"CNO-DOLL-016","10061.0","BD Buttercream 16 Doll","novelty","internal","ea","920.00","0.00","True"
"CNO-DOLL-016","10061.0","BD Buttercream 16 Doll","novelty","internal","ea","920.00","0.00","True"
"CNO-FC1-1X5","10084.0","BD Freshcream 1mx500","freshcream 1mx 500","internal","ea","2,700.00","0.00","False"
"CNO-FCB-016","30469.0","BD 16 Freshcream BIBLE","novelty","internal","ea","920.00","0.00","True"
"CNO-FCB-016","30469.0","BD 16 Freshcream BIBLE","novelty","internal","ea","920.00","0.00","True"
"CNO-FCB-018","10071.0","BD Freshcream 18 Bible","novelty","internal","ea","970.00","0.00","True"
"CNO-FCB-018","10071.0","BD Freshcream 18 Bible","novelty","internal","ea","970.00","0.00","True"
"CNO-FCB-020","10073.0","BD Freshcream 20 Bible","novelty","internal","ea","1,050.00","0.00","True"
"CNO-FCE-1X5","","BD Freshcream 1m x 500 Eggless","freshcream cakes 1mx500 eggless","internal","ea","3,600.00","0.00","False"
"CNO-FCH-016","10070.0","BD Freshcream 16 Heart","novelty","internal","ea","920.00","0.00","True"
"CNO-FCH-016","10070.0","BD Freshcream 16 Heart","novelty","internal","ea","920.00","0.00","True"
"CNO-FCH-018","10072.0","BD Freshcream 18 Heart","novelty","internal","ea","970.00","0.00","True"
"CNO-FCH-020","10027.0","BD Freshcream 20 Heart","novelty","internal","ea","1,050.00","0.00","True"
"CNO-FCS-014","10069.0","BD Freshcream 14 Soccer","novelty","internal","ea","760.00","0.00","True"
"CNO-FCS-016","10074.0","BD Freshcream 16 Soccer","novelty","internal","ea","800.00","0.00","True"
"CNO-FSF-014","","BD FC With Strawberries & Fence","novelty","internal","ea","950","0.00","True"
"CNO-SPI-018","10086.0","BD Spiderman On SL 18","novelty","internal","ea","1,600.00","0.00","True"
"DRI- CZE-440","","Coke Zero 440ml can","drink","external","ea","18.00","6.41","False"
"DRI-AMA-EAC","","Clover Amasi 2kg","ingredient","external","kg","0.00","0.00","False"
"DRI-AME-250ML","","Americano Short","drink","internal","ea","25.00","0.00","False"
"DRI-AME-350ML","","Americano Tall","drink","internal","ea","30.00","0.00","False"
"DRI-APT-275","6001048003323.0","Appletiser 275ml NRB","drink","external","ea","0.00","0.00","False"
"DRI-APT-330","6001048004481.0","Appletiser 330ml CAN","drink","external","ea","20.00","10.67","False"
"DRI-BAA-500","90492853.0","Bonaqua 500ml","drink","external","ea","0.00","0.00","False"
"DRI-BAN-500","5449000117816.0","Bonaqua 500ml Naartjie","drink","external","ea","0.00","0.00","False"
"DRI-BLI-EAC","","Clover Bliss Double cream yogurt","ingredient","external","ea","15.00","29.57","False"
"DRI-BON-500ML","","Water Bonaqua Still 500ml","drink","external","ea","0.00","0.00","False"
"DRI-CAF-EAC","","Caramel Freezo","drink","internal","ea","35.00","0.00","False"
"DRI-CBB-1500","","Cappy Breakfast Blend 1.5litre","drink","external","ea","0.00","0.00","False"
"DRI-CBB-EAC","5449000256010.0","Cappy Breakfast Blend 330ml","drink","external","ea","20.00","11.29","False"
"DRI-CFR=EAC","","Coffee Freezo","drink","internal","ea","4040","0.00","False"
"DRI-CHA-350ML","","Chai Latte Short","drink","internal","ea","32.00","0.00","False"
"DRI-CHF-250ML","","Chocolate Freezo Short","drink","internal","ea","45.00","0.00","False"
"DRI-CHF-350ML","","Chocolate Freezo Tall","drink","internal","ea","50.00","0.00","False"
"DRI-CHF-EAC","","Chocolate Freezo","ingredient","external","kg","0.00","0.00","False"
"DRI-CHL-EACH","","Chai Latte Tall","drink","internal","ea","36.00","0.00","False"
"DRI-COC-125","5449000009746.0","Coca-Cola 1250ml","drink","external","ea","12.00","0.00","False"
"DRI-COC-1LT","5449000054227.0","Coca-Cola 1L","drink","external","ea","22.00","13.73","False"
"DRI-COC-2LT","5449000009067.0","Coca-Cola 2l","drink","external","ea","30.00","21.72","False"
"DRI-COC-300","2003.0","Coca-Cola 300ml Bottle","drink","external","ea","7.00","0.00","False"
"DRI-COC-330","5449000256805.0","Coca-Cola 300ml Can","drink","external","ea","15.00","8.98","False"
"DRI-COC-440","","Coca- Cola 500ml Can","drink","external","ea","0.00","0.00","False"
"DRI-COC-500","5449000664686.0","Coca-Cola 440ml Buddy","drink","external","ea","20.00","10.01","False"
"DRI-COL-1.5LT","5449000133335.0","Coca-Cola Zero 1.5ltr","drink","external","ea","20.00","10.39","False"
"DRI-COL-125","5449000140913.0","Coca-Cola Light 1250ml","drink","external","ea","12.00","9.67","False"
"DRI-COL-225","","Coke Light 2250ml","drink","external","ea","28.00","15.10","False"
"DRI-COL-2LT","5449000050229.0","Coca-Cola Light 2l","drink","external","ea","30.00","17.33","False"
"DRI-COL-2LT","5449000050229.0","Coca-Cola Light 2l","drink","external","ea","30.00","17.33","False"
"DRI-COL-300C","549000256805.0","Coke 300ml Can","drink","external","ea","13.00","0.00","False"
"DRI-COL-330","5449000050205.0","Coca-Cola Light 330ml Can","drink","external","ea","15.00","9.17","False"
"DRI-COL-500","5449000664709.0","Coca-Cola Light 500ml","drink","external","ea","18.00","10.01","False"
"DRI-COR-250ML","","Cortado Short","drink","internal","ea","35.00","0.00","False"
"DRI-COZ-2250","","Coke Zero 2250ml","drink","external","ea","28.00","0.00","False"
"DRI-COZ-2LT","5449000131843.0","Coca-Cola Zero 2l","drink","external","ea","30.00","17.34","False"
"DRI-COZ-2LT","5449000131843.0","Coca-Cola Zero 2l","drink","external","ea","30.00","17.34","False"
"DRI-COZ-330","5449000256898.0","Coca-Cola Zero 300ml Can","drink","external","ea","13.00","0.00","False"
"DRI-COZ-500","5449000131836.0","Coca-Cola Zero 500ml","ingredient","external","ea","18.00","10.01","False"
"DRI-CPP-EAC","5449000255792.0","Cappy Passion Peach","drink","external","ea","20.00","11.29","False"
"DRI-CRE-400ML","5449000265364.0","Cream Soda 400ml","drink","external","ea","0.00","0.00","False"
"DRI-CTP-330","5449000255693.0","Cappy Trop Punch 330ml","drink","external","ea","18.00","0.00","False"
"DRI-ESS-250ML","","Espresso Short","drink","internal","ea","22.00","0.00","False"
"DRI-ESS-350ML","","Espresso Tall","drink","internal","ea","26.00","0.00","False"
"DRI-FAG-1LT","54490000252346.0","Fanta Grape","drink","external","ea","22.00","10.29","False"
"DRI-FAG-2LT","5449000010070.0","Fanta Grape 2l","drink","external","ea","30.00","18.03","False"
"DRI-FAG-300","2004.0","Fanta Grape 300ml Bottle","drink","external","ea","9.00","6.63","False"
"DRI-FAG-330","5449000257093.0","Fanta Grape 300ml CAN","drink","external","ea","13.00","6.41","False"
"DRI-FAG-500","5449000664723.0","Fanta Grape 440ml Buddy","drink","external","ea","20.00","8.83","False"
"DRI-FAN-300C","","Fanta Orange 300ml Can","drink","external","ea","0.00","0.00","False"
"DRI-FAN-440","5449000257130.0","Fanta Orange 400ml can","drink","external","ea","0.00","0.00","False"
"DRI-FAO-2LT","5449000010049.0","Fanta Orange 2l","drink","external","ea","30.00","19.48","False"
"DRI-FAO-300","2008.0","Fanta Orange 300ml Bottle","drink","external","ea","7.00","0.00","False"
"DRI-FAO-330","5449000257000.0","Fanta Orange 300ml Can","drink","external","ea","15.00","9.17","False"
"DRI-FAO-500","5449000664754.0","Fanta Orange 440ml Buddy","drink","external","ea","20.00","10.01","False"
"DRI-FAP-2LT","5449000003768.0","Fanta Pineapple 2l","drink","external","ea","30.00","18.75","False"
"DRI-FAP-2LT","5449000003768.0","Fanta Pineapple 2l","drink","external","ea","30.00","18.75","False"
"DRI-FAP-300","2007.0","Fanta Pine 300ml Bottle","drink","external","ea","9.00","0.00","False"
"DRI-FAP-330","5449000003201.0","Fanta Pineapple 330ml Can","drink","external","ea","15.00","0.00","False"
"DRI-FAP-500","5449000664747.0","Fanta Pineapple 440ml Buddy","drink","external","ea","20.00","9.29","False"
"DRI-FAS-125","","Fanta 1 litre","drink","external","ea","22.00","10.94","False"
"DRI-FLW-250ML","","Flat White Short","drink","internal","ea","30.00","0.00","False"
"DRI-FLW-350ML","","Flat White Tall","drink","internal","ea","35.00","0.00","False"
"DRI-FOC-500ML","5449000050809.0","Fanta Orange Can 500ml","drink","external","ea","18.00","9.17","False"
"DRI-FRT-250ML","","Five Roses Tea Short","drink","internal","ea","25.00","0.00","False"
"DRI-FRT-350ML","","Five Roses Tea Tall","drink","internal","ea","28.00","0.00","False"
"DRI-FWT-400ML","5449000316332.0","Fanta What The Flavour 400ml Buddy","drink","external","ea","14.50","8.58","False"
"DRI-GRA-275","6001048003385.0","Grapetiser 275ml NRB","drink","external","ea","0.00","0.00","False"
"DRI-GRA-330","6001048004511.0","Grapetiser 330ml Can","drink","external","ea","20.00","10.67","False"
"DRI-GRW-330","6001048003897.0","Grapetiser Wht 330ml Can","drink","external","ea","20.00","0.00","False"
"DRI-HAF-EAC","","Hazelnut Freezo","drink","internal","ea","35.00","0.00","False"
"DRI-HOC-250ML","","Hot Chocolate Short","drink","internal","ea","38.00","0.00","False"
"DRI-HOC-350ML","","Hot Chocolate Tall","drink","internal","ea","45.00","0.00","False"
"DRI-HWT-EAC","","Tall White Hot Chocolate","drink","internal","ea","34.00","0.00","False"
"DRI-IAM-EAC","","Iced Americano","drink","internal","ea","30.00","0.00","False"
"DRI-IBR-125","","Iron Brew1.25ml","drink","external","ea","12.00","0.00","False"
"DRI-ICC-250ML","","Iced Cappuccino Short","drink","internal","ea","32.00","0.00","False"
"DRI-ICC-350ML","","Iced Cappuccino Tall","drink","internal","ea","38.00","0.00","False"
"DRI-ICF-250ML","","Iced Coffee Freezo Short","drink","internal","ea","40.00","0.00","False"
"DRI-ICF-350ML","","Iced Coffee Freezo Tall","drink","internal","ea","45.00","0.00","False"
"DRI-ICF-KGR","","Instabean Coffee Freezo","drink","internal","ea","0.00","0.00","False"
"DRI-ICL-250ML","","Iced Chai Latte Short","drink","internal","ea","40.00","0.00","False"
"DRI-ICL-350ML","","Iced Chai Latte Tall","drink","internal","ea","45.00","0.00","False"
"DRI-ILA-EAC","","Iced Latte","drink","internal","ea","30.00","0.00","False"
"DRI-IMO-EAC","","Iced Mocha","platter","internal","ea","30.00","0.00","True"
"DRI-IRO-2LT","6001134297308.0","Iron Brew 2l","drink","external","ea","30.00","0.00","False"
"DRI-IRO-2LT","6001134297308.0","Iron Brew 2l","drink","external","ea","30.00","0.00","False"
"DRI-IRO-300","2009.0","Iron Brew 300ml","drink","external","ea","15.00","0.00","False"
"DRI-IRO-330","5449000106261.0","Iron Brew 330ml Can","drink","external","ea","15.00","0.00","False"
"DRI-IWM-EAC","","Iced White Mocha","drink","internal","ea","30.00","0.00","False"
"DRI-KAPP-500ML","6001299049668.0","Clover Krush 100% Apple","juice","external","ea","25.00","16.52","False"
"DRI-KFF-500ML","6001299045813.0","Clover Krush 6 Fruit £ Fibre","juice","external","ea","25.00","17.39","False"
"DRI-KOR-500ML","6001299010101.0","Clover Krush 100% Orange","juice","external","ea","25.00","17.39","False"
"DRI-LAT-350ML","","Latte Tall","drink","internal","ea","30.00","0.00","False"
"DRI-LATT-250ML","","Latte Short","drink","internal","ea","32.00","0.00","False"
"DRI-MAC-250ML","","Macchiato Short","drink","internal","ea","26.00","0.00","False"
"DRI-MAC-350ML","","Macchiato Tall","drink","internal","ea","30.00","0.00","False"
"DRI-MBO-EAC","","OD Bombay Crush","drink","internal","ea","45.00","0.00","False"
"DRI-MBU-EAC","","OD Bubblegum Milkshake","drink","internal","ea","40.00","0.00","False"
"DRI-MCH-EAC","","OD Chocolate Milkshake","drink","internal","ea","40.00","0.00","False"
"DRI-MCO-EAC","","OD Coffee Milkshake","drink","internal","ea","40.00","0.00","False"
"DRI-MEN-500","5060166698874.0","Monster Engery 500ml","drink","external","ea","25.00","15.70","False"
"DRI-MLI-EAC","","OD Lime Milkshake","drink","internal","ea","40.00","0.00","False"
"DRI-MML-500","5060517888299.0","Monster Mucho Logo 500ml","drink","external","ea","25.00","15.70","False"
"DRI-MOC-250ML","","Mocha Short","drink","internal","ea","40.00","0.00","False"
"DRI-MOC-350ML","","Mocha Tall","drink","internal","ea","45.00","0.00","False"
"DRI-MOF-250ML","","Mocha Freezo Short","drink","internal","ea","50.00","0.00","False"
"DRI-MOF-350ML","","Mocha Freezo Tall","drink","internal","ea","55.00","0.00","False"
"DRI-MON-330","5060517888664.0","Monster Original","drink","external","ea","25.00","15.70","False"
"DRI-MON-EAC","5060337509411.0","Monster","drink","external","ea","0.00","0.00","False"
"DRI-MSC-EAC","","OD Salted Caramel Milkshake","drink","internal","ea","40.00","0.00","False"
"DRI-MSC-KGR","","Malora Spicey Chai Latte","drink","internal","ea","0.00","0.00","False"
"DRI-MST-EAC","","OD Strawberry Milkshake","drink","internal","ea","40.00","0.00","False"
"DRI-MVA-EAC","","OD Vanilla Milkshake","drink","internal","ea","40.00","0.00","False"
"DRI-OBS-EAC","","OD Berry Smoothie","drink","internal","ea","65.00","0.00","False"
"DRI-OMS-EAC","","OD Mango Smoothie","drink","internal","ea","65.00","0.00","False"
"DRI-OOM-EAC","","OD Oreo Milkshake","drink","internal","ea","45.00","0.00","False"
"DRI-OSP-EAC","","OD Peanut Butter Smoothie","drink","internal","ea","65.00","0.00","False"
"DRI-PBB-EAC","54490482.0","Powerade Blueberry 500ml","drink","external","ea","20.00","11.44","False"
"DRI-PGE-500","5060517888848.0","Predator Gold Energy Drink 500ml","drink","external","ea","20.00","6.80","False"
"DRI-PJI-EAC","90492488.0","Powerade Jagged Ice","drink","external","ea","20.00","11.44","False"
"DRI-PNA-500ML","90492501.0","Powerade Naartjie","drink","external","ea","20.00","10.64","False"
"DRI-PPL-EAC","","Powerplay","drink","external","ea","20.00","0.00","False"
"DRI-REB-EAC","9002490100070.0","Red Bull 250ml","drink","external","ea","25.00","13.04","False"
"DRI-REC-350ML","","Red Cappuccino","drink","external","ea","40.00","0.00","False"
"DRI-ROB-250ML","","Rooibos Tea Short","drink","internal","ea","18.00","0.00","False"
"DRI-RSF-EAC","9002490200220.0","Red Bull Sugar Free","drink","external","ea","23.50","0.00","False"
"DRI-SCS-125","2017.0","Spar C/Soda 1250ml","drink","external","ea","12.00","0.00","False"
"DRI-SCS-2LT","6001134087305.0","Spar C\Soda 2lt","drink","external","ea","30.00","16.90","False"
"DRI-SCS-300","5449000257536.0","Spar C/Soda 300ml","drink","external","ea","15.00","9.67","False"
"DRI-SCS-330","5449000106322.0","Spar C/Soda 330ml Can","drink","external","ea","15.00","8.02","False"
"DRI-SCS-500","5449000664846.0","Spar Cream Soda 440ml Buddy","drink","external","ea","20.00","10.01","False"
"DRI-SIB-125","2011.0","Spar Iron Brew 1250ml","drink","external","ea","12.00","0.00","False"
"DRI-SPN-125","2012.0","Spar Pine Nut 1250ml","drink","external","ea","12.00","0.00","False"
"DRI-SPN-2LT","5449000117977.0","Spar Sparbry Pine Nut 2ltr","drink","external","ea","30.00","12.59","False"
"DRI-SPR-125","5449000234612.0","Sprite 1 litre","drink","external","ea","22.00","10.94","False"
"DRI-SPR-2LT","5449000234636.0","Sprite 2l","drink","external","ea","30.00","19.48","False"
"DRI-SPR-300","5449000257222.0","Sprite 300ml Can","drink","external","ea","15.00","8.29","False"
"DRI-SPR-330","5449000014535.0","Sprite 330ml Can","drink","external","ea","15.00","8.47","False"
"DRI-SPR-440","5449000257239.0","Sprite 400ml can","drink","external","ea","15.00","9.17","False"
"DRI-SPR-500","5449000234643.0","Sprite 440ml Buddy","drink","external","ea","20.00","10.01","False"
"DRI-SPZ-2LT","5449000104885.0","Sprite Zero 2l","drink","external","ea","30.00","0.00","False"
"DRI-SPZ-330","5449000106704.0","Sprite Zero 330ml Can","5rink","external","ea","15.00","0.00","False"
"DRI-SPZ-500","5449000109613.0","Sprite Zero 500ml","drink","external","ea","18.00","8.47","False"
"DRI-SRB-500","5449000664853.0","Sparletta Raspberry 440ml Buddy","drink","external","ea","20.00","10.01","False"
"DRI-SSB-125","6001134005507.0","Sparletta 1250ml","drink","external","ea","12.00","0.00","False"
"DRI-SSB-2LT","6001134687307.0","Spar Sparberry 2LTR","drink","external","ea","30.00","16.90","False"
"DRI-SSB-330","5449000257628.0","Spar Sparbry 300ml Can","drink","external","ea","13.00","9.67","False"
"DRI-SST-300","5449000257420.0","Spar Stoney 300ml","drink","external","ea","0.00","0.00","False"
"DRI-SST-330","5449000106421.0","Spar Stoney 330ml Can","drink","external","ea","15.00","7.28","False"
"DRI-STO-125","5449000064950.0","Stoney 1 litre","drink","external","ea","22.00","10.94","False"
"DRI-STO-2LT","6001134707302.0","Stoney Ginger Beer 2lt","drink","external","ea","30.00","19.48","False"
"DRI-STO-440","5449000257413.0","Stoney 400ml can","drink","external","ea","15.00","9.17","False"
"DRI-STO-500","5449000664808.0","Stoney -gingerbeer 440ml Buddy","drink","external","ea","20.00","10.01","False"
"DRI-STW-500","6009633490022.0","Water 500ml Still","drink","external","ea","0.00","0.00","False"
"DRI-STW-EAC","30607.0","Still Water","drink","external","ea","15.00","0.00","False"
"DRI-SWM-250ML","","Short White Mocha","drink","internal","ea","34.00","0.00","False"
"DRI-TGR-1.5L","5449000180889.0","Twist Grandilla 1.5ltr","drink","external","ea","15.00","10.09","False"
"DRI-TWG-125","6001133001104.0","Twist Gran 1250ml","drink","external","ea","0.00","0.00","False"
"DRI-TWG-2LT","5449000098580.0","Twist Gran 2l","drink","external","ea","30.00","12.59","False"
"DRI-TWG-2LT","5449000098580.0","Twist Gran 2l","drink","external","ea","30.00","12.59","False"
"DRI-TWG-300","2016.0","Twist Gran 300ml","drink","external","ea","15.00","0.00","False"
"DRI-TWG-330","5449000257567.0","Twist Gran 300ml Can","drink","external","ea","15.00","6.63","False"
"DRI-TWG-500","5449000664839.0","Twist Gran 440ml Buddy","drink","external","ea","20.00","9.29","False"
"DRI-TWL-1.5L","","Twist Lemon 1.5 Litre","drink","external","ea","0.00","0.00","False"
"DRI-TWL-125","6001134395509.0","Twist Lemon 1250ml","drink","external","ea","0.00","0.00","False"
"DRI-TWL-2LT","5449000060082.0","Twist Lemon 2l","drink","external","ea","30.00","12.59","False"
"DRI-TWL-330","5449000257505.0","Twist Lemon 300ml Can","drink","external","ea","15.00","8.29","False"
"DRI-TWL-500","40822747.0","Twist Lemon 500ml","drink","external","ea","18.00","9.29","False"
"DRI-TWM-350ML","","Tall White Mocha","drink","internal","ea","42.00","0.00","False"
"DRI-VAF-EAC","","Vanilla Freezo","drink","internal","ea","40","0.00","False"
"DRI-VAL-150","5449000107787.0","Water valpre still 1500ml","drink","external","ea","0.00","0.00","False"
"DRI-VAL-500","5449000107664.0","Water Valpre Still 500ml","drink","external","ea","0.00","0.00","False"
"DRI-WCF-EAC","","White Chocolate Freezo","drink","internal","ea","0.00","0.00","False"
"DRI-WHS-EAC","","Short White Hot Chocolate","drink","internal","ea","26.00","0.00","False"
"DRI-WTF-2LTR","5449000308146.0","Fanta What The Flavour 2litre","drink","external","ea","30.00","0.00","False"
"ICE-SMO-EAC","6001087357821.0","GLUTEN FREE LEMON FRIDGE CHEESECAKE TUB","exotic","internal","ea","0.00","0.00","True"
"ICE-SRP-EAC","6001087357814.0","GLUTEN FREE CHOCOLATE GANACHE TUB","exotic cakes","internal","ea","0.00","0.00","True"
"JUI- FNB-500ML","6001299024634.0","Juice Krush Fruit Nectar 500ml","juice","external","ea","25.00","0.00","False"
"JUI-DBY-EAC","","Dairy Bel Double Cream Yogurt 1kg","ingredient","external","kg","0.00","0.00","False"
"JUI-EBL-500","6001324254371.0","Energade 500ml Blueberry","drink","external","ea","20.00","8.33","False"
"JUI-EGR-500","6001324238098.0","Energade 500ml Grape","drink","external","ea","20.00","9.42","False"
"JUI-ELL-500","6001324217338.0","Energade 500ml Lemon & Lime","drink","external","ea","20.00","0.00","False"
"JUI-EMB-500","6001324299556.0","Energade 500ml Mixed Berry","drink","external","ea","20.00","8.33","False"
"JUI-ENA-500","6001324217253.0","Energade 500ml Naartjie","drink","external","ea","20.00","7.25","False"
"JUI-ENO-500","6001324217178.0","Energade 500ml Orange","drink","external","ea","20.00","0.00","False"
"JUI-ETR-500","6001324238173.0","Energade 500ml Tropical","drink","external","ea","20.00","8.33","False"
"JUI-KRM-500ML","6001299010118.0","Clover Krush 100% Mango","juice","external","ea","25.00","17.39","False"
"JUI-MAA-EAC","6009616048974.0","Maas 500g Low Fat","ingredient","external","ea","0.00","0.00","False"
"JUI-ORA-2LT","6001299043079.0","Juice 2l Orange Nectar","juice","external","ea","32.00","20.86","False"
"JUI-ORA-500","6001299007521.0","Juice 500ml Orange Nectar","juice","external","ea","16.00","11.30","False"
"JUI-PIN-1LT","6001299015793.0","Juice Tropika 1Litre","juice","external","ea","21.00","0.00","False"
"JUI-TRO-1.5L","6001299015724.0","Tropika 1.5lt pineapple","juice","external","ea","0.00","0.00","False"
"JUI-TRO-1.5Lt","6001299015687.0","Tropika 1.5lt Orange","juice","external","ea","0.00","0.00","False"
"JUI-TRO-1LT","6001299008054.0","Tropika 1l Orange","juice","external","ea","0.00","0.00","False"
"JUI-TRO-500","6001299007965.0","Tropika 500ml Orange","juice","external","ea","20.00","12.17","False"
"JUI-TRP-1LT","6001299008115.0","Tropika 1l Pineapple","juice","external","ea","0.00","0.00","False"
"JUI-TRP-250","6001299008092.0","Tropika 250ml Pineapple","juice","external","ea","0.00","0.00","False"
"JUI-TRP-500","6001299007972.0","Tropika 500ml Pineapple","juice","external","ea","20.00","12.17","False"
"MIL-ALM-EAC","","Almond Milk","ingredient","external","lt","10.00","0.00","False"
"MIL-CON-EAC","","Clover Condensed Milk 385g","ingredient","external","kg","0.00","0.00","False"
"MIL-MFC-1LT","6001299025402.0","Milk 1l Full Cream","ingredient","external","ea","30.00","19.00","False"
"MIL-MFC-250","6001299025419.0","Milk 250ml Full Cream","ingredients","external","ea","18.00","9.50","False"
"MIL-MFC-2LT","","Milk 2ltr Full Cream","ingredient","external","lt","0.00","0.00","False"
"MIL-MFC-500","6001299025440.0","Milk 500ml Full Cream","miscellaneous","external","ea","16.00","11.71","False"
"MIL-OAT-EAC","","Oat Milk","ingredient","external","lt","10.00","0.00","False"
"MIL-SMB-EAC","6001299044540.0","Super M 300ml Banana","drink","external","ea","18.00","11.30","False"
"MIL-SMC-EAC","6001299044601.0","Super M 300ml Chocolate","drink","external","ea","18.00","11.30","False"
"MIL-SMO-EAC","6001299044663.0","Super M 300ml Cream Soda","drink","external","ea","18.00","11.30","False"
"MIL-SMS-EAC","6001299044519.0","Super M 300ml Strawberry","drink","external","ea","18.00","11.30","False"
"MIL-SOY-EAC","","Soy Milk","ingredient","external","ea","10.00","0.00","False"
"MIS - CCB-12","","Colour Cream - 12''","miscellaneous","internal","ea","80.00","0.00","False"
"MIS - SCB-KGR","","Solid Colour Buttercream","miscellaneous","internal","ea","100","0.00","False"
"MIS- CCB-14","","Colour Cream - 14''","miscellenous","internal","ea","80.00","0.00","False"
"MIS- FIT-EAC","","Happy Anniversary Cake Topper","miscellaneous","external","ea","100.00","52.17","False"
"MIS- FON-EAC","","Fondant Writing","miscellenous","internal","ea","150.00","0.00","False"
"MIS-ACC-EAC","","Plastic Icing Baby Accessory Set","miscellaneous","external","ea","60.00","0.00","False"
"MIS-AES-EACH","","Additional Espresso Shot","miscellenous","internal","ea","10","0.00","False"
"MIS-API-EAC","30421.0","Picture","ingredient","external","ea","90.00","0.00","False"
"MIS-BAB-EAC","","Plastic icing Baby with blanket","miscellaneous","internal","ea","40.00","0.00","False"
"MIS-BGM-EAC","30540.0","Bride & Groom Meduim","miscellaneous","external","ea","80.00","0.00","False"
"MIS-BGS-EAC","30541.0","Bride & Groom Small","miscellenous","external","ea","60.00","0.00","False"
"MIS-BLI-EAC","","Braai Lighter","consumables","external","ea","0.00","0.00","True"
"MIS-BMV-EAC","8100.0","Mvutu Bar One","miscellenous","internal","ea","9.00","0.00","False"
"MIS-BOO-EAC","","Plastic icing Booties","miscellenous","internal","ea","60.00","0.00","False"
"MIS-BRP-EAC","","Big Roses With Polysterene","miscellaneous","internal","ea","0.00","0.00","False"
"MIS-CAN-EAC","30516.0","Cancellation","miscellaneous","internal","ea","30.00","0.00","False"
"MIS-CAT-EAC","","Cake Toppers Acyrlic","miscellenous","external","ea","120","52.17","False"
"MIS-CBC-BDC","","Chocolate Buttercream -Birthday Cake","miscellaneous","internal","ea","30.00","0.00","False"
"MIS-CCB-16","","Colour Cream - 16''","miscellenous","internal","ea","120.00","0.00","False"
"MIS-CCB-18","","Colour Cream - 18''","miscellenous","internal","ea","120.00","0.00","False"
"MIS-CCB-20","","Colour Cream - 20''","miscellenous","internal","ea","180.00","0.00","False"
"MIS-CCB-22","","Colour Cream - 22''","miscellaneous","internal","ea","180.00","0.00","False"
"MIS-CGR-EAC","","Custom Google Review Sign","consumables","external","ea","0.00","0.00","True"
"MIS-CHA-EAC","","Service Charge for Changes","miscellaneous","internal","ea","20.00","0.00","False"
"MIS-CHT-EAC","","Figure Cake Topper","miscellenous","external","ea","100.00","0.00","False"
"MIS-CHW-EAC","30523.0","Choc Writing","miscellaneous","internal","ea","20.00","0.00","False"
"MIS-CRS-EAC","","C20 Red Stamp","consumables","external","ea","","0.00","True"
"MIS-CSA-(6S)","","Candle Assorted Sparkle (6s)","candle","external","ea","100.00","0.00","True"
"MIS-CSG-(6s)","","Candle Sparkle Gold (6s)","candle","external","ea","100.00","0.00","True"
"MIS-CUP-EAC","8016.0","Foam Cups 250ml","miscellaneous","external","ea","1.00","0.30","False"
"MIS-CWR-EAC","","Customised Writing","miscellaneous","internal","ea","10.00","0.00","False"
"MIS-DAO-EAC","","Day Old Cakes","miscellenous","internal","ea","8.00","0.00","False"
"MIS-DBC-012","23002.0","Dbl Choc 12","miscellaneous","internal","ea","20.00","0.00","False"
"MIS-DBC-014","24002.0","Dbl Choc 14","miscellaneous","internal","ea","20.00","0.00","False"
"MIS-DBC-016","25002.0","Dbl Choc 16","miscellaneous","internal","ea","20.00","0.00","False"
"MIS-DBC-018","26002.0","Dbl Choc 18","miscellaneous","internal","ea","25.00","0.00","False"
"MIS-DBC-020","27002.0","Dbl Choc 20","miscellaneous","internal","ea","25.00","0.00","False"
"MIS-DBC-022","28002.0","Dbl Choc 22","miscellaneous","internal","ea","25.00","0.00","False"
"MIS-DBV-012","23001.0","Dbl Vanilla 12","miscellaneous","internal","ea","0.00","0.00","False"
"MIS-DBV-014","24001.0","Dbl Vanilla 14","miscellaneous","internal","ea","0.00","0.00","False"
"MIS-DBV-016","25001.0","Dbl Vanilla 16","miscellaneous","internal","ea","0.00","0.00","False"
"MIS-DBV-018","26001.0","Dbl Vanilla 18","miscellaneous","internal","ea","0.00","0.00","False"
"MIS-DBV-020","27001.0","Dbl Vanilla 20","miscellenous","internal","ea","0.00","0.00","False"
"MIS-DBV-022","28001.0","Dbl Vanilla 22","miscellaneous","internal","ea","0.00","0.00","False"
"MIS-DEL-EAC","","Delivery","miscellaneous","internal","ea","","30.43","False"
"MIS-DMV-EACH","8099.0","Mvutu Donut 4s","miscellaneous","internal","ea","6.00","0.00","False"
"MIS-DOR-EAC","30856.0","Oven Delights Flags","consumables","internal","ea","15.00","800.00","True"
"MIS-DOS-EAC","8202.0","Day Old Scones","miscellaneous","internal","ea","17.00","0.00","False"
"MIS-EPO-EAC","30422.0","Edible Picture Only","miscellaneous","external","ea","200.00","0.00","False"
"MIS-FAK-EAC","","First Aid Kit","consumables","external","ea","0.00","0.00","True"
"MIS-FCB-EAC","","Balloons -Foil Character","miscellenous","external","ea","50.00","0.00","False"
"MIS-FFL-EAC","","Fresh Flowers Each","miscellenous","external","ea","30.00","0.00","False"
"MIS-FGB-EAC","","Balloons-Foil General","miscellaneous","external","ea","50.00","0.00","False"
"MIS-FMG-EAC","","Balloons- Foil Number Gold","miscellenous","external","ea","100.00","0.00","False"
"MIS-FNG-EAC","","Balloons- Foil Number Rose Gold","miscellenous","external","ea","100.00","0.00","False"
"MIS-FNR-EAC","","Balloons-Foil Number Rainbow Splash","miscellenous","external","ea","100.00","0.00","False"
"MIS-FNS-EAC","","Balloons- Foil Number Silver","miscellaneous","external","ea","100.00","0.00","False"
"MIS-FNW-EAC","","Balloons-Foil Number White Gold","packaging","external","ea","100.00","0.00","False"
"MIS-FWO-EACH","","Fondant Wording","miscellenous","external","ea","150.00","0.00","False"
"MIS-GBE-EAC","8017.0","Gold Beads","miscellaneous","external","ea","10.00","0.00","False"
"MIS-GWR-EAC","30521.0","Gold Writing","miscellaneous","external","ea","20.00","0.00","False"
"MIS-HBT-EAC","","Happy Birthday Cake Topper","miscellaneous","external","ea","100.00","52.17","False"
"MIS-HEL-5LTR","","Heluim Small Cylinder","consumables","external","ea","","0.00","True"
"MIS-HEL-LAR","","Heluim Large","miscellaneous","external","ea","100.00","24.35","False"
"MIS-HEL-SML","","Heluim Small","miscellenous","external","ea","50.00","14.78","False"
"MIS-LEA-EAC","8018.0","Leaves","miscellaneous","external","ea","3.00","0.00","False"
"MIS-MAT-EAC","60069795.0","Matches","consumables","external","ea","1.00","34.00","True"
"MIS-MGR-EAC","8035.0","Rib Metallic Gold","miscellaneous","external","ea","20.00","0.00","False"
"MIS-MSR-EAC","8036.0","Rib Metallic Silver","miscellaneous","external","ea","20.00","0.00","False"
"MIS-MVU-EAC","8032.0","Mvutu","miscellaneous","external","ea","6.00","0.00","False"
"MIS-NOV-EAC","30524.0","Novelities Sets","miscellaneous","external","ea","120.00","0.00","False"
"MIS-OOH-EACH","","Overheads","consumables","external","ea","","0.00","True"
"MIS-PAN-EAC","60094391.0","Panado","consumables","external","ea","0.00","0.00","True"
"MIS-PLA-EAC","8019.0","Plasters","consumables","external","ea","0.80","0.00","True"
"MIS-PLD-EAC","","Platter Dip 70ml","miscellenous","external","ea","0.00","0.00","False"
"MIS-RAS-EACH","","Rakhi String","miscellenous","external","ea","30.00","20.00","False"
"MIS-RIP-EAC","10299.0","Ribbon Picture","ingredient","external","ea","150","0.00","False"
"MIS-RMV-EAC","8033.0","Mvutu Rainbow","miscellaneous","external","ea","5.00","0.00","False"
"MIS-ROS-EAC","8020.0","Roses","miscellaneous","external","ea","12.00","0.00","False"
"MIS-RSS-EAC","","Roses Small New Assorted Colours","miscellenous","external","ea","12.00","0.00","False"
"MIS-SBE-EAC","8030.0","Silver Beads","miscellaneous","external","ea","10.00","0.00","False"
"MIS-SCB-EAC","","Balloons- Stick Character","miscellenous","external","ea","50.00","0.00","False"
"MIS-SDC-EAC","30515.0","Same Day Charge","miscellaneous","external","ea","30.00","0.00","False"
"MIS-SFB-EAC","","Sign Happy Birthday Gold Foil","miscellaneous","external","ea","8.00","0.00","False"
"MIS-SGA-EAC","8026.0","Sign H.A. Gold","miscellaneous","external","ea","10.00","0.00","False"
"MIS-SGB-EAC","8028.0","Sign H.B. Gold","miscellaneous","external","ea","10.00","0.00","False"
"MIS-STG-EAC","","Balloons-Stick General","miscellaneous","external","ea","50.00","0.00","False"
"MIS-STR-EAC","","Strawberry","miscellaneous","external","ea","0.00","0.00","False"
"MIS-SWR-EAC","30522.0","Silver Writing","miscellaneous","external","ea","15.00","0.00","False"
"MIS-TOO-EAC","","Toothpicks 1000s","miscellaneous","external","ea","0.00","0.00","False"
"MIS-WHC-EAC","","Additional Whipped Cream","miscellaneous","external","ea","7.00 ","0.00","False"
"MIS-XSR-EAC","","Xmas Sticker Scroll English","miscellaneous","external","ea","","0.00","False"
"M-KOK-KGR","30106.0","Kokomix Pettina","ingredient","external","kg","0.00","0.00","False"
"PAC- BTL-EACH","","Bag Brown Thrifty Paper Bag Large","packaging","external","ea","","2.40","False"
"PAC- CUC-350ML","","Cup Clear 350ML","packaging","external","ea","","0.00","False"
"PAC -F3D-EAC","","F3 Double Wall Pie box","packaging","external","ea","","0.00","False"
"PAC- HAB-EAC","","Hamburger Base Black F60","packaging","external","ea","","0.24","False"
"PAC- LIC- 350ML","","Lids Clear 350ML","packaging","external","ea","","0.00","False"
"PAC- MIN-EAC","","Cup Cake Boxes With Inserts","packaging","external","ea","","0.00","False"
"PAC- NAB-EAC","","Name Badges","consumables","external","ea","","20.00","True"
"PAC- SDL-EAC","","Square Desert Lid","packaging","external","ea","","1.02","False"
"PAC-083-EAC","","83X54X300 30mic","packaging","external","ea","","0.35","False"
"PAC-12X-EAC","30254.0","12x12x6","packaging","external","ea","","12.86","False"
"PAC-14X-EAC","30255.0","14X14X6","packaging","external","ea","","13.35","False"
"PAC-16X-EAC","30256.0","16x16x6","packaging","external","ea","","15.79","False"
"PAC-18H-EAC","30257.0","18X18X5 High","packaging","external","ea","","14.44","False"
"PAC-18X-EAC","30258.0","18X18X6","packaging","external","ea","","19.27","False"
"PAC-196-EAC","30267.0","196T swissroll folder","packaging","external","ea","","1.85","False"
"PAC-200-EAC","30291.0","Foil Container 100 (200IL)","packaging","external","ea","","0.32","False"
"PAC-20H-EAC","30266.0","20X20X5 High","packaging","external","ea","","0.00","False"
"PAC-20X-EAC","30259.0","20X20X6","packaging","external","ea","","28.57","False"
"PAC-214-EAC","","214 Gateaux Dome","packaging","external","ea","","3.02","False"
"PAC-215-EAC","30706.0","215 Gateaux Base","packaging","external","ea","","1.61","False"
"PAC-225-EAC","30804.0","225X270X30MIC Scone bag medium","packaging","external","ea","","0.27","False"
"PAC-260-EAC","30806.0","260*450*25mic","packaging","external","ea","","0.22","False"
"PAC-300-EAC","30292.0","Foil Container 100 (3001P)","packaging","external","ea","","1.27","False"
"PAC-310-EAC","30808.0","310*450*30mic","packaging","external","ea","","0.53","False"
"PAC-315-EAC","30268.0","315 bar one dome","packaging","external","ea","","3.30","False"
"PAC-317-EAC","30269.0","317 bar one base","packaging","external","ea","","2.00","False"
"PAC-400-EAC","30807.0","250*400*40mic Rolls large","packaging","external","ea","","0.48","False"
"PAC-405-EAC","30287.0","4051 foil container","packaging","external","ea","","1.12","False"
"PAC-419-EAC","30692.0","4191 Foil Container","packaging","external","ea","","0.00","False"
"PAC-450-EAC","30805.0","250*450*30mic Naan exlarge","packaging","external","ea","","0.40","False"
"PAC-552-EAC","30801.0","5*5*2.5","packaging","external","ea","","1.34","False"
"PAC-572-EAC","30737.0","5*5*2.5","packaging","external","ea","","1.52","False"
"PAC-573-EAC","30827.0","5*7*3","packaging","external","ea","","1.67","False"
"PAC-73D-EAC","30725.0","No 73D Foam Tray","packaging","external","ea","","0.35","False"
"PAC-773-EAC","30800.0","7*7*3 Diwali Boxes","packaging","external","ea","","2.63","False"
"PAC-835-EAC","30303.0","Bag 1000 83*54*300mm","packaging","external","ea","","0.00","False"
"PAC-882-EAC","","8X8X2","packaging","external","ea","","2.15","False"
"PAC-884-EAC","30486.0","8X8X4","packaging","external","ea","","3.60","False"
"PAC-A34-EAC","30587.0","A34 Round Cake Dome","packaging","external","ea","","1.80","False"
"PAC-A35-EAC","30588.0","A35 Round Cake Base","packaging","external","ea","","1.05","False"
"PAC-B75-EAC","","K75 Base","packaging","external","ea","","2.02","False"
"PAC-BAG-EAC","6009681740704.0","Bags 1000 White Midi","packaging","external","ea","","0.74","False"
"PAC-BAG-JUM","6009681740705.0","Bags 1000 White Jumbo","packaging","external","ea","","0.86","False"
"PAC-BBC-EAC","","Bon Bon Biscuit Container","packaging","external","ea","","1.94","False"
"PAC-BBL-EAC","","Bon Bon Biscuit Lid","packaging","external","ea","","1.94","False"
"PAC-BEB-EAC","","Empty Bandini Box","packaging","external","ea","","8.00","False"
"PAC-BOR-EAC","30308.0","Bag on Roll (30x45)","packaging","external","ea","","0.08","False"
"PAC-BPB-EAC","","Bag Brown Thrifty Paper Bag meduim","packaging","external","ea","","2.42","False"
"PAC-BRE-EAC","30533.0","Packaging New 76x91 Black Refuse","packaging","external","ea","","0.00","False"
"PAC-BUB-EAC","30311.0","bubble wrap","packaging","external","ea","0.00","0.00","False"
"PAC-CHO-EAC","30249.0","Oven Delight Cake Box Choc","packaging","external","ea","","3.32","False"
"PAC-CLE-EAC","30313.0","CLEAR BIN BAGS","packaging","external","ea","0.00","0.00","False"
"PAC-CON-EAC","","7119P Foil container","packaging","external","ea","","3.24","False"
"PAC-CUC-500ML","","Cup Clear 500ML","packaging","external","ea","","0.00","False"
"PAC-D75-EAC","","K75 Dome","packaging","external","ea","","1.45","False"
"PAC-DCW-EAC","","High Window Box For Drip cake","packaging","external","ea","","50.00","False"
"PAC-EPI-EAC","","Faze 3 Boxes Empty for Pies","packaging","external","ea","","20.90","False"
"PAC-F5B-EAC","","F50 High Cake Base","packaging","external","ea","","1.83","False"
"PAC-F5D-EAC","","F50 High Cake Dome","packaging","external","ea","","2.71","False"
"PAC-FLP-EAC","","Foil - Loaf Pan 4161P","packaging","external","ea","","2.25","False"
"PAC-FOI-EAC","30290.0","Foil Buns 4051D","packaging","external","ea","","1.40","False"
"PAC-GP2-EAC","30300.0","Bag GP 2","packaging","external","ea","","0.11","False"
"PAC-HAM-EAC","","Hamburger Dome F60","packaging","external","ea","","1.10","False"
"PAC-JBU-EAC","","Jumbo bag unprinted","packaging","external","ea","0.00","0.00","False"
"PAC-JUM-EAC","30567.0","Jumbo Econo White","packaging","external","ea","0.00","0.00","False"
"PAC-K96-EAC","30280.0","K 96 milk tart domes","packaging","external","ea","","2.18","False"
"PAC-LCB-EAC","","Laser Cut Box Only","packaging","external","ea","","0.00","False"
"PAC-LEV-EACH","","EPR LEVY","packaging","external","ea","","0.00","False"
"PAC-LIC-500ML","","Lid Clear 500ML","packaging","external","ea","","0.00","False"
"PAC-LID-EAC","","7119P Clear lids","packaging","external","ea","","2.07","False"
"PAC-LLB-EAC","","Large Log Base","packaging","external","ea","","1.59","False"
"PAC-LLD-EAC","","Large Log Dome","packaging","external","ea","","2.40","False"
"PAC-MAD-EAC","","Madeira Packaging Small B","packaging","external","ea","","0.00","False"
"PAC-MCC-350ML","","Milkshake Cup 350ml","packaging","external","ea","","1,280.00","False"
"PAC-MCL-350ML","","Milkshake Cup Lids 350ml","packaging","external","ea","","460.00","False"
"PAC-MFO-EAC","30282.0","Mince pie foil","packaging","external","ea","","0.26","False"
"PAC-MIN-EAC","30293.0","Foil Container Mince Pie Tray","packaging","external","ea","","0.19","False"
"PAC-MLA-EAC","","Mini Lamington trays","packaging","external","ea","0.00","0.00","False"
"PAC-NDI-EAC","","New Diwali Cake Boxes","packacing","external","ea","","0.00","False"
"PAC-P45-EAC","","P45 Round platter","packaging","external","ea","","10.33","False"
"PAC-PBH-EAC","","Platter base - half","packaging","external","ea","","3.50","False"
"PAC-PFB-EAC","","Platter foil base","packaging","external","ea","","11.00","False"
"PAC-PLD-EAC","","Platter Dome","packaging","external","ea","30.00","8.00","False"
"PAC-PLH-EAC","","Platter Lid -Half","packaging","external","ea","","3.00","False"
"PAC-PRD-EAC","","P45 platter dome","packaging","external","ea","","8.48","False"
"PAC-PTC-EAC","","Paper Tulip Cups giant cup cakes","packaging","external","ea","","0.81","False"
"PAC-REC-EAC","","Rectangle Pie Foil","packaging","external","ea","","0.55","False"
"PAC-REF-EAC","30492.0","Packaging Black Refuse","packaging","external","ea","","0.00","False"
"PAC-SDT-EAC","","Square Desert Tub","packaging","external","ea","","1.25","False"
"PAC-SLI-70ML","","Sauce Lids 70ml","packaging","external","ea","","0.22","False"
"PAC-SO6-EAC","30299.0","Bag Brown BB3","packaging","external","ea","","0.37","False"
"PAC-STL-EAC","","GLUTEN FREE COFFEE CAKE TUB","exotic cakes","internal","","0.00","0.00","True"
"PAC-STR-EAC","30250.0","Oven Delight Cake Box Strbery","packaging","external","ea","","2.87","False"
"PAC-STU-70ML","","Sauce Tub 70ml","packaging","external","ea","","0.35","False"
"PAC-SWI-EAC","30826.0","Swissroll Box","packaging","external","ea","","5.50","False"
"PAC-TAL-EAC","","GLUTEN FREE CHOC MOUSSE CAKE TUB","exotic cakes","internal","","45","25.00","True"
"PAC-VPC-EAC","","Vinyl Print Coffee Boards","consumables","external","ea","","0.00","True"
"PAC-VUT-EAC","30309.0","Bread Bags (Vutu) PPG","packaging","external","ea","0.00","0.00","False"
"PAC-WIN-EAC","","Windsor X-Small B","packaging","external","ea","","0.00","False"
"PAC-WRG-EAC","","Wrist Guard","consumables","external","ea","","0.74","True"
"PAC-ZIP-EACH","","Ziplock Bags","packaging","external","ea","","0.00","False"
"PIE -CSR-EAC","15002.0","OD Premium Chicken Tikka Sausage Roll","pie","external","ea","28.00","12.77","False"
"PIE- FSK-EAC","","Pie Steak & Kidney Foil","pie","external","ea","0.00","0.00","False"
"PIE-APP-KG","","Pie Apple","ingredient","external","ea","","74.90","False"
"PIE-BBP-EAC","","Pie - Burger Beef","pie","external","ea","0.00","0.00","False"
"PIE-BRC-EAC","","Pie - Burger Chicken Cheese / Sweet Chilli","pie","external","ea","0.00","0.00","False"
"PIE-CCG-EAC","15016.0","Pie Chicken Cheese Griller","pie","external","ea","0.00","0.00","False"
"PIE-CMS-EAC","","Pie Chicken and Mayo Slice","pie","external","ea","0.00","0.00","False"
"PIE-COD-EAC","15103.0","Pie OD Chicken & Mushroom","pie","internal","ea","30.00","13.50","False"
"PIE-CPP-EAC","15007.0","Pie Chicken Peri Peri","pie","external","ea","30.00","16.85","False"
"PIE-CRP-EAC","","Pie - Cornish Pastry","pie","external","ea","0.00","0.00","False"
"PIE-FCP-EAC","","Pie Chicken Peri Peri Foil","pie","external","ea","0.00","0.00","False"
"PIE-FVE-EAC","","Pie Vegetable Curry Foil","pie","external","ea","0.00","0.00","False"
"PIE-MCB-EAC","15011.0","Pie Mutton Curry Burger","pie","external","ea","0.00","0.00","False"
"PIE-MSR-EAC","15001.0","OD Premium Mutton Oriental Sausage Roll","pie","external","ea","28.00","7.80","False"
"PIE-ODM-EAC","15101.0","Pie OD Mutton Curry","pie","internal","ea","35.00","0.00","False"
"PIE-PPS-EAC","15009.0","Pie Pepper Steak","pie","internal","ea","30.00","16.85","False"
"PIE-PRS-EAC","15017.0","Pie Prime Steak","pie","external","ea","0.00","0.00","False"
"PIE-SAF-EAC","15005.0","Pie Spinach & Feta","pie","external","ea","30.00","14.95","False"
"PIE-SAK-EAC","15010.0","Pie Steak & Kidney","pie","external","ea","30.00","16.85","False"
"PIE-SRB-EACH","15105.0","Pie Sausage Roll( Beef)","pie","external","ea","30.00","16.85","False"
"PIE-VEG-EAC","15004.0","Pie OD Vegetable","pie","internal","ea","30.00","13.50","False"
"PLA- MIX-EAC","","Platter Mixy Delight","platter","internal","ea","650.00","0.00","True"
"PLA- PEM-EAC","","Platter Mini Pecan Nut Tarts 24s","platter","internal","ea","620.00","0.00","True"
"PLA -SCO-EAC","","Platter Scone Delight 18s","platter","internal","ea","400.00","0.00","True"
"PLA-CHE-EAC","","Platter Cheeky Delight","platter","internal","ea","650.00","0.00","True"
"PLA-CRM-EAC","","Platter Mini Cream Puffs 24s","platter","internal","ea","350.00","0.00","True"
"PLA-CRO-EAC","","Platter Croissant Delight 20s","platter","internal","ea","400.00","0.00","True"
"PLA-ECM-EAC","","Platter Mini Freshcream Eclairs","platter","internal","ea","380.00","0.00","True"
"PLA-FLM-EAC","","Platter Mini Flakey Bits 24s","platter","internal","ea","350.00","0.00","True"
"PLA-FRM-EAC","","Platter Mini Freshcream Donuts","platter","internal","ea","380.00","0.00","True"
"PLA-JAM-EAC","","Platter Mini Jam Turnovers 24s","platter","internal","ea","350.00","0.00","True"
"PLA-MBD-EAC","","Platter Mini Buttercream Donuts 24s","platter","internal","ea","320.00","0.00","True"
"PLA-MCD-EAC","","Platter Mini Chocolate Donut 24s","platter","internal","ea","350.00","0.00","True"
"PLA-MEA-EAC","","Platter Meaty Delight","platter","internal","ea","650.00","0.00","True"
"PLA-MIM-EAC","","Platter Mini Milk Tarts 24S","platter","internal","ea","400.00","0.00","True"
"PLA-MLP-EAC","","Platter Mini Lamingtons 24s","platter","internal","ea","350.00","0.00","True"
"PLA-MUFF- EAC","","Platter Muffin Delight 30s","platter","internal","ea","380.00","0.00","True"
"PLA-SMA-EAC","","Platter Snacky Delight","platter","internal","ea","650.00","0.00","True"
"PLA-SNM-EAC","","Platter Mini Snowballs 24s","platter","internal","ea","350.00","0.00","True"
"PLA-VEG-EAC","","Platter Veggy Delights","platter","internal","ea","600.00","0.00","True"
"REP-BRE-EAC","","Bread Slicer Blades","equipment","external","ea","45.00","0.00","True"
"SAV-CCS-EAC","","Crumbed Chicken Samoosa","savoury","internal","ea","12.00","0.00","True"
"SAV-CJF-EAC","","Frozen Cheese And Jalapeno","savoury","internal","ea","15.00","0.00","True"
"SAV-CJR-EAC","","Chicken & Jalapeno Rissoles","savoury","internal","ea","8.00","0.00","True"
"SAV-CSA-EAC","","Chicken Samoosa","savoury","internal","ea","8.00","0.00","True"
"SAV-FCM-EAC","","Frozen Chicken And Mushroom Pie","pie","internal","ea","0.00","0.00","False"
"SAV-FCR-EAC","","Frozen Chicken Sausage Rolls","savoury","internal","ea","15.00","0.00","True"
"SAV-FFI-EAC","","Frozen Fish Cake","savoury","internal","ea","15.00","0.00","True"
"SAV-FIS-EAC","","Fish Cake","savoury","internal","ea","8.00","0.00","True"
"SAV-FJC-EAC","","Frozen Chicken And Jalapeno","savoury","internal","ea","15.00","0.00","True"
"SAV-FKE-EAC","","Frozen Kebabs","savoury","internal","ea","15.00","0.00","True"
"SAV-FMV-EAC","","Frozen Mix Veg Pie","savoury","internal","ea","15.00","0.00","True"
"SAV-FPA-EACH","","Frozen Patha Wheel","savoury","internal","ea","15.00","0.00","True"
"SAV-LMS-EAC","","Lamb Mince Samoosa","savoury","internal","ea","8.00","0.00","True"
"SAV-PAP-EAC","","Puri & Patha (3s)","savoury","internal","ea","0.00","0.00","True"
"SAV-PAS-EAC","","Patha Samoosa","savoury","internal","ea","12.00","0.00","True"
"SAV-PUP-EAC","","Puri Plain","savoury","internal","ea","8.00","0.00","True"
"SAV-RCJ-EAC","","Cheese & Jalapeno Rissoles","savoury","internal","ea","8.00","0.00","True"
"SAV-RRC-EAC","","Roti Roll Chicken","savoury","internal","ea","25.00","0.00","True"
"SAV-RRP-EAC","","Roti Roll Potatoe","savoury","internal","ea","25.00","0.00","True"
"SAV-SAM-EAC","","Samoosa 3s","savoury","internal","ea","20.00","0.00","True"
"SAV-SCC-EAC","","Cheese And Corn Samoosa","savoury","internal","ea","12.00","0.00","True"
"SAV-VED-EAC","","Veda","savoury","internal","ea","0.00","0.00","True"
"SHP - JAL-EACH","9009.0","Jalebi 250g","shop front","external","ea","100.00","70.00","True"
"SHP- BAN-EAC","16055.0","Banana Loaf","shop front","internal","ea","50.00","199.00","True"
"SHP- CRW-EAC","","Roti Chicken Wrap","savoury","internal","ea","20","0.00","True"
"SHP- GUL-1KG","","Gulab Jamun 1kg","shop front","external","ea","280.00","190.00","True"
"SHP- GUL-4S","60001.0","Gulab Jamun 4s Pure Butter","shop front","external","ea","60.00","0.00","True"
"SHP- IDH-32S","","Idhli Platter 32s","platter","internal","ea","350.00","0.00","True"
"SHP- MOL-6S","","DC Sweetmeats Mini Oval Laser Cut Wooden (6s)","shop front","external","ea","170.00","65.00","True"
"SHP- PRW-EAC","","Roti Potatoe Wrap","savoury","internal","ea","15","0.00","True"
"SHP- RAE-EAC","16058.0","Eggless Rainbow Sponge Log","shop front","internal","ea","85.00","0.00","True"
"SHP- SWEE-250G","","DC Sweet Meats Assorted 250g","shop front","external","ea","80.00","62.00","True"
"SHP-AUA-EAC","9008.0","DC Authentic Assorted Sweetmeats 11 pieces","shop front","external","ea","200.00","110.00","True"
"SHP-AUT-EAC","","Authentic Ladoo","shop front","external","ea","160.00","190.00","True"
"SHP-BAN-6S","8080.0","Banana Puri (6s)","shop front","external","ea","70.00","40.00","True"
"SHP-BBS-EAC","","Sweetmeats Boujee Singles","shop front","external","ea","0.00","0.00","True"
"SHP-BCC-EAC","16041.0","Buttercream Christmas cakes","shop front","internal","ea","50.00","0.00","True"
"SHP-BCG-EAC","16042.0","ButterCream Christmas Gateaux","shop front","internal","ea","150.00","0.00","True"
"SHP-BRB-400","30370.0","Bread Brown 400g","shop front","internal","ea","10.00","0.00","True"
"SHP-BRB-400G","","Bread Bunny Loaf 400g","shop front","internal","ea","12.00","0.00","True"
"SHP-BRB-800","13005.0","Sun Bread Brown 800g","shop front","internal","ea","15.00","0.00","True"
"SHP-BRG-EAC","16003.0","Bread Garlic 300g","shop front","internal","ea","29.00","0.00","True"
"SHP-BRO-EAC","","Butter Roti (6s)","shop front","internal","ea","45","0.00","True"
"SHP-BRR-500","16004.0","Bread Tea Ring","shop front","internal","ea","36.00","0.00","True"
"SHP-BRT-500","16005.0","Bread Tea Loaf 500g","shop front ","internal","ea","40.00","0.00","True"
"SHP-BRW-400","30372.0","Bread White 400g","shop front","internal","ea","10.00","0.00","True"
"SHP-BRW-800","13003.0","Sun Bread White 800","shop front","internal","ea","15.00","0.00","True"
"SHP-BSC-EAC","16044.0","Butter Scones (4s)","shop front","internal","ea","42.00","0.00","True"
"SHP-BSP-24S","","Butter Scone Platter 24s","platter","internal","ea","500.00","0.00","True"
"SHP-BTW-500","16007.0","Bread 500g Twist","shop front","internal","ea","19.00","0.00","True"
"SHP-BUN-EAC","16008.0","Buns 100g Soft 6s","shop front","internal","ea","27.00","0.00","True"
"SHP-BUR-1KG","","Burfee 1kg","shop front","internal","ea","300.00","220.00","True"
"SHP-BUR-KGR","","Burfee 9pc","shop front","internal","ea","100.00","72.00","True"
"SHP-BVS-EAC","16009.0","BC Vanilla Swiss Roll","buttercream cake","internal","ea","50.00","0.00","False"
"SHP-CFI-EAC","16015.0","Christmas fruit Cake Round Iced","shop front","internal","ea","140.00","0.00","True"
"SHP-CFP-EAC","16016.0","Christmas Fruit Cake Round Plain","shop front","internal","ea","120.00","0.00","True"
"SHP-CHA-1KG","","Chana Magaj 1kg","shop front","internal","ea","300.00","220.00","True"
"SHP-CHB-04S","30755.0","Chelsea Buns (6s)","shop front","internal","ea","45.00","0.00","True"
"SHP-CHO-PLN","16013.0","Chocolate Gateaux Plain","shop front","internal","ea","28.00","0.00","True"
"SHP-COC-KGR","","Coconut Ice","sweet","internal","ea","0.00","0.00","False"
"SHP-CPN-EAC","16014.0","Carrot and Pecan Nut Slab","shop front","internal","ea","50.00","0.00","True"
"SHP-CRB-06S","16017.0","Cream Buns 6s","shop front","internal","ea","45.00","0.00","True"
"SHP-CRM-EAC","","Christmas Round Mini Cake","shop front","internal","ea","60.00","0.00","True"
"SHP-CRO-06S","16018.0","Rolls 70g Soft Hotdog Cheese 6","shop front","internal","ea","40.00","0.00","True"
"SHP-CSC-EAC","6001651011913.0","Chocolate Sponge Cake","shop front","internal","ea","50.00","0.00","True"
"SHP-CTP-EAC","","Christmas Steamed Pudding","shop front","internal","ea","180.00","0.00","True"
"SHP-CTR-EAC","16020.0","Cocktail Rolls","shop front","internal","ea","30.00","0.00","True"
"SHP-CWP-EAC","16038.0","Christmas Windsor Plain","shop front","internal","ea","140.00","0.00","True"
"SHP-CWS-EAC","16049.0","Christmas Windsor Slice","shop front","internal","ea","110","0.00","True"
"SHP-DBB-EAC","","DC Diwali Bandhani Box","shop front","external","ea","95.00","62.00","True"
"SHP-DDB-EAC","","DC Diwali Designer Biscuit","shop front","external","ea","100.00","0.00","True"
"SHP-DDD-EAC","","DC Diwali Designer Burfee","shop front","external","ea","160.00","220.00","True"
"SHP-DEG-EAC","","DC Diwali Eggless Cake","shop front","internal","ea","60.00","0.00","True"
"SHP-DIB-EACH","","DC Authentic Diya Boxes","shop front","external","ea","200.00","145.00","True"
"SHP-DJA-EAC","","DC Diwali Jalebi","shop front","external","ea","100.00","70.00","True"
"SHP-DLB-EAC","","DC Diwali Large Bag","shop front","external","ea","40.00","77.00","True"
"SHP-DLD-EAC","","DC Diwali Large Designer Box","shop front","external","ea","180.00","115.00","True"
"SHP-DMA-EAC","","DC Diwali Macaroons","shop front","external","ea","100.00","65.00","True"
"SHP-DOP-10S","110103.0","Doughnut Pops 10s","shop front","external","ea","0.00","0.00","True"
"SHP-DPB-EAC","","DC Diwali Peacock Box","shop front","external","ea","80.00","18.00","True"
"SHP-DRO-EAC","16045.0","Dhall Roti (6s)","shop front","external","ea","40.00","0.00","True"
"SHP-DSB-EAC","","DC Diwali Small Bag","shop front","external","ea","30.00","50.00","True"
"SHP-FCE-EAC","","Christmas Fruit Cake Eggless Round","shop front","internal","ea","190.00","0.00","True"
"SHP-FRT-LRG","","Five Roses Tea Tall","drink","external","ea","28.00","0.00","False"
"SHP-FRT-SML","","Five Roses Tea Small","drink","external","ea","23.00","0.00","False"
"SHP-GAT-EAC","16021.0","DC Diwali Gateaux","shop front","internal","ea","0.00","0.00","True"
"SHP-GLC-EAC","","DC Diwali Gold Laser Cut","shop front","external","ea","100.00","0.00","True"
"SHP-HBU-EAC","16022.0","Hot x Buns 6s","shop front","internal","ea","32.00","27.61","True"
"SHP-ICL-LRG","","Iced Coffee Large","drink","internal","ea","40.00","0.00","False"
"SHP-IDH-EACH","60071.0","Idhli Pure Butter (4s)","platter","internal","ea","40.00","0.00","True"
"SHP-JSW-EAC","","Vanilla Jam Swissroll","shop front","internal","ea","0.00","0.00","True"
"SHP-LAC-EACH","110102.0","Chocolate Lamington 5 pack","shop front","internal","ea","45.00","0.00","True"
"SHP-LAD-EAC","","Ladoo 9 piece","shop front","internal","ea","95.00","220.00","True"
"SHP-LAR-EACH","110101.0","Raspberry Lamington 5 pack","shop front","internal","ea","45.00","0.00","True"
"SHP-LEM-EAC","","Lemon Loaf","shop front","internal","ea","60.00","0.00","True"
"SHP-LHS-375","9003.0","DC Large Hexagonal Deluxe Sweetmeats 375g","shop front","external","ea","270.00","0.00","True"
"SHP-LJS-350","9004.0","DC Large Jewels Deluxe Sweetmeats 350g","shop front","external","ea","250.00","0.00","True"
"SHP-LWC-360G","","DC Sweetmeats Lamp Wooden Cut 360g","shop front","external","ea","0.00","0.00","True"
"SHP-MAD-EAC","16023.0","Madeira","shop front","internal","ea","50.00","0.46","True"
"SHP-MHS-165","9001.0","DC Mini Hexagonal Deluxe Sweetmeats 165g","shop front","external","ea","140.00","0.00","True"
"SHP-MIN-EAC","16024.0","Mince Pies","shop front","internal","ea","50.00","0.00","True"
"SHP-MJS-250","9002.0","DC Mini Jewels Deluxe Sweetmeats 250g","shop front","external","ea","180.00","130.00","True"
"SHP-MRO-EACH","16048.0","Brown Roti (6s)","shop front","internal","ea","30.00","0.00","True"
"SHP-NAA-02S","16025.0","Naan 300g 2s","shop front","internal","ea","34.00","0.00","True"
"SHP-NAA-EAC","16026.0","Naan 300g","shop front","internal","ea","20.00","0.00","True"
"SHP-PFC-4S","60074.0","Poli With Fresh Coconut 4s","shop front","external","ea","60.00","0.00","True"
"SHP-POL-EAC","60072.0","Poli (4s)","shop front","external","ea","50.00","7.05","True"
"SHP-PPP-30S","","Puri Patha Platter 30s","shop front","internal","ea","480.00","0.00","True"
"SHP-RAI-EAC","16027.0","Rainbow Sponge Log","shop front","internal","ea","65.00","0.00","True"
"SHP-RAL-EAC","16028.0","Raisin Loaf","shop front","internal","ea","18.00","0.00","True"
"SHP-RBS-SML","","Rooibos Tea Small","drink","internal","ea","0.00","0.00","False"
"SHP-RBT-LRG","","Rooibos Tea Tall","drink","internal","ea","28.00","0.00","False"
"SHP-RJS-595","9006.0","DC Rajasthani Jewel Sweetmeats 595g","shop front","external","ea","360.00","0.00","True"
"SHP-RLC-EAC","","DC Diwali Round Clear Assorted","shop front","external","ea","160.00","120.00","True"
"SHP-ROLL-06S","16029.0","Rolls 60g Soft Hotdog 6s","shop front","internal","ea","18.00","0.00","True"
"SHP-ROLL-12S","16030.0","Rolls 60g Soft Hotdog 12s","shop front","internal","ea","36.00","0.00","True"
"SHP-ROT-EAC","16046.0","Rotis 12s","shpo front","internal","ea","45.00","0.00","False"
"SHP-RWC-265G","","DC Sweetmeats Round Wooden Cut 265G","shop front","external","ea","0.00","0.00","True"
"SHP-RWC-380G","","DC Sweetmeats Rectangle Wooden Cut 380g","shop front","external","ea","0.00","0.00","True"
"SHP-SBB-EACH","","DC Sweetmeats Boujee Burfee","shop front","external","ea","100.00","77.00","True"
"SHP-SBC-EAC","8050.0","Burfee Soji Cake","shop front","internal","ea","130.00","0.00","True"
"SHP-SCF-EAC","16032.0","Scones Fruit 4s","shop front","internal","ea","40.00","0.00","True"
"SHP-SCG-EAC","16034.0","Dome Buttercream Christmas Cake","shop front","internal","ea","40.00","0.00","True"
"SHP-SCO-EAC","16033.0","Scones 4s","shop front","internal","ea","38.00","0.00","True"
"SHP-SDB-EAC","","DC Diwali Small Designer Box","shop front","external","ea","130.00","75.00","True"
"SHP-SGL-EAC","","Sweet Meats Gold Foil Large","shop front","external","ea","140.00","90.00","True"
"SHP-SGS-EAC","","Sweet Meats Gold Foil Small","shop front","external","ea","100.00","65.00","True"
"SHP-SPF-EAC","","Sweet Meats Paisley Gold Foil","shop front","external","ea","150.00","100.00","True"
"SHP-SPO-EACH","60073.0","Soji Poli (5s)","shop front","external","ea","60.00","7.05","True"
"SHP-SSC-EAC","6001651009125.0","Strawberry Sponge Cake","shop front","internal","ea","50.00","0.00","True"
"SHP-STE-EAC","","Eggless Trifle Sponge","shop front","internal","ea","90.00","0.00","True"
"SHP-TLB-EAC","","DC Traingle Lotus Box","shop front","external","ea","210.00","0.00","True"
"SHP-TRI-EAC","16035.0","Trifle Sponge","shop front","internal","ea","30.00","0.00","True"
"SHP-VSA-EACH","","DC Vegan Sweetmeats Assorted Authentic","shop front","external","ea","0.00","0.00","True"
"SHP-WIC-EAC","16037.0","Christmas Windsor iced","shop front","internal","ea","70.00","0.00","True"
"SHP-WIS-EAC","16039.0","Windsor Slab","shop front","internal","ea","0.00","0.00","True"
"SHP-WMV-EAC","16040.0","Windsor Slice","shop front","internal","ea","0.00","0.00","True"
"SNA-CHE-340","6007597000028.0","DIWALI CHEVDA 250G","snack","external","ea","0.00","0.00","False"
"SNA-CHE-EAC","16047.0","Maya Spices Chevda 250g","snack","external","ea","60.00","44.00","False"
"SNA-KMU-EAC","6009659190678.0","Kashmiri Murkoo","snack","external","ea","25.00","9.00","False"
"SNA-KNP-EAC","","Kara Nichhas Peanuts","snack","external","ea","7.00","0.00","False"
"SNA-LMP-EAC","13007.0","Murkoo Extra Large Plain","snack","external","ea","50.00","23.00","False"
"SNA-LMS-EAC","","Murkoo Extra Large","snack","external","ea","50.00","23.00","False"
"SNA-MOC-EAC","6001651026986.0","Murkoo Original Crunch","snack","external","ea","30.00","0.00","False"
"SNA-MSF-EAC","30781.0","Murkoo sticks flavoured","snack","external","ea","20.00","0.00","False"
"SNA-MUS-EAC","5010.0","Murkoo Sticks","snack","external","ea","20.00","7.50","False"
"SNA-NUT-60G","6002849000177.0","ralphies nutties 60g","snack","external","ea","7.00","0.00","False"
"SNA-NUT-EAC","5013.0","Nuts","ingredient","external","ea","0.00","0.00","False"
"SNA-OATS-EAC","","Fine Oats","ingredient","external","kg","0.00","0.00","False"
"SNA-PGA-EAC","4001.0","Papdi Ganthiya","snack","external","ea","45.00","25.00","False"
"SNA-PNM-EAC","30491.0","PNS Murkoo","snack","external","ea","11.80","9.00","False"
"SNA-PNM-EAC","30491.0","PNS Murkoo","snack","external","ea","11.80","9.00","False"
"snA-PNM-EAC","6009634280431.0","Serve and Nuts 400g","snack","external","ea","11.80","9.00","False"
"SNA-PNT-EAC","6002415000501.0","PNS Traditional Murkoo","snack","external","ea","9.50","7.40","False"
"SNA-SAN-EAC","","Serv & Nuts","snack","external","ea","20.00","6.00","False"
"SNA-SGA-EAC","","Soft Gantia","snack","external","ea","55.00","0.00","False"
"SNA-SUS-EAC","6009708771438.0","Sugar Sticks","snack","external","ea","13.00","7.50","False"
"SNA-TMU-EAC","5011.0","Tub Murkoo","snack","external","ea","0.00","0.00","False"
"SPI-BPE-KGR","","Spice- Whole Black Pepper","ingredient","external","kg","","0.00","False"
"SPI-CIB-EAC","","Spice Cook In Bag","ingredient","external","kg","","0.00","False"
"SPI-CIS-EAC","","Spice - Cinnamon Sticks","ingredient","external","kg","","0.00","False"
"SPI-DHA-KGR","","Spice- Dhania Powder","ingredient","external","kg","","180.00","False"
"SPI-GAR-KGR","","Spice-Garum Masala","ingredient","external","kg","","300.00","False"
"SPI-GIN-KGR","","Ginger & Garlic","ingredient","external","kg","","78.26","False"
"SPI-JEE-KGR","","Spice - Mayas Jeera Powder","ingredient","external","kg","","110.00","False"
"SPI-JEP-KGR","","Spice Jeera Powder","ingredient","external","kg","","0.00","False"
"SPI-KNO-EAC","","Spice- Knorrx Mutton Flavour 12s","ingredient","external","kg","","0.00","False"
"SPI-MAS-KGR","","Spice- Chilli Powder","ingredient","external","kg","","0.00","False"
"SPI-MIN-EAC","","Spice - Mint","ingredient","external","kg","","0.00","False"
"SPI-MIX-KGR","","Spice- Mayas Mixed Masala","ingredient","external","kg","","150.00","False"
"SPI-MSM-KGR","","Manilal Special Mix Masala","ingredient","external","kg","","0.00","False"
"SPI-NAN-KGR","","Nandos Sauce","ingredient","external","lt","0.00","0.00","False"
"SPI-NOL-KGR","","Nola Mayonaise","ingredient","external","kg","","0.00","False"
"SPI-PAR-EAC","","Parsley","ingredient","external","kg","","0.00","False"
"SPI-SVS-100G","","SVS Spices 100g","ingredient","external","kg","","0.00","False"
"SPI-SVS-50G","","SVS Spices 50g","ingredient","external","kg","","0.00","False"
"SPI-THY-EACH","","Spice - Fresh Thyme","ingredient","external","kg","","0.00","False"
"SPI-TUM-KGR","","Spice Tumeric","ingredient","external","kg","","80.00","False"
"SRC-CHO-CRE","","Choc Cream -20 Fig On Base","miscellaneous","internal","kg","0.00","0.00","False"
"SRN-AER-022","","Aeroplane Cake 22 in Plastic Icing and B/C","novelty","internal","ea","0.00","0.00","True"
"SRN-ANI-016","","16 Buttercream Animal Farm","novelty","internal","ea","0.00","0.00","True"
"SRN-BCE-020","","BD20 Buttercream Eggless Cake","buttercream square ","internal","ea","1,040.00","0.00","False"
"SRN-BCR-022","","BC 22 Cut out Figure","buttercream figure","internal","ea","0.00","0.00","False"
"SRN-BIB-016","","16 Buttercream Eggless Bible Cake","novelty","internal","ea","0.00","0.00","True"
"SRN-BIB-020","","20 Fresh Cream Egless Bible Cake","novelty","internal","ea","0.00","0.00","True"
"SRN-BMW-014","","14 Sponge in plastic icing with BMW sign","novelty","internal","ea","0.00","0.00","True"
"SRN-BRE-016","","Buttercream Round Eggless with Baby","novelty","internal","ea","0.00","0.00","True"
"SRN-BSC-016","","BD 16Buttercream with baby grower in PI","novelty","internal","ea","0.00","0.00","True"
"SRN-BYK-022","","22 Motorbike on Base with Plastic icing","novelty","internal","ea","0.00","0.00","True"
"SRN-CML-016","","Caramel Spread only - on 16","miscellaneous","internal","ea","0.00","0.00","False"
"SRN-CRM-016","","Cream colour cream only - 16","miscellaneous","internal","ea","100.00","0.00","False"
"SRN-DAI-020","","20 Buttercream with Piped Daisies","novelty","internal","ea","0.00","0.00","True"
"SRN-DBF-020","","20 BC Double Base With Double Figure","novelty","internal","ea","0.00","0.00","True"
"SRN-DIA-020","","20 Round PI Diamond pattern & Daisies","novelty","internal","ea","0.00","0.00","True"
"SRN-DOL-016","","16 Doll Cake in Plastic Icing no base","novelty","internal","ea","0.00","0.00","True"
"SRN-FCE-020","","BD 20 Fresh Cream Eggless cake","freshcream square eggless","internal","ea","1,120.00","0.00","False"
"SRN-FIG-020","","Buttercream Eggless Figure on base 20","buttercream figure","internal","ea","0.00","0.00","False"
"SRN-FOB-020","","20 FC Fig on Base with Choc Flakes","novelty","internal","ea","0.00","0.00","True"
"SRN-HBS-020","","Hugo Boss Suitcase Belt 20 in Plastic Icing","novelty","internal","ea","0.00","0.00","True"
"SRN-JAM-012","","Strawberry Jam only - 12","miscellaneous","internal","ea","100.00","0.00","False"
"SRN-JAM-012","","Strawberry Jam only - 12","miscellaneous","internal","ea","100.00","0.00","False"
"SRN-JAM-014","","Strawberry Jam only - 14","miscellaneous","internal","ea","120.00","0.00","False"
"SRN-JAM-014","","Strawberry Jam only - 14","miscellaneous","internal","ea","120.00","0.00","False"
"SRN-JAM-016","","Strawberry Jam only - 16","miscellaneous","internal","ea","140.00","0.00","False"
"SRN-JAM-18","","Strawberry Jam Only-18","miscellaneous","internal","ea","220.00","0.00","False"
"SRN-JAM-20","","Strawberry Jam Only-20","miscellenous","internal","ea","220.00","0.00","False"
"SRN-LIV-022","","22 PI Liverpool with Scarf and Boots","novelty","internal","ea","0.00","0.00","True"
"SRN-LVB-016","","Louis Vittone Bag 16 in Plastic Icing","novelty","internal","ea","0.00","0.00","True"
"SRN-PAD-016","","40*50 B/C cake with Ipad in PI + pic","novelty","internal","ea","0.00","0.00","True"
"SRN-PAI-EAC","","Painting on Roses","miscellaneous","internal","ea","5.00","0.00","False"
"SRN-PEA-014","","Peach Slices Only 14","miscellaneous","internal","ea","75.00","0.00","False"
"SRN-PID-014","","BD14' Round covered in plastic icing and daisies","novelty","internal","ea","","0.00","True"
"SRN-PLI-012","","Plastic Icing Covering Only 12","miscellaneous","internal","ea","500.00","0.00","False"
"SRN-PLI-016","","Plastic Icing Covering Only 16","miscellenous","internal","ea","500.00","0.00","False"
"SRN-PLI-016","","Plastic Icing Covering Only 16","miscellenous","internal","ea","500.00","0.00","False"
"SRN-PLR-016","","Plastic Icing 16 round with musical notes","novelty","internal","ea","0.00","0.00","True"
"SRN-ROA-014","","14 Buttercream with Plastic icing Road","novelty","internal","ea","0.00","0.00","True"
"SRN-SSC-016","","16 BC S/Berry Short/C Figurine-PI","novelty","internal","ea","0.00","0.00","True"
"SRN-STA-2TI","","BD2 Tier Stack Sponge- Plastic Icing-12&14","novelty","internal","ea","2,500.00","0.00","True"
"SRN-STA-2TI","","BD2 Tier Stack Sponge- Plastic Icing-12&14","novelty","internal","ea","2,500.00","0.00","True"
"SWE-ALC-EACH","","Almond Cones","sweet","external","ea","35.00","22.00","False"
"SWE-BOR-EAC","6009625510592.0","Masala Bor","sweet","external","ea","6.00","0.00","False"
"SWE-CAC-EACK","","Cashew Cones","sweet","external","ea","16.00","10.00","False"
"SWE-CCC-EAC","1017.0","Chocolate Coconut Cluster","sweet","external","ea","11.00","8.00","False"
"SWE-CCD-EAC","6009614200985.0","Caruchi Candy Dates","sweet","external","ea","6.80","4.40","False"
"SWE-CFW-EAC","10030.0","China fruit sweet","sweet","external","ea","2.50","1.25","False"
"SWE-CHF-EAC","6009625510615.0","China Fruit","sweet","external","ea","5.50","0.00","False"
"SWE-CHI-EAC","6001200000016.0","Chicks Violet","sweet","external","ea","13.00","9.33","False"
"SWE-CMM-EAC","30482.0","Choc Marshmallow","sweet","external","ea","14.00","9.38","False"
"SWE-CNI-EAC","30608.0","Coconut Ice","sweet","external","ea","6.80","4.40","False"
"SWE-CNW-EAC","6009614200046.0","Coconut Wheel","coconut wheel","external","ea","15.00","11.20","False"
"SWE-COI-EAC","","Coconut ice small","sweet","external","ea","3.50","1.25","False"
"SWE-CPC-EAC","6009614200008.0","Chocolate Peanut Cluster","sweet","external","ea","11.00","8.00","False"
"SWE-CRO-EAC","6009614200558.0","Chocolate Rocher","sweet","external","ea","8.00","0.00","False"
"SWE-CRO-EAC","6009614200558.0","Chocolate Rocher","sweet","external","ea","8.00","0.00","False"
"SWE-CSP-EAC","8850632605164.0","Sour Punk Cola","sweet","external","ea","13.00","0.00","False"
"SWE-FIG-EAC","6009625510608.0","Masala Figs","sweet","external","ea","10.00","5.50","False"
"SWE-KIT-EAC","","Kitkat 135g","sweet","external","ea","0.00","0.00","False"
"SWE-MES-EAC","1024.0","Mebos Sweets","sweet","external","ea","5.00","3.00","False"
"SWE-PAA-EAC","","Paan Cones","sweet","external","ea","0.00","0.00","False"
"SWE-PBS-EAC","","Peanut Brittle Slabs Singles","sweet","external","ea","7.00","20.00","False"
"SWE-PEC-EAC","","Peanut Cones","sweet","external","ea","0.00","0.00","False"
"SWE-PNB-EAC","6004796000941.0","peanut brittle","sweet","external","ea","0.00","0.00","False"
"SWE-PNB-EACH","6009633420525.0","Peanut Brittle Slab 10s","sweet","external","ea","60.00","23.00","False"
"SWE-PNP-EACH","6009663420594.0","Peanut Brittle Pieces","sweet","external","ea","20.00","11.00","False"
"SWE-SAB-EACH","","Almond Bar 40g single","sweet","external","ea","18.00","11.00","False"
"SWE-SCB-EAC","","Cashew Bar 40g single","sweet","external","ea","18.00","11.00","False"
"SWE-SPA-EAC","8850632605140.0","Sour Punk Apple","sweet","external","ea","13.00","7.70","False"
"SWE-SPB-EAC","6009663420938.0","Sesame Brittle Pieces","sweet","external","ea","18.00","0.00","False"
"SWE-SPS-EAC","8850632603566.0","Sour Punk","sweet","external","ea","13.00","7.70","False"
"SWE-SSB-EAC","6009625510714.0","Sweet & Sour Bor","sweet","external","ea","8.00","6.00","False"
"SWE-SSF-EAC","6009625510721.0","Sweet & Sour Figs","sweet","external","ea","10.00","8.80","False"
"SWE-TOA-EAC","1033.0","Toasted Jabs","sweet","external","ea","5.50","4.10","False"
"SWE-WHI-EAC","","Whispers 200g","ingredient","external","kg","","49.56","False"
"VEG -ONI-KGR","","Onions","ingredient","external","kg","0.00","0.00","False"
"VEG- POT-KGR","","Potatoes","ingredient","external","kg","0.00","0.00","False"
"VEG-CHI-KGR","","Green Chillies","ingredient","external","kg","","0.00","False"
"VEG-MUS-KGR","","Mushrooms","ingredient","external","kg","0.00","0.00","False"
"Water","","Water","ingredient","external","lt","","0.00","False"
"XBF-BAN-EAC","30094.0","Fruit Banana","ingredient","external","kg","","1.00","False"
"XBF-BAN-KGR","","Banana Essence","ingredient","external","lt","","211.28","False"
"XBF-CAR-KGR","30335.0","Carrots","ingredients","external","kg","0.00","0.00","False"
"XBF-CHL-KGR","30084.0","Chellies Red Alpine","ingredient","external","kg","","40.90","False"
"XBF-COC-KGR","30634.0","Coconut","ingredients","external","kg","0.00","0.00","False"
"XBF-CUT-KGR","30086.0","Fruit Cut Peel","ingredient","external","kg","","64.21","False"
"XBF-FMX-KGR","30089.0","Fruit Mix (Chipkins)","ingredient","external","kg","","26.38","False"
"XBF-PDA-KGR","","Pitted Dates","ingredient","external","kg","","0.00","False"
"XBF-PIE-KGR","30092.0","Fruit Pie Apples","ingredient","external","kg","","16.40","False"
"XBF-RWC-KGR","30669.0","Red Whole Cherries","ingredient","external","kg","","71.21","False"
"XBR-BEB-1KGR","","Berries Blend","ingredient","external","kg","","67.65","False"
"XBR-MDF-1KGR","","Mango Diced Fruit","ingredient","external","kg","","97.92","False"
"XBR-PEA-KGR","","Peach Slices","ingredient","external","kg","0.00","0.00","False"
"XBR-TOM-KGR","","Tomatoe Paste 3.06kg","ingredient","external","kg","","0.00","False"
"XCH-BAR-EAC","","Chocolate Bar One","exotic cakes","internal","","0.00","0.00","True"
"XCH-CCB-KGR","30158.0","Chocolate Choco Blocks","ingredient","external","kg","","48.95","False"
"XCH-CCM-KGR","30157.0","Chocolate Chockex Chips Milk","ingredient","external","kg","","66.66","False"
"XCH-CCW-KGR","30159.0","Chocolate Chockex Chips White","ingredient","external","kg","","66.57","False"
"XCH-CHO-KGR","30156.0","Choc milk block","ingredient","external","kg","0.00","0.00","False"
"XCH-POW-KGR","30238.0","Powder Cocoa","ingredient","external","kg","","125.84","False"
"XCH-TIN-KG","","Tin Glide 5kg","ingredient","external","kg","","55.62","False"
"XCH-VER-KGR","30163.0","Vermicelli Chocolate","ingredients","external","kg","","52.04","False"
"XCH-WCH-KGR","","Choc Milk Block White","ingredient","external","kg","0.00","0.00","False"
"XCO-AES-LTR","","Aniseed Essence","ingredients","external","lt","","123.57","False"
"XCO-BCR-KGR","","Bread Crumbs","ingredient","external","kg","","210.55","False"
"XCO-BLA-KGR","30225.0","Black Jack","ingredient","external","kg","","41.74","False"
"XCO-LEM-KGR","30164.0","Coloured Powder Lemon Yellow","ingredient","external","kg","","160.29","False"
"XCO-PBL-KGR","30176.0","powder food colouring blue","ingredient","external","kg","","159.70","False"
"XCO-PGN-KGR","30175.0","Powder colouring green","ingredient","external","kg","","160.00","False"
"XCO-PIL-KGR","30173.0","Pillar Box Red","ingredient","external","kg","","124.14","False"
"XCO-REG-EAC","30177.0","Red piping gel","ingredient","external","kg","","0.00","False"
"XCO-VES-LTR","30708.0","Vanilla Essence","ingredient","external","lt","","68.31","False"
"XDA-BERG-KGR","","Berg Cheese","ingredient","external","kg","","78.26","False"
"XDA-BME-KGR","","Boneless Mutton","ingredient","external","kg","0.00","0.00","False"
"XDA-BUT-EAC","30756.0","Buttermilk","ingredient","external","lt","","40.36","False"
"XDA-CBF-KGR","","Chicken Breast Fillet","ingredient","external","kg","","49.49","False"
"XDA-CCS-KGR","30179.0","Cheese Cottage Smooth","ingredient","external","kg","","95.43","False"
"XDA-CHE-KGR","30562.0","Cheddar Cheese","ingredient","external","kg","","101.67","False"
"XDA-CHI-EAC","","Chicken Wings Drumettes","ingredient","external","kg","","105.00","False"
"XDA-CRA-1KG","","Crab Sticks","ingredient","external","kg","","38.05","False"
"XDA-CRE-250","30848.0","Cream Cheese","ingredient","external","kg","","123.87","False"
"XDA-CRF-250","","Cream Fresh 250ml","ingredient","external","lt","0.00","0.00","False"
"XDA-CRF-500","30180.0","Cream Fresh 500ml","ingredient","external","lt","","47.64","False"
"XDA-CSS-KGR","","Chicken Salsa Snack Wings 6kg","ingredient","external","kg","","95.65","False"
"XDA-CTS-KGR","","Chicken Tikka Sausage","ingredient","external","ea","","60.87","False"
"XDA-DHA-KGR","","Pea Dhall 5kg","ingredient","external","kg","0.00","0.00","False"
"XDA-FCR-250ML","","Cream Fresh 250ml","ingredient","external","lt","","13.50","False"
"XDA-FLO-KGR","","Flora light","consumables","external","kg","","73.79","True"
"XDA-HAK-1KG","","Hake Fillet -fish","ingredient","external","kg","","138.45","False"
"XDA-JAL-KGR","","Jalapenos","ingredient","external","kg","","35.60","False"
"XDA-LAM- KGR","","Lamb Mince","ingredient","external","kg","","86.09","False"
"XDA-MBP-EAC","","Mini Butter Portions 8grams","ingredient","external","kg","","1.08","False"
"XDA-MCP-KGR","","Mutton Cheese Patties","ingredient","external","kg","","0.00","False"
"XDA-MJP-EAC","","Mini Jam Portions 15Grams","ingredient","external","kg","","1.15","False"
"XDA-MVE-KGR","","Mix Veggies Mcain","ingredient","external","kg","","37.11","False"
"XDA-NON-KGR","30183.0","Non Dairy Cream","ingredient","external","kg","","46.09","False"
"XDA-NUT-LTR","30597.0","Nutriday Yogurt Plain","ingredient","external","kg","","22.28","False"
"XDA-OGC-LTR","","Cream Fresh Orange Grove 1litre","ingredient","external","lt","","50.00","False"
"XDA-OMU-KGR","","Oriental Mutton Sausage","ingredient","external","kg","","85.22","False"
"XDA-PAR-EAC","","Unbaked Patha Rolls","ingredient","external","kg","","18.33","False"
"XDA-PEA-KGR","","Peas Frozen 10kg","ingredient","external","kg","","42.12","False"
"XDA-PUP-KGR","","Fathimas Puff Pastry 1kg","ingredient","external","kg","","0.00","False"
"XDA-SAC-1LT","","Milk 1lt Sachet","ingredient","external","lt","0.00","0.00","False"
"XDA-SMF-EAC","","Saldanha Middlecut Tin Fish 400g","ingredient","external","kg","","27.54","False"
"XDA-SOY-KGR","","Tommy Marinated Mince","ingredient","external","kg","","0.00","False"
"XDA-SWC-KGR","","Mcain Sweetcorn 1kg","ingredient","external","kg","0.00","0.00","False"
"XDA-TUC-KGR","","Tuna Chunks In Brine 1.7kg","ingredient","external","kg","","123.53","False"
"XDA-TUS-KGR","","Tuna Shredded In Brine 1.7kg","ingredient","external","kg","","132.72","False"
"XDA-TWP-KGR","","Tomato Whole Peeled","ingredient","external","kg","","18.40","False"
"XDA-YDR-KGR","","Yeast Dry","ingredient","external","kg","","90.00","False"
"XDE-AST-EAC","30836.0","Astd roses","miscellaneous","external","ea","","0.00","False"
"XDE-DIW-EAC","","Diwali Sticker","consumables","external","ea","0.00","0.00","True"
"XDE-GBD-KGR","30187.0","Gold Beads per Kg","ingredient","external","kg","","426.51","False"
"XDE-GLI-EAC","30186.0","Glitter","ingredient","external","kg","","17.00","False"
"XDE-NOP-KGR","30195.0","Non Pareil","ingredient","external","kg","","51.69","False"
"XDE-PMG-KGR","30196.0","Powder Metallic Gold","ingredient","external","kg","","211.46","False"
"XDE-PMS-KGR","30197.0","Powder Metallic Silver","ingredient","external","kg","","184.60","False"
"XDE-RIB-EAC","30198.0","Ribbon","consumables","external","meter","","24.48","True"
"XDE-SIL-KGR","30202.0","Silver Beads Per Kg","miscellaneous","external","kg","0.00","0.00","False"
"XDE-TEA-EAC","30201.0","Ribbon tear 1 Roll","miscellaneous","external","meter","","0.00","False"
"XDO-BTE-200G","","Bakers Tennis Biscuit 200g","ingredient","external","kg","","21.49","False"
"XFA-COO-LTR","","Cooking Oil 5ltrs","ingredient","external","lt","","0.00","False"
"XFA-CRI-LTR","30615.0","Crispa Oil","ingredient","external","lt","","35.61","False"
"XFA-EGG-KGR","","Eggs","ingredient","external","kg","","46.67","False"
"XFA-FPS-KGR","30206.0","Fat Pastrex Super","ingredient","external","kg","","26.99","False"
"XFA-GHE-KGR","","Clover Ghee","ingredient","external","kg","0.00","0.00","False"
"XFA-MAR-KGR","30208.0","Margarine Marvello Yellow","ingredient","external","kg","","48.58","False"
"XFA-MAS-KGR","30209.0","Margarine Mastercraft White","ingredient","external","kg","","31.44","False"
"XFA-MOO-KGR","30780.0","Mooi river butter","ingredient","external","kg","","61.42","False"
"XFA-MRG-KGR","30210.0","Margarine Mr G","ingredient","external","kg","","19.17","False"
"XFA-OIL-LTR","30211.0","Oil Crispa Gold","ingredients","external","lt","","22.41","False"
"XFA-OVA-KGR","30212.0","Ovalette","ingredient","external","kg","","41.60","False"
"XFA-PTX-KGR","30672.0","Pastrex Super","ingredient","external","kg","","33.14","False"
"XFA-RAM-KGR","30810.0","Rama","ingredient","external","kg","","0.00","False"
"XFA-REL-LTR","30213.0","Release","ingredient","external","kg","","18.91","False"
"XFA-SOI-LTR","","Sunflower Sunfoil 5 Ltr","ingredient","external","lt","","39.52","False"
"XFA-SOR-LRT","30242.0","Sorbitol 30LTR","ingredient","external","lt","","19.20","False"
"XFA-YWT-KGR","30244.0","Yeast Wet","ingredient","external","kg","","33.94","False"
"XFL-BRF-125","30215.0","Flour Brown","packaging","external","kg","","6.17","False"
"XFL-CAF-125","30217.0","FlourCake","ingredients","external","kg","","11.92","False"
"XFL-CMB-125","","Complete Mix - Brown Bread Flour","ingredients","external","kg","","13.10","False"
"XFL-CMW-125","","Complete Mix - White Bread Flour","ingredient","external","kg","","13.30","False"
"XFL-GSE-KGR","","Semolina Golden Cloud 1kg","ingredient","external","kg","","16.87","False"
"XFL-NYA-KGR","","Nyala Maize Meal 10kg","ingredient","external","kg","","10.40","False"
"XMO-BS6-KGR","","Premix Bread S6002 5%","ingredient","external","kg","","19.68","False"
"XMP -BFM-KGR","","Premix Butter Flavoured Madeira 12.5kg","ingredient","external","kg","","44.30","False"
"XMP-S60-KGR","","Premix S6002 Bread","ingredient","external","kg","","12.54","False"
"XMP-SCC-KGR","","Sponge Chocolate Coastal","ingredient","external","kg","","53.73","False"
"XMP-SRA-KGR","","Soft Roll Alpaga Improver","ingredient","external","kg","","187.08","False"
"XMP-SRE-EAC","","Sponge Redvelvet Premix","ingredient","external","kg","","49.93","False"
"XPM-5PB-KGR","","Premix bread 5%","ingredient","external","kg","","18.70","False"
"XPM-AFG-KGR","","Apricot Flan Gel","ingredient","external","kg","","49.05","False"
"XPM-CCM-KGR","30110.0","Mix Chocomousse","ingredient","external","kg","","87.95","False"
"XPM-EMC-KGR","","Sponge Ebony Moist Choc Mix","ingredient","external","kg","","75.26","False"
"XPM-FAI-KGR","30118.0","Premix 15% Sweet Fairglen","ingredient","external","kg","","37.24","False"
"XPM-FON-5KG","30233.0","Fond Suisse","ingredient","external","kg","","50.00","False"
"XPM-FRU-KGR","30088.0","Fruit Mince","ingredient","external","kg","","34.66","False"
"XPM-HXB-KGR","30104.0","Hot x bun full premix","ingredient","external","kg","","30.47","False"
"XPM-MUE-KGR","30113.0","Mix Muesli Slice","ingredient","external","kg","","37.19","False"
"XPM-NOB-KGR","","No-bake premix","ingredient","external","kg","","67.39","False"
"XPM-PAS-KGR","30116.0","Paste 4.5% Standard Bread","ingredient","external","kg","","14.24","False"
"XPM-SCH-KGR","30099.0","Sponge Chocolate","ingredient","external","kg","","33.88","False"
"XPM-SPC-KGR","30243.0","Stabiliser Pettina Cream","ingredient","external","kg","","37.58","False"
"XPM-SPE-KGR","30128.0","Sponge Eggless","ingredient","external","kg","","84.28","False"
"XPM-SPI-KGR","30100.0","Sponge Pettina Instant","ingredient","external","kg","","22.51","False"
"XPM-SVC-KGR","","Sponge Instant Coastal","ingredient","external","kg","","43.75","False"
"XPM-SWE-KGR","30119.0","Premix 20% Sweet Red","ingredient","external","kg","","33.72","False"
"XPO-BCS-KGR","","Specialty-Chai","ingredient","external","kg","","0.00","False"
"XPO-BMS-LTR","","Bubblegum Milkshake Syrup","ingredient","external","lt","0.00","0.00","False"
"XPO-CMS-LTR","","Chocolate Milkshake Syrup","ingredient","external","lt","0.00","0.00","False"
"XPO-LMS-LTR","","Lime Milkshake Syrup","ingredient","external","lt","0.00","0.00","False"
"XPO-MHS-LTR","","Monin Hazelnut Syrup","ingredient","external","lt","","0.00","False"
"XPO-MVS-LTR","","Monin Vanilla Syrup","ingredient","external","lt","","0.00","False"
"XPO-SCF-KGR","","Specialty - Coffee Freezo","ingredient","external","kg","","0.00","False"
"XPO-SCM-LTR","","Salted Caramel Milkshake Syrup","ingredient","external","kg","","0.00","False"
"XPO-SIC-KGR","","Specialty -Indonesian Coffee","ingredient","external","kg","","0.00","False"
"XPO-SMC-EAC","","Monin Caramel Sauce","ingredient","external","lt","","0.00","False"
"XPO-SMC-LTR","","Monin Caramel Syrup","ingredient","external","lt","","0.00","False"
"XPO-SMS-LTR","","Strawberry Milkshake Syrup","ingredient","external","lt","","0.00","False"
"XSN-ANI-KGR","30479.0","Aniseed","ingredient","external","kg","","103.87","False"
"XSN-FLA-KGR","","Flaked Almonds 1Kg","ingredient","external","kg","","176.32","False"
"XSN-NUT-KGR","30131.0","Nuts Nibb","ingredient","external","kg","","46.60","False"
"XSN-PEH-KGR","","Pecan Nut Halves","ingredient","external","kg","","110.00","False"
"XSN-SDP-KGR","30135.0","seed poppy","ingredient","external","kg","","159.79","False"
"XSN-SES-KGR","30499.0","Sesame Seed","Ingredient","external","kg","","79.05","False"
"XSN-SJEE-KGR","","Spice Jeera Whole","ingredient","external","kg","","87.79","False"
"XSN-SMI-KGR","","Spice Mixed Herbs","ingredient","external","kg","","135.61","False"
"XSN-SOR-KGR","","Spice Origanum","ingredient","external","kg","","156.52","False"
"XSN-WHS-KGR","","Whole Somph","ingredient","external","kg","","0.00","False"
"XSP- DHA-EAC","","Spice- Dhania","ingredient","external","kg","","0.00","False"
"XSP-ALG-KGR","","Ground Almonds","ingredient","external","kg","","170.41","False"
"XSP-BAK-KGR","30239.0","Baking Powder (Hercules)","ingredient","external","kg","","50.65","False"
"XSP-BIC-KGR","30224.0","Bicarbonate Soda","ingredient","external","kg","","20.34","False"
"XSP-CIN-KGR","30506.0","Cinnamon Ground","ingredient","external","kg","","72.18","False"
"XSP-COR-KGR","30633.0","CornFlour","ingredient","external","kg","","21.29","False"
"XSP-SAL-EAC","30240.0","Salt Bale","ingredient","external","kg","","4.41","False"
"XSP-SBN-KGR","30142.0","Spice Bunspice","ingredient","external","kg","","0.00","False"
"XSP-SNU-800G","","Spice Nutmeg Ground 800g","ingredient","external","kg","","440.24","False"
"XSP-WNM-KGR","1034.0","Whole Nutmeg","ingredient","external","kg","","169.29","False"
"XSU-ESS-KGR","","Equisweet Sucralose Sachets","ingredient","external","kg","","186.40","False"
"XSU-HIS-KGR","30671.0","Huletts Icing Sugar","ingredient","external","kg","0.00","0.00","False"
"XSU-IBS-KGR","","Hullets Brown Sugar Tubes","ingredient","external","kg","","35.60","False"
"XSU-IWS-KGR","","Huletts White Sugar Tubes","ingredient","external","kg","","35.60","False"
"XSU-SBN-KGR","30148.0","Sugar Brown","ingredient","external","kg","","11.58","False"
"XSU-SCH-KGR","30149.0","Sugar Castor Huletts","ingredients","external","kg","","24.39","False"
"XSU-SIC-KGR","30150.0","Sugar Icing Huletts","ingredient","external","kg","","22.81","False"
"XSU-SWH-KGR","30151.0","Sugar White Huletts","ingredient","external","kg","","16.09","False"
"XTO - PIR-KGR","","Pineapple Rings 440g","ingredient","external","kg","","0.00","False"
"XTO- ESG-KGR","","Espresso Grind Slojo Spiced Chai","ingredient","external","kg","","0.00","False"
"XTO- GRT-EAC","","Green Tea","drink","external","kg","","0.00","False"
"XTO- VIC-LTR","","Gatti Vanilla Ice Cream","ingredient","external","kg","","0.00","False"
"XTO-AJM-KGR","30219.0","Jam Apricot (All Gold)","ingredient","external","kg","","36.47","False"
"XTO-ALE-KGR","","Almond Essence","ingredient","external","kg","","0.00","False"
"XTO-ALM-KGR","30188.0","Almond Icing","ingredient","external","kg","","29.67","False"
"XTO-ASA-KGR","","Ayesha Samoosa Strips","ingredient","external","kg","","0.00","False"
"XTO-BAR-KGR","30651.0","Bar One Spread","ingredient","external","kg","","110.68","False"
"XTO-BOO-EAC","","Biscuit Original Oreo","biscuit","internal","","0.00","0.00","True"
"XTO-CCL-KGR","","Officemate Creamy Chai Latte","ingredient","external","kg","","134.00","False"
"XTO-CFU-KGR","","Cereal Choc Future Life 1.25kg","ingredient","external","kg","","89.27","False"
"XTO-CHE-KGR","30222.0","Pie Filling Black Forest Pie Filling","ingredient","external","kg","","79.15","False"
"XTO-CHI-LTR","","Sauce Chilli 2lt","ingredient","external","lt","","0.57","False"
"XTO-COB-KGR","","Coffee Beans","ingredient","external","kg","","270.00","False"
"XTO-CTS-EAC","","Carte D Toffee Sauce","ingredient","external","kg","","66.49","False"
"XTO-DHC-KGR","","Officemate Dark Hot Choc","ingredient","external","kg","","94.50","False"
"XTO-GAR-KGR","","Spread Garlic & Herb","ingredient","external","kg","","58.80","False"
"XTO-GRA-KGR","30221.0","Pie Filling Granadilla","ingredient","external","kg","","39.58","False"
"XTO-GSP-KGR","30561.0","Golden Syrup","ingredient","external","kg","","38.11","False"
"XTO-HAS-KGR","","Spread Hazelnut 5kg","ingredient","external","kg","","0.00","False"
"XTO-HCC-KGR","","Hot Chocolate Coffee Merchant","ingredient","external","kg","","120.50","False"
"XTO-HPM-EAC","","Carte D Hot Pudding Mix","ingredient","external","kg","","103.43","False"
"XTO-HZL-KGR","30152.0","Hazelnut Praline","ingredient","external","kg","","112.26","False"
"XTO-ICE-KGR","","Ice","ingredient","external","kg","","0.00","False"
"XTO-ICK-5KG","30105.0","Instant Custard Kramess","ingredient","external","kg","","72.58","False"
"XTO-JEL-KG","","Assorted Jelly","ingredient","external","kg","","0.00","False"
"XTO-KBO-EAC","","Knorr Brown Onion Soup","ingredient","external","kg","","152.21","False"
"XTO-KCM-EAC","","Knorr Creamy Mushroom Sauce","ingredient","external","kg","","4.63","False"
"XTO-KCS-EAC","","Knorr Cream of Chicken Soup","ingredient","external","kg","","4.63","False"
"XTO-KLI-KGR","","Klim 500g","ingredient","external","kg","","72.50","False"
"XTO-LEC-5KG","30230.0","Dip Leamington Chocolate","ingredient","external","kg","0.00","0.00","False"
"XTO-LER-5KG","30231.0","Dip Leamington Raspberry","ingredient","external","kg","0.00","0.00","False"
"XTO-MAY-KGR","","Mayonnaise Cross & Blackwell 3kg","ingredient","external","kg","0.00","0.00","False"
"XTO-MBD-500ML","","Milky Bar Dessert Topping","ingredient","external","kg","","193.06","False"
"XTO-MHC-KGR","","Officemate Milky Hot Choc","ingredient","external","kg","","109.00","False"
"XTO-MUS-LTR","","Mustard Sauce","ingredient","external","kg","","0.00","False"
"XTO-NUT-KGR","","Nutella 3kg","ingredient","external","kg","","0.00","False"
"XTO-OAT-KGR","","Fine Oats 25 kg","ingredient","external","kg","","14.14","False"
"XTO-PCH-KGR","30162.0","Paste Chocolate","ingredient","external","kg","","77.59","False"
"XTO-PDA-KG","","Pitted Dates","ingredient","external","kg","","45.21","False"
"XTO-PEP-KGR","","Nestle Peppermint Topping","ingredient","external","kg","","0.00","False"
"XTO-PIN-EAC","","Pineapple crushed","ingredient","external","kg","","30.88","False"
"XTO-PLI-KGR","30189.0","Icing plastic","ingredient","external","kg","","28.83","False"
"XTO-RIC-KGR","","Aunt Caroline Rice","ingredient","external","kg","","13.50","False"
"XTO-SAJ-900G","","Jam Strawberry All Gold 900g","ingredient","external","kg","","65.33","False"
"XTO-SBJ-KGR","30220.0","Jam Strawberry (All Gold)","ingredient","external","kg","","50.46","False"
"XTO-SBO-KGR","30154.0","Spread Bar One Nestle","ingredient","external","kg","","96.83","False"
"XTO-SCA-KGR","30155.0","Spread caramel","ingredient","external","kg","","64.17","False"
"XTO-SCF-KGR","","Coffee Freezo Slojo","ingredient","external","kg","","230.40","False"
"XTO-SHC-KGR","","Specialty Hot Chocolate","ingredient","external","kg","","0.00","False"
"XTO-SHW-KGR","","Specialty White Hot Chocolate","ingredient","external","kg","","212.00","False"
"XTO-SPE-KGR","","Spread Peanut Butter 3kg","ingredient","external","kg","","115.02","False"
"XTO-STR-KGR","30710.0","Pie Filling Strawberry","ingredient","external","kg","","17.23","False"
"XTO-TMR-KGR","","Taj Mahal Rice 10KG","ingredient","external","kg","0.00","0.00","False"
"XTO-TOM-LTR","","Tomatoe Sauce","ingredient","external","kg","","21.08","False"
"XTO-VIN-LT","","Vinegar","ingredient","external","kg","","4.93","False"
"YBA-BOO-MX1","30446.0","Sub Batter - Bar One Sponge Round","sub recipe","internal","kg","","0.00","False"
"YBA-BSC-MXI","","Sub Batter- Butter Scones","sub recipe","internal","kg","","0.00","False"
"YBA-CAC-MX1","30432.0","Sub Batter Carrot Cake","sub recipe","internal","kg","","0.00","False"
"YBA-CCC-MX1","30859.0","Sub Batter-Carrot Cake with Cream Cheese Slab","sub recipe","internal","kg","","0.00","False"
"YBA-CGS-MX1","30442.0","Sub Batter- Chocolate Gateaux Sponge","sub recipe","internal","kg","","0.00","False"
"YBA-CHC-MX1","30434.0","Sub Batter-Chocolate Brownie","sub recipe","internal","kg","","0.00","False"
"YBA-CHO-MX1","30352.0","Sub Sponge Batter -Chocolate","sub recipe","internal","kg","","0.00","False"
"YBA-CHS-MX1","30441.0","Sub Batter-Chocolate Sponge Sheet","sub recipe","internal","kg","","0.00","False"
"YBA-CSP-MX1","30447.0","Sub Batter- Choc Swissroll Sponge","sub recipe","internal","kg","","0.00","False"
"YBA-CSS-MX1","30864.0","Sub Batter - choc sheet scratch mix","sub recipe","internal","kg","","0.00","False"
"YBA-DEG-MX1","","Sub Batter Eggless Diwali Cake","sub recipe","internal","kg","","0.00","False"
"YBA-DIS-MX1","30622.0","Sub Batter Diwali Sponge","sub recipe","internal","kg","","0.00","False"
"YBA-DIV-MX1","30537.0","Sub Sponge Batter Diwali","sub recipe","internal","kg","","0.00","False"
"YBA-EFS-MX1","30443.0","Sub Batter -Eggfree Sponge sheet","sub recipe","internal","kg","","0.00","False"
"YBA-EGS-MX1","30623.0","Sub Batter Eggless Gateaux Sponge","sub recipe","internal","kg","","0.00","False"
"YBA-ESN-MX1","30768.0","Sub Batter Snowball Eggles","sub recipe","internal","kg","","0.00","False"
"YBA-FRS-MX1","30438.0","Sub Batter- Fruit Scones","sub recipe","internal","kg","","0.00","False"
"YBA-HCB-MX1","30351.0","Sub Dough- Hot Cross Buns","sub recipe","internal","kg","","0.00","False"
"YBA-HCC-MX1","30659.0","Sub Batter Cross for Hot Cross Buns","sub recipe","internal","kg","","0.00","False"
"YBA-MAD-MX1","30435.0","Sub Batter - Madeira Slab","sub recipe","internal","kg","","0.00","False"
"YBA-MCC-MX1","","Sub Sponge Batter- Moist Choc Sponge C/C","sub recipe","internal","kg","","0.00","False"
"YBA-QUC-MX1","30436.0","Sub Batter -Queen Cake","sub recipe","internal","kg","","0.00","False"
"YBA-RBS-MX1","30618.0","Sub Batter Rainbow Sponge","sub recipe","internal","kg","","0.00","False"
"YBA-RCS-MX1","30656.0","Sub Batter Rich Choc Sponge","sub recipe","internal","kg","","0.00","False"
"YBA-ROT-MX1","","Sub Dough Roti 12s","sub recipe","internal","kg","","0.00","False"
"YBA-SCO-MX1","30437.0","Sub Batter - Scones","sub recipe","internal","kg","","0.00","False"
"YBA-SMC-MX1","","Sub Sponge Batter - Moist Choc Sponge Fererro","sub recipe","internal","kg","","0.00","False"
"YBA-SNB-MX1","30439.0","Sub Batter -Snowball","sub recipe","internal","kg","","0.00","False"
"YBA-SPO-MX1","30444.0","Sub Batter - Strawberry Sponge","sub recipe","internal","kg","","0.00","False"
"YBA-VAN-MX1","30353.0","Sub Sponge Batter - Vanilla Gateaux","sub recipe","internal","kg","","0.00","False"
"YBA-VNS-MX1","30445.0","Sub Batter Vanilla Sheets Coastal","sub recipe","internal","kg","","0.00","False"
"YBA-VSR-MX1","30448.0","Sub Batter- Vanilla Swissroll Sponge","sub recipe","internal","kg","","0.00","False"
"YBA-WNS-MX1","30440.0","Sub Batter- Windsor Slab","sub recipe","internal","kg","","0.00","False"
"YBU -CTR-EAC","","Cake ring tins 170X70mm","equipment","external","ea","","77.70","True"
"YBU-CRE-MX6","30347.0","Sub Buns-Cream 6s","sub recipe","internal","kg","","0.00","False"
"YBU-JUG-2LT","","Jug Plastic 2 litre","consumables","external","ea","","0.00","True"
"YBU-JUG-5LT","","Jug Plastic 5 litre","consumables","external","ea","","0.00","True"
"YBU-OVM-EAC","30005.0","Oven Mittens","consumables","external","ea","","80.50","True"
"YBU-PAL-EAC","30653.0","Palette Knife","consumables","external","ea","","0.00","True"
"YBU-PBR-EACH","","Pastry Brush Nylon 60mm","consumables","external","ea","","0.00","True"
"YBU-SBP-EAC","30012.0","Sponge for bread pan","consumables","external","ea","","29.17","True"
"YBU-SPR-EAC","30013.0","Springform Cake Pan","equipment","external","ea","","57.94","True"
"YBU-SSC-EAC","","Scraper Steel 115x80mm","consumables","external","ea","","46.55","True"
"YCC-14C-EAC","30288.0","Case No 14 Cake","packaging","external","ea","","0.13","False"
"YCC-24E-EAC","30485.0","Madeira case 24e","packaging","external","ea","","0.39","False"
"YCC-APR-EAC","","White Plastic Aprons","consumables","external","ea","","0.50","True"
"YCC-BLA-EAC","","Gel super black","ingredient","external","ea","","6.83","False"
"YCC-BRA-KGR","30530.0","Brandy","ingredient","external","lt","0.00","0.00","False"
"YCC-BUN-EAC","30044.0","Paper 10kg Bunny","consumables","external","kg","","82.17","True"
"YCC-BUR-EAC","30169.0","Gel Burgundy","ingredient","external","kg","","83.90","False"
"YCC-CHA-EAC","30630.0","Champagne Bottle","miscellaneous","external","ea","","0.00","False"
"YCC-CRC-MX1","","Sub Cream Cheese","sub recipe","external","kg","","0.00","False"
"YCC-CRG-EAC","","Cream Gun 500g","consumables","external","ea","","0.00","True"
"YCC-CSC-EAC","","Coffee Scale","equpment","external","ea","","0.00","False"
"YCC-CUP-EAC","30803.0","Red Cupcakes Cup","packaging","external","ea","","0.14","False"
"YCC-DEP-EAC","","Gel Food Deep Pink","ingredient","external","kg","","0.00","False"
"YCC-EDI-005","","Canon Edible Ink set 5s 480/1","ingredient","external","ea","0.00","0.00","False"
"YCC-ELE-EAC","30165.0","Electric Green Gel","ingredient","external","kg","","0.00","False"
"YCC-EOR-EAC","30660.0","Gel Col. Elec Orange","ingredient","external","kg","","82.29","False"
"YCC-ESL-EAC","30677.0","Electronic Scale","equpment","","kg","","0.00","False"
"YCC-GEL-EAC","30185.0","Gel liquid gold /silver/ pearl","ingredient","external","kg","","0.00","False"
"YCC-GEP-EAC","30625.0","Gel Food Col.Elec Purple","ingredient","external","kg","","77.63","False"
"YCC-GLG-EAC","30626.0","Gel Food Col.Leaf Green","consumables","external","kg","","78.73","True"
"YCC-GLY-EAC","30628.0","Gel Food Col. Lemon Yellow","ingredient","external","kg","","76.15","False"
"YCC-GLY-KGR","30207.0","Glycerine","ingredient","external","kg","","0.00","False"
"YCC-GOM-EAC","30002.0","GlovesOven Mittens","consumables","external","ea","","98.79","True"
"YCC-GPP-EAC","30766.0","Grease Proof Paper","consumables","external","kg","","82.70","True"
"YCC-GPR-EAC","30740.0","GP REAM","consumables","external","kg","","93.00","True"
"YCC-GSB-EAC","30627.0","Gel Food ColSky Blue","ingredient","external","kg","","77.60","False"
"YCC-ICS-EAC","","Icing Sheet A4 New","ingredients","external","ea","","0.00","False"
"YCC-ISH-EAC","30235.0","Icing Sheet A4 Borderless","Ingredient","external","ea","","14.72","False"
"YCC-LEA-EAC","30624.0","Leaves No.Large","miscellaneous","external","ea","","1.05","False"
"YCC-LES-LTR","30690.0","Lemon Essense","ingredient","external","ea","0.00","0.00","False"
"YCC-MET-EAC","30003.0","metallic nozzil 15mm star","consumables","external","ea","","0.00","True"
"YCC-MGS-EAC","30641.0","Ed Cart Canon Mg Series","consumables","external","ea","0.00","0.00","True"
"YCC-MIS-EAC","30817.0","Mistletoe Garland ribbon","miscellaneous","external","ea","","0.00","False"
"YCC-MMC-EAC","30831.0","RICH MOIST XMAS CAKE","exotic cakes","internal","ea","","0.00","True"
"YCC-MOH-EAC","","Mop Hats","consumables","external","ea","","0.29","True"
"YCC-MXR-EAC","30816.0","Merry xmas ribbon","consumables","external","ea","0.00","0.00","True"
"YCC-NME-EAC","30014.0","Nozzels metallic","consumables","external","ea","","45.26","True"
"YCC-NST-EAC","30004.0","Nozzles star tubes 5s ( 42)","consumables","external","ea","","0.00","True"
"YCC-OCC-KGR","","Old Cakes Currant Square","miscellaneous","external","ea","","0.00","False"
"YCC-PAS-EAC","30006.0","Pastry Bag 13040 4 46cm","consumables","external","ea","","0.00","True"
"YCC-PIL-EAC","30046.0","Pillars White","miscellaneous","external","ea","","0.00","False"
"YCC-PIN-EAC","30166.0","Pink Gel","ingredient","external","ea","","0.00","False"
"YCC-PIP-EAC","30674.0","Piping Bags No 4","consumables","external","ea","","94.46","True"
"YCC-PLG-EAC","","Plastic Gloves","consumables","external","kg","","0.09","True"
"YCC-POT-KGR","30237.0","Potassium Sorbate Granular","ingredient","external","kg","","59.00","False"
"YCC-PSR-EAC","30045.0","Paper Silicone Ream","consumables","external","ea","","0.99","True"
"YCC-PSS-EAC","30008.0","Piping Tip Star Set","consumables","external","kg","","0.00","True"
"YCC-PST-EAC","30007.0","Pastry Bag 13040 5 50cm Export","consumables","external","ea","","0.00","True"
"YCC-PUR-EAC","30543.0","Gel Food Colouring Purple","ingredient","external","kg","","82.61","False"
"YCC-ROB-EAC","","Gel Food Royal Blue","ingredient","external","kg","","0.00","False"
"YCC-SHB-EAC","","Smartchef Heavy Duty Blender","equpment","external","ea","","2,645.00","False"
"YCC-SIL-EAC","30655.0","Silicon Paper 500","consumables","external","ea","","1.07","True"
"YCC-SOS-EAC","30701.0","Soccer Set","miscellaneous","external","ea","","20.00","False"
"YCC-SRD-EAC","30657.0","Gel Col.Super Red","ingredient","external","kg","","83.49","False"
"YCC-SUP-EAC","30170.0","Gel Super Red","ingredient","external","kg","","75.49","False"
"YCC-TEA-EAC","30172.0","Gel Teal","ingredient","external","kg","","23.43","False"
"YCC-THF-KGR","","Thickflo 25kg","ingredient","external","kg","","0.00","False"
"YCC-VIT-KGR","","Vitap Starch 25kg","ingredient","external","kg","","0.00","False"
"YCC-XPS-EAC","30815.0","Xmas Poinsettia Star Ribbon","miscellaneous","external","ea","","0.00","False"
"YCC-XSS-EAC","30834.0","Xmas stickers scroll","consumables","external","meter","","0.00","True"
"YCK-BAN-MX1","30748.0","Sub-Banana Cake","sub recipe","internal","kg","","0.00","False"
"YCK-FRC-MX1","30529.0","Sub Batter Christmas Windsor Plain","sub recipe","internal","kg","","0.00","False"
"YCL-BAG-EAC","30048.0","Bag Black Refuse HD","packaging","external","ea","","0.77","False"
"YCL-BLD-LTR","","Black Dip","consumables","external","lt","","22.00","True"
"YCL-BLE-EAC","30049.0","Bleach 5L","consumables","external","lt","","6.33","True"
"YCL-BRE-250G","","Detergent Brewtool 250G","consumables","external","kg","0.00","0.00","True"
"YCL-CEM-KGR","","Clenzo Espresso Cleaning Detergent","consumables","external","kg","0.00","0.00","True"
"YCL-DIS-EAC","30051.0","Dish Washing Liquid 25L","consumables","external","lt","0.00","0.00","True"
"YCL-DOO-EAC","","Doom","consumables","external","ea","0.00","0.00","True"
"YCL-EMP-EAC","30052.0","Empty Boxes","packaging","external","ea","","22.00","False"
"YCL-FAS-LTR","","Fat Solves","consumables","external","lt","","0.00","True"
"YCL-FLO-EAC","30053.0","Floor Cleaner Lav","consumables","external","lt","","7.30","True"
"YCL-HHG-EAC","30814.0","Household Gloves","consumables","external","ea","","0.00","True"
"YCL-HHH-EAC","30054.0","Handy Household 5l","consumables","external","lt","","6.18","True"
"YCL-MRM-EAC","30819.0","Mr min","consumables","external","ea","","0.00","True"
"YCL-OVC-EAC","30055.0","Oven Cleaner","consumables","external","lt","","10.00","True"
"YCL-POT-EAC","30056.0","Pot Scourers","consumables","external","ea","","0.00","True"
"YCL-SAN-500","","Hand Sanitiser 500ml","consumables","external","lt","","32.00","True"
"YCL-SCC-KGR","","Speciality Cleaning Chemicals -Machine Cleaner 900","consumables","external","lt","","0.00","True"
"YCL-SLW-EAC","30640.0","Steel Wool","consumables","external","ea","","0.00","True"
"YCL-SPO-EAC","30057.0","Sponges","ingredient","external","ea","","24.87","False"
"YCL-UCD-900G","","Urnex Cafiza2 Detergent","consumables","external","kg","","188.00","True"
"YDO-BIS-MX1","30463.0","Sub Dough-Biscuit","sub recipe","internal","kg","","0.00","False"
"YDO-BRB-MX1","30413.0","Sub Dough Brown Bread","sub recipe","internal","kg","","0.00","False"
"YDO-BUN-MX1","","Sub Dough - Buns","sub recipe","internal","kg","","0.00","False"
"YDO-CRO-MX1","","Sub dough Croissants","sub recipe","internal","kg","","0.00","False"
"YDO-CUC-MX1","30794.0","Sub Dough - Butter Biscuits","sub recipe","internal","kg","","0.00","False"
"YDO-DAN-MX1","30451.0","Sub Dough -Danish","sub recipe","internal","kg","","0.00","False"
"YDO-DOU-MX1","30453.0","Sub Dough-Doughnut","sub recipe","internal","kg","","0.00","False"
"YDO-M3M-MX1","30464.0","Sub Dough Melting Moment Round 60g","sub recipe","internal","kg","","0.00","False"
"YDO-MML-MX1","","Sub Dough Melting Moments Long 95g","sub recipe","internal","kg","","0.00","False"
"YDO-NAA-MX1","30449.0","Sub Dough - Naan","sub recipe","internal","kg","","0.00","False"
"YDO-ROL-MX1","30450.0","Sub Dough - Rolls","sub recipe","internal","kg","","0.00","False"
"YDP-CHD-MX1","30401.0","Sub Lamington -Dip Chocolate","sub recipe","internal","kg","","0.00","False"
"YDP-LAM-MX3","30402.0","Sub Raspberry Lamington - Dip","sub recipe","internal","kg","","0.00","False"
"YDP-SNO-MX1","30403.0","Sub Snowball Dip","sub recipe","internal","kg","","0.00","False"
"YEG-SNO-MX1","30767.0","Sub Snowball Eggless","sub recipe","internal","kg","","0.00","False"
"YFC-FRC-MX1","30366.0","Sub Fresh Cream","sub recipe","internal","kg","","0.00","False"
"YFI-BOG-MX1","30391.0","Sub Chocolate Ganache","sub recipe","internal","kg","","0.00","False"
"YFI-BOM-MX1","30409.0","Sub Choc Mousse Bar One","sub recipe","internal","kg","","0.00","False"
"YFI-CCC-KGR","","Sub Choc Cream Cheese","sub recipe","internal","kg","","0.00","False"
"YFI-CUS-MX1","30406.0","Sub Custard Filing","sub recipe","internal","kg","","0.00","False"
"YFI-FEM-MX1","","sub choc mousse ferrero","sub recipe","internal","kg","","0.00","False"
"YFI-MIL-MX1","30408.0","Sub Milk Tart Filling","sub recipe","internal","kg","","0.00","False"
"YFI-MOU-MX1","","Sub Mousse Mix","sub recipe","internal","kg","","0.00","False"
"YFI-SQF-MX1","30405.0","Sub Currant Square Filling","sub recipe","internal","kg","","0.00","False"
"YFI-STJ-MX1","30410.0","Sub Strawberry Jam Filling","sub recipe","internal","kg","","0.00","False"
"YFI-TIR-MX1","30411.0","Sub Tiramisu","sub recipe","internal","kg","","0.00","False"
"YGA-19K-EAC","30061.0","Gas 19kg","consumables","external","kg","","485.57","True"
"YGA-AFS-EAC","","Air Filled Stand 1550x500","miscellenous","external","ea","","639.00","False"
"YGA-FIR-EAC","30799.0","Fire Extinguisher","equipment","external","ea","","0.00","True"
"YPA-ECL-MX1","30457.0","Sub Batter Eclairs","sub recipe","internal","kg","","0.00","False"
"YPA-PUF-MX1","30459.0","Sub Pastry-Puff","sub recipe","internal","kg","","0.00","False"
"YPA-SWE-MX1","30461.0","Sub Sweet Paste","sub recipe","internal","kg","","0.00","False"
"YPI-PIC-MX1","30646.0","Sub Picture","sub recipe","internal","kg","","0.00","False"
"YRO-COR-M12","30649.0","Sub Cocktail Rolls 12s","sub recipe","internal","kg","","0.00","False"
"YSP-BSC-MX1","","Sub- Pie Bottom Short Crust Pastry","sub recipe","internal","kg","","0.00","False"
"YSP-SCM-MX1","","Sub- Chicken & Mushroom Pie Filling","sub recipe","internal","kg","","0.00","False"
"YSP-SHE-MX1","30389.0","Sub Bar One Sponge - Sheets","sub recipe","internal","kg","","0.00","False"
"YSP-SMC-MX1","","Sub- Mutton Curry Pie Filling","sub recipe","internal","kg","","0.00","False"
"YSP-SVP-MX1","","Sub- Veg Curry Pie Filling","sub recipe","internal","kg","","0.00","False"
"YSP-TRI-MX1","30355.0","Sub -Sponge Trifle","sub recipe","internal","kg","","0.00","False"
"YST-A4P-EAC","30066.0","A4 PAPER","consumables","external","ea","","0.00","True"
"YST-ABR-EAC","30745.0","Absa Rolls","consumables","external","ea","","0.00","True"
"YST-BAT-EAC","30837.0","Battery","consumables","external","ea","","0.00","True"
"YST-BCI-EAC","","New Birthday Cake Invoices","consumables","external","ea","","0.00","True"
"YST-BCO-EAC","30069.0","book cover","consumables","external","ea","0.00","0.00","True"
"YST-BRO-EAC","30632.0","Brother Toner Cart.7225N","consumables","external","ea","","0.00","True"
"YST-BTI-EAC","30070.0","Books Tax Invoice","consumables","external","ea","0.00","0.00","True"
"YST-BTP-EAC","30840.0","Black Tape","consumables","external","ea","","0.00","True"
"YST-DIW-EAC","30782.0","Diwali Invoice Books","consumables","external","ea","0.00","0.00","True"
"YST-DPL-EAC","","Diwali Cake Box Plates","packaging","external","ea","","0.00","False"
"YST-ERC-EAC","","Epson Ribbon Cartridge","consumables","external","ea","","0.00","True"
"YST-EXE-EAC","30065.0","A4 exercise book","consumables","external","ea","","0.00","True"
"YST-HCB-EAC","30732.0","Hard cover book","consumables","external","ea","0.00","0.00","True"
"YST-HLS-EAC","30843.0","High lighters","consumables","external","ea","","0.00","True"
"YST-LMP-EAC","30797.0","Laminating Plastic","consumables","external","ea","","0.00","True"
"YST-LPS-EAC","30074.0","Laser Payslips","consumables","external","ea","","0.00","True"
"YST-PFL-EAC","30075.0","paper file","consumables","external","ea","","0.00","True"
"YST-PRI-EAC","30750.0","Pritt","consumables","external","ea","","0.00","True"
"YST-SQA-PAC","30078.0","square white paper","consumables","external","ea","","0.00","True"
"YST-STA-BOX","30079.0","Staples rexel no .56","consumables","external","ea","","0.00","True"
"YST-TAP-EAC","30728.0","tape","consumables","external","ea","","0.00","True"
"YST-TIL-EAC","30687.0","Till Rolls","consumables","external","ea","","388.33","True"
"YST-TIP-EAC","30860.0","Tipex","consumables","external","ea","","0.00","True"
"YST-TRL-EAC","30059.0","toilet roll","consumables","external","ea","","7.57","True"
"YST-WGE-EAC","30733.0","Wage Envelope","packaging","external","ea","","0.00","False"
"YTB-MIL-MX1","30510.0","Sub Milk Tart Base Large","sub recipe","internal","kg","","0.00","False"
"YTB-MIS-MX1","30512.0","Sub Milk Tart Base Small","sub recipe","internal","kg","","0.00","False"
"YTB-NOB-EAC","","Sub No Bake Cake","sub recipe","internal","kg","","0.00","False"
"YTO-BEL-MX1","30418.0","Sub Belgica Tart Topping","sub recipe","internal","kg","0.00","0.00","False"
"YTO-BLC-MX1","30508.0","Sub Belgica Crumbs","subrecipe","internal","kg","","0.00","False"
"YTO-BOF-KGR","","Sub Bar One Filling","sub recipe","internal","kg","","0.00","False"
"YTO-BOG-KGR","","Sub- Bar One Ganache","sub recipe","internal","kg","","0.00","False"
"YTO-BUC-MX1","30398.0","Sub Buttercream Chocolate","sub recipe","internal","kg","","0.00","False"
"YTO-BUW-MX1","30357.0","Sub Buttercream- White","sub recipe","internal","kg","","0.00","False"
"YTO-BUY-MX1","30400.0","Sub Buttercream Yellow","sub recipe","internal","kg","","0.00","False"
"YTO-FOC-MX1","30412.0","Sub Fondant Chocolate","sub recipe","internal","kg","","0.00","False"
"YTO-NAA-MX1","30375.0","Sub Naan topping","sub recipe","internal","kg","","0.00","False"
"YTO-SNO-MX1","30419.0","Sub Snowball Coconut Topping","sub recipe","internal","kg","","0.00","False"
"YTO-SUS-MX1","30417.0","Sub Sugar Syrup","sub recipe","internal","kg","","0.00","False"
"YTO-SUW-MX1","30416.0","Sub Glaze Sugar Water","sub recipe","internal","kg","","0.00","False"
"YTO-WFI-MX1","30539.0","Sub - White Fondant Icing","sub recipe","internal","kg","","0.00","False"
"YUT-CDW-EAC","","Cutter Dough Wheel Divider","equipment","external","ea","","0.00","True"
"YUT-GRU-EAC","30654.0","Grunter Knife","consumables","external","ea","","276.71","True"
"YUT-PIP-EAC","30594.0","Piping Bag No 5","consumables","external","ea","","153.70","True"
"YUT-SCA-EAC","30652.0","Scale Electronic","equipment","external","ea","","0.00","True"
"YUT-WHI-EAC","","Whisks 350mm","equipment","external","ea","","137.20","True"
"ZBX-16B-EAC","30246.0","16 box","packaging","external","ea","0.00","0.00","False"
"ZBX-883-EAC","30739.0","8*8*3","packaging","external","ea","0.00","0.00","False"
"ZBX-884-EAC","30738.0","8*8*4","packaging","external","ea","","3.14","False"
"ZBX-MUFF-EACH","","Muffin Box Rose Design","packaging","external","ea","0.00","0.00","False"
"ZDB- FIC-EAC","","Genus Eco 30 Flying Insect Catcher","pest control","external","ea","","0.00","False"
"ZDB-351-EAC","","L 351 Domes","packaging","external","ea","","0.09","False"
"ZDB-38B-EAC","","38F Black Tray","packaging","external","ea","0.00","0.00","False"
"ZDB-38C-EAC","","38F Lid","packaging","external","ea","0.00","0.00","False"
"ZDB-38F-EAC","","38F Black Tray","packaging","external","ea","0.00","0.00","False"
"ZDB-S31-EAC","30281.0","Lids 300 Biscuit S312","packaging","external","ea","0.00","0.00","False"
"ZDB-SDL-EAC","","Square Desert Lid","packaging","external","ea","0.00","0.00","False"
"ZDB-SDT-EAC","","GLUTEN FREE COFFEE CAKE TUB","exotic","internal","ea","0.00","0.00","True"
"ZDO-DOY-EAC","30320.0","Doyley Round 240mm","packaging","external","ea","","1.11","False"
"ZFO-10-EAC","30501.0","KR 10","packaging","external","ea","","9.44","False"
"ZFO-14-EAC","30321.0","KR14","packaging","external","ea","","10.74","False"
"ZFO-16-EAC","30322.0","KR16","packaging","external","ea","","14.62","False"
"ZFO-18-EAC","30323.0","KR18","packaging","external","ea","","18.75","False"
"ZFO-1M5-EAC","","KS 1MX500","packaging","external","ea","","118.75","False"
"ZFO-20-EAC","30324.0","KR20","packaging","external","ea","","20.17","False"
"ZFO-20R-EAC","30742.0","20 Round Board","packaging","external","ea","","0.00","False"
"ZFO-500-EAC","30251.0","BOX 1M*500MM*6","packaging","external","ea","0.00","0.00","False"
"ZFO-NR1-EAC","30584.0","NR 10","packaging","external","ea","","5.82","False"
"ZFO-NR2-EAC","30585.0","NR 12","packaging","external","ea","","9.01","False"
"ZFO-NS1-EAC","30329.0","NS 10","packaging","external","ea","","5.48","False"
"ZFO-NS2-EAC","30330.0","NS12","packaging","external","ea","","7.60","False"
"ZFO-S16-EAC","30325.0","KS16","packaging","external","ea","","14.98","False"
"ZFO-S18-EAC","30326.0","KS18","packaging","external","ea","","19.02","False"
"ZFO-S20-EAC","30328.0","KS20","packaging","external","ea","","21.14","False"
"ZFO-T14-EAC","30331.0","NS14","packaging","external","ea","","9.05","False"
"ZFO-TN6-EAC","30617.0","NR 6","packaging","external","ea","","9.98","False"
"ZFO-TN8-EAC","30332.0","NS8","packaging","external","ea","","4.60","False"
"ZLA- REA-EAC","","Label Real Butter","packaging","external","ea","","0.00","False"
"ZLA-ALA-50MM","","Oven Delights logo labels 50mmx40mm","packaging","external","ea","","0.00","False"
"ZLA-LAB-EAC","30333.0","Label 40x46 B/white Label","packaging","external","ea","","0.07","False"
"ZLA-LKI-EACH","","Label White Keep In Fridge","packaging","external","ea","","0.04","False"
"ZLA-LPL-EAC","","Label For Platter Domes","packaging","external","ea","","0.00","False"
"ZLA-OLA-EAC","","Label Oven Delights Logo 50x50mm","packaging","external","ea","","0.00","False"
"ZLA-PLA-EAC","","Label Plates logo 50x50mm","packaging","external","ea","","0.00","False"
"ZLA-PLL-EAC","","Label for Platters Assorted Flavours","packaging","external","ea","","0.00","False"
"ZLA-WLB-EACH","","Label 40x29 White Label","packaging","external","ea","","0.09","False"
"ZPA- SSW-EAC","","Stirrer Sticks Wooden","consumables","external","ea","","0.12","True"
"ZPA-CDA-EAC","","4 Cup Drinkaway Carrier P2106","packaging","external","ea","","0.15","False"
"ZPA-CDC-EAC","","2 Cup Drinkaway Carrier P2105","packaging","external","ea","","0.10","False"
"ZPA-DWK-250ML","","250ml Double Wall Kraft Cup","packaging","external","ea","","1.48","False"
"ZPA-DWK-350ML","","350ml Double Wall Kraft Cup","packaging","external","ea","","1.74","False"
"ZPA-GRE-EAC","30302.0","Grease Proof 2(200*170)","packaging","external","ea","","0.16","False"
"ZPA-RSL-250ML","","250ml Ripple Sip Lid","packaging","external","ea","","0.47","False"
"ZPA-RSL-350ML","","350ml Ripple Sip Lid","packaging","external","ea","","0.57","False"
"ZPA-SER-BOX","30315.0","Servittes 200x300","consumables","external","ea","","2.23","True"
"ZPA-SSW-EAC","","Stirrer Sticks Wooden","consumables","external","ea","","0.12","True"
"ZPA-WHP-100ML","","100ml White Hot Paper Cup","packaging","external","ea","0.00","0.00","False"
"ZPL-70M-EAC","30284.0","Plastic Lids Clear 70mm","packaging","external","ea","0.00","0.00","False"
"ZPL-DES-EAC","30274.0","Desert Spoons","consumables","external","ea","","0.33","True"
"ZPL-F70-EAC","30279.0","F70 BISCUIT CONTAINER","packaging","external","ea","","0.00","False"
"ZPL-STR-BOX","30317.0","Wrapped Straws","consumables","external","ea","","0.18","True"
"ZPL-TRO-EAC","30316.0","Trolley Cover","consumables","external","ea","","70.26","True"
"ZPL-WSS--BOX","","Wrapped Smoothie Straw","consumables","external","ea","","0.00","True"
