Col1,Col2,Col3,Col4,Col5,Col6,Col7,Col8,Col9,Col10,Col11,Treatment,Branch
Cost,Whse,Ingredients,Item Description,CATERGORY,item catergory,BARCODE,ITEM DESCRIPTION,,Item Code,Incl Price,,OD200 - Ayesha Centre
0,OD200,,BD Bar One Square 20,exotic,internal,,BD Bar One Square 20,,BD-BAR-020,1800,,OD200 - Ayesha Centre
0,OD200,,Biscuit Choc Chip,biscuit,internal,0,Biscuit Choc Chip,,BIS- CHC-EAC,80,,OD200 - Ayesha Centre
0,OD200,,Biscuit Choc Vanilla 300g,biscuit,internal,0,Biscuit Choc Vanilla 300g,,BIS-BCV-EAC,70,,OD200 - Ayesha Centre
0,OD200,,Biscuit Choc Chip Cookie,biscuit,internal,0,Biscuit Choc Chip Cookie,,BIS-CCC-EAC,70,,OD200 - Ayesha Centre
0,OD200,,Biscuit Choc Delights 300G,biscuit,internal,14079,Biscuit Choc Delights 300G,,BIS-CHD-EAC,95,,OD200 - Ayesha Centre
0,OD200,,Biscuit Jam Nest 300G,biscuits,internal,14067,Biscuit Jam Nest 300G,,BIS-CJN-EAC,85,,OD200 - Ayesha Centre
0,OD200,,Biscuit Coconut,biscuit,internal,0,Biscuit Coconut,,BIS-COC-EAC,70,,OD200 - Ayesha Centre
0,OD200,,Biscuit Custard,biscuit,internal,16201,Biscuit Custard,,BIS-CUS-EAC,85,,OD200 - Ayesha Centre
0,OD200,,Biscuit Date Roll 300G,biscuit,internal,0,Biscuit Date Roll 300G,,BIS-DAT-EAC,95,,OD200 - Ayesha Centre
0,OD200,,Designer Biscuits 300G,biscuits,internal,14073,Designer Biscuits 300G,,BIS-DEB-EAC,95,,OD200 - Ayesha Centre
0,OD200,,Biscuit Fego 300G,biscuit,internal,16200,Biscuit Fego 300G,,BIS-FEB-EAC,85,,OD200 - Ayesha Centre
0,OD200,,Biscuit choc Fingers 300G,biscuit,internal,14068,Biscuit choc Fingers 300G,,BIS-FLF-EAC,95,,OD200 - Ayesha Centre
0,OD200,,Biscuit Horse Shoe 300G,biscuit,internal,14076,Biscuit Horse Shoe 300G,,BIS-HSB-EAC,85,,OD200 - Ayesha Centre
0,OD200,,Biscuit Naan Katai 300G,biscuit,internal,16077,Biscuit Naan Katai 300G,,BIS-NAK-EAC,85,,OD200 - Ayesha Centre
0,OD200,,Biscuit Pcn & almnd 300G,biscuit,internal,16203,Biscuit Pcn & almnd 300G,,BIS-PAO-EAC,85,,OD200 - Ayesha Centre
0,OD200,,Biscuit Pecan Nut Squares 300G,biscuit,internal,14069,Biscuit Pecan Nut Squares 300G,,BIS-PNS-EAC,85,,OD200 - Ayesha Centre
9.13,OD200,,Candles 10s- Silver,candle,external,0,Candles 10s- Silver,,CAN-CMS-EAC,20,,OD200 - Ayesha Centre
16.5,OD200,,Candle Numeral 0 Gold,candle,external,0,Candle Numeral 0 Gold,,CAN-GOL-000,22,,OD200 - Ayesha Centre
16.5,OD200,,Candle Numeral 1 Gold,candle,external,0,Candle Numeral 1 Gold,,CAN-GOL-001,22,,OD200 - Ayesha Centre
16.5,OD200,,Candle Numeral 2 Gold,candle,external,0,Candle Numeral 2 Gold,,CAN-GOL-002,22,,OD200 - Ayesha Centre
16.5,OD200,,Candle Numeral 3 Gold,candle,external,0,Candle Numeral 3 Gold,,CAN-GOL-003,22,,OD200 - Ayesha Centre
16.5,OD200,,Candle Numeral 4 Gold,candle,external,0,Candle Numeral 4 Gold,,CAN-GOL-004,22,,OD200 - Ayesha Centre
16.5,OD200,,Candle Numeral 5 Gold,candle,external,0,Candle Numeral 5 Gold,,CAN-GOL-005,22,,OD200 - Ayesha Centre
16.5,OD200,,Candle Numeral 6 Gold,candle,external,0,Candle Numeral 6 Gold,,CAN-GOL-006,22,,OD200 - Ayesha Centre
16.5,OD200,,Candle Numeral 7 Gold,candle,external,0,Candle Numeral 7 Gold,,CAN-GOL-007,22,,OD200 - Ayesha Centre
16.5,OD200,,Candle Numeral 8 Gold,candle,external,0,Candle Numeral 8 Gold,,CAN-GOL-008,22,,OD200 - Ayesha Centre
16.5,OD200,,Candle Numeral 9 Gold,candle,external,0,Candle Numeral 9 Gold,,CAN-GOL-009,22,,OD200 - Ayesha Centre
14.38,OD200,,Candle Magic Assorted,candle,external,8004,Candle Magic Assorted,,CAN-MAG-24S,22,,OD200 - Ayesha Centre
8.96,OD200,,Candle Mixed - 24x24,candle,external,8005,Candle Mixed - 24x24,,CAN-MIX-24S,20,,OD200 - Ayesha Centre
7.19,OD200,,Candle Numeral 0 Rainbow,candle,external,8006,Candle Numeral 0 Rainbow,,CAN-RAI-000,13,,OD200 - Ayesha Centre
7.19,OD200,,Candle Numeral 1 Rainbow,candle,external,8007,Candle Numeral 1 Rainbow,,CAN-RAI-001,13,,OD200 - Ayesha Centre
7.19,OD200,,Candle Numeral 2 Rainbow,candle,external,8008,Candle Numeral 2 Rainbow,,CAN-RAI-002,13,,OD200 - Ayesha Centre
7.19,OD200,,Candle Numeral 3 Rainbow,candle,external,8009,Candle Numeral 3 Rainbow,,CAN-RAI-003,13,,OD200 - Ayesha Centre
0,OD200,,Candle Numeral 4 Rainbow,candle,external,8010,Candle Numeral 4 Rainbow,,CAN-RAI-004,13,,OD200 - Ayesha Centre
7.19,OD200,,Candle Numeral 5 Rainbow,candle,external,8011,Candle Numeral 5 Rainbow,,CAN-RAI-005,13,,OD200 - Ayesha Centre
7.19,OD200,,Candle Numeral 6 Rainbow,candle,external,8012,Candle Numeral 6 Rainbow,,CAN-RAI-006,13,,OD200 - Ayesha Centre
7.19,OD200,,Candle Numeral 7 Rainbow,candle,external,8013,Candle Numeral 7 Rainbow,,CAN-RAI-007,13,,OD200 - Ayesha Centre
7.19,OD200,,Candle Numeral 8 Rainbow,candle,external,8014,candle numeral 8 Rainbow,,CAN-RAI-008,13,,OD200 - Ayesha Centre
7.19,OD200,,Candle Numeral 9 Rainbow,candle,external,8015,Candle Numeral 9 Rainbow,,CAN-RAI-009,22,,OD200 - Ayesha Centre
16.5,OD200,,Candle Numeral 0 Silver,candle,external,0,Candle Numeral 0 Silver,,CAN-SIL-000,22,,OD200 - Ayesha Centre
16.5,OD200,,Candle Numeral 1 Silver,candle,external,0,Candle Numeral 1 Silver,,CAN-SIL-001,22,,OD200 - Ayesha Centre
16.5,OD200,,Candle Numeral 2 Silver,candle,external,0,Candle Numeral 2 Silver,,CAN-SIL-002,22,,OD200 - Ayesha Centre
16.5,OD200,,Candle Numeral 3 Silver,candle,external,0,Candle Numeral 3 Silver,,CAN-SIL-003,22,,OD200 - Ayesha Centre
16.5,OD200,,Candle Numeral 4 Silver,candle,external,0,Candle Numeral 4 Silver,,CAN-SIL-004,22,,OD200 - Ayesha Centre
16.5,OD200,,Candle Numeral 5 Silver,candle,external,0,Candle Numeral 5 Silver,,CAN-SIL-005,22,,OD200 - Ayesha Centre
16.5,OD200,,Candle Numeral 6 Silver,candle,external,0,Candle Numeral 6 Silver,,CAN-SIL-006,22,,OD200 - Ayesha Centre
16.5,OD200,,Candle Numeral 7 Silver,candle,external,0,Candle Numeral 7 Silver,,CAN-SIL-007,22,,OD200 - Ayesha Centre
16.5,OD200,,Candle Numeral 8 Silver,candle,external,0,Candle Numeral 8 Silver,,CAN-SIL-008,22,,OD200 - Ayesha Centre
16.5,OD200,,Candle Numeral 9 Silver,candle,external,0,Candle Numeral 9 Silver,,CAN-SIL-009,22,,OD200 - Ayesha Centre
12.83,OD200,,Candle Numeral 0 White,candle,external,8025,Candle Numeral 0 White,,CAN-WHI-000,22,,OD200 - Ayesha Centre
12.83,OD200,,Candle Numeral 1 White,candle,external,8016,Candle Numeral 1 White,,CAN-WHI-001,22,,OD200 - Ayesha Centre
12.83,OD200,,Candle Numeral 2 White,candle,external,8017,Candle Numeral 2 White,,CAN-WHI-002,22,,OD200 - Ayesha Centre
12.83,OD200,,Candle Numeral 3 White,candle,external,8018,Candle Numeral 3 White,,CAN-WHI-003,22,,OD200 - Ayesha Centre
12.83,OD200,,Candle Numeral 4 White,candle,external,8019,Candle Numeral 4 White,,CAN-WHI-004,22,,OD200 - Ayesha Centre
12.83,OD200,,Candle Numeral 5 White,candle,external,8020,Candle Numeral 5 White,,CAN-WHI-005,22,,OD200 - Ayesha Centre
12.83,OD200,,Candle Numeral 6 White,candle,external,8021,Candle Numeral 6 White,,CAN-WHI-006,22,,OD200 - Ayesha Centre
12.83,OD200,,Candle Numeral 7 White,candle,external,8022,Candle Numeral 7 White,,CAN-WHI-007,22,,OD200 - Ayesha Centre
12.83,OD200,,Candle Numeral 8 White,candle,external,8023,Candle Numeral 8 White,,CAN-WHI-008,22,,OD200 - Ayesha Centre
12.83,OD200,,Candle Numeral 9 White,candle,external,8024,Candle Numeral 9 White,,CAN-WHI-009,22,,OD200 - Ayesha Centre
0,OD200,,BD 14'' Buttercream Alphabet Cake,novelty,internal,0,BD 14'' Buttercream Alphabet Cake,,CBA-BAC-014,640,,OD200 - Ayesha Centre
0,OD200,,BD 16'' Eggless Buttercream Alphabet Cake,novelty,internal,0,BD 16'' Eggless Buttercream Alphabet Cake,,CBA-BEA-016,830,,OD200 - Ayesha Centre
0,OD200,,BC Birthday Gateaux,buttercream cake,internal,11001,BC Birthday Gateaux,,CBC-BBG-EAC,135,,OD200 - Ayesha Centre
0,OD200,,Icing Cup Cakes,buttercream cake,internal,30337,Icing Cup Cakes,,CBC-BCC-EAC,18,,OD200 - Ayesha Centre
0,OD200,,BC Chocolate Delight,buttercream cake,internal,11004,BC Chocolate Delight,,CBC-BCD-EAC,19,,OD200 - Ayesha Centre
0,OD200,,BC Eggless Vanilla Gateaux,buttercream cake,internal,0,BC Eggless Vanilla Gateaux,,CBC-BCE-EAC,140,,OD200 - Ayesha Centre
0,OD200,,BC Chocolate Gateaux,buttercream cake,internal,11003,BC Chocolate Gateaux,,CBC-BCG-EAC,125,,OD200 - Ayesha Centre
0,OD200,,Icing Cup Cakes With Name,buttercream cake,internal,30339,Icing Cup Cakes With Name,,CBC-BCN-EAC,20,,OD200 - Ayesha Centre
0,OD200,,BC Chocolate Slice,buttercream cake,internal,11005,BC Chocolate Slice,,CBC-BCS-EAC,19,,OD200 - Ayesha Centre
0,OD200,,BC Chocolate Slice,buttercream cake,internal,11005,BC Chocolate Slice,,CBC-BCS-EAC,19,,OD200 - Ayesha Centre
0,OD200,,BC Chocolate Slice,buttercream cake,internal,11005,BC Chocolate Slice,,CBC-BCS-EAC,19,,OD200 - Ayesha Centre
0,OD200,,BC Chocolate Slice,buttercream cake,internal,11005,BC Chocolate Slice,,CBC-BCS-EAC,19,,OD200 - Ayesha Centre
0,OD200,,BC Doughnut,buttercream cake,internal,11016,BC Doughnut,,CBC-BDN-EAC,14,,OD200 - Ayesha Centre
0,OD200,,BC Eggless Birthday Gateaux,buttercream cake,internal,11040,BC Eggless Birthday Gateaux,,CBC-BEG-EAC,150,,OD200 - Ayesha Centre
0,OD200,,BC Smash Choc Rose Pattern Gateaux,buttercream cake,internal,11042,BC Smash Choc Rose Pattern Gateaux,,CBC-BRG-EAC,380,,OD200 - Ayesha Centre
0,OD200,,Christmas Buttercream Gateaux,buttercream cake,internal,11097,Christmas Buttercream Gateaux,,CBC-CBG-EAC,110,,OD200 - Ayesha Centre
0,OD200,,Chocolate Doughnut,buttercream cake,internal,11018,Chocolate Doughnut,,CBC-CDN-EAC,14,,OD200 - Ayesha Centre
0,OD200,,Coconut Tartlet,biuttercream cake,internal,11032,Coconut Tartlet,,CBC-CNL-EAC,18,,OD200 - Ayesha Centre
0,OD200,,Coconut Ring,buttercream cake,internal,11030,Coconut Ring,,CBC-CNR-EAC,18,,OD200 - Ayesha Centre
0,OD200,,Coconut Slice,buttercream cake,internal,11008,Coconut Slice,,CBC-CNS-EAC,14,,OD200 - Ayesha Centre
0,OD200,,Cream Puff,buttercream figure,internal,11034,Cream Puff,,CBC-CRP-EAC,17,,OD200 - Ayesha Centre
0,OD200,,Currant Square,buttercream cake,internal,11035,Currant Square,,CBC-CUS-EAC,17,,OD200 - Ayesha Centre
0,OD200,,BD 1MX500 BC Eggless,buttercream 1mx500,internal,0,BD 1MX500 BC Eggless,,CBC-EB1-1M,3100,,OD200 - Ayesha Centre
0,OD200,,Flakey Bits,buttercream cake,internal,11036,Flakey Bits,,CBC-FLA-EAC,17,,OD200 - Ayesha Centre
0,OD200,,Jam Puff,buttercream cake,internal,11037,Jam Puff,,CBC-JAP-EAC,17,,OD200 - Ayesha Centre
0,OD200,,Jam Doughnut,buttercream cake,internal,11019,Jam Doughnut,,CBC-JDN-EAC,12,,OD200 - Ayesha Centre
0,OD200,,Jam Turnover,buttercream cake,internal,11039,Jam Turnover,,CBC-JTO-EAC,17,,OD200 - Ayesha Centre
0,OD200,,Koeksuster 1s,buttercream cake,internal,11020,Koeksuster 1s,,CBC-KOE-EAC,13,,OD200 - Ayesha Centre
32,OD200,,Choc Lamington Plain,buttercream cake,internal,11009,Choc Lamington Plain,,CBC-LPC-EAC,15,,OD200 - Ayesha Centre
32,OD200,,Raspberry Lamington Plain,buttercream cake,internal,11010,Raspberry Lamington Plain,,CBC-LPR-EAC,15,,OD200 - Ayesha Centre
0,OD200,,Mini Buttercream D/N,buttercream,internal,11043,Mini Buttercream D/N,,CBC-MBD-EAC,11,,OD200 - Ayesha Centre
0,OD200,,Mothers Day Buttercream Gateaux,buttercream cake,internal,11098,Mothers Day Buttercream Gateaux,,CBC-MBG-EAC,140,,OD200 - Ayesha Centre
0,OD200,,Mini Chocolate D/N,buttercream cake,internal,11044,Mini Chocolate D/N,,CBC-MCD-EAC,11,,OD200 - Ayesha Centre
0,OD200,,Mini Lamington Chocolate Plain,shop front,internal,0,Mini Lamington Chocolate Plain,,CBC-MCL-EAC,11.5,,OD200 - Ayesha Centre
0,OD200,,Melting Moments 40g (Round),sweet,external,11021,Melting Moments 40g (Round),,CBC-MEL-40G,13,,OD200 - Ayesha Centre
0,OD200,,Melting Moments 60g (Long),buttercream cake,internal,11023,Melting Moments 60g (Long),,CBC-MEL-60G,15,,OD200 - Ayesha Centre
0,OD200,,Mini F/BITS,buttercream cake,internal,11045,Mini F/BITS,,CBC-MFL-EAC,11.5,,OD200 - Ayesha Centre
0,OD200,,Mini Lamington Raspberry Plain,buttercream cake,internal,0,Mini Lamington Raspberry Plain,,CBC-MRL-EAC,11.5,,OD200 - Ayesha Centre
0,OD200,,Mini Lamington Raspberry Plain,buttercream cake,internal,0,Mini Lamington Raspberry Plain,,CBC-MRL-EAC,11.5,,OD200 - Ayesha Centre
0,OD200,,Mini Lamington Raspberry Plain,buttercream cake,internal,0,Mini Lamington Raspberry Plain,,CBC-MRL-EAC,11.5,,OD200 - Ayesha Centre
0,OD200,,Mini S/B,buttercream cake,internal,11046,Mini S/B,,CBC-MSB-EACH,11.5,,OD200 - Ayesha Centre
0,OD200,,Muesli Slice,buttercream cake,internal,11007,Muesli Slice,,CBC-MUE-EAC,18,,OD200 - Ayesha Centre
0,OD200,,BD Picture Cup Cakes,buttercream cakes,internal,30338,BD Picture Cup Cakes,,CBC-PCC-EAC,20,,OD200 - Ayesha Centre
0,OD200,,Queen Cakes 1s,buttercream cake,internal,11011,Queen Cakes 1s,,CBC-QUC-EAC,11,,OD200 - Ayesha Centre
0,OD200,,Snowballs 1s,buttercream cake,internal,11013,Snowballs 1s,,CBC-SNO-EAC,16,,OD200 - Ayesha Centre
0,OD200,,BD Buttercream Figure 18,buttercream figure cake,internal,10088,BD Buttercream Figure 18,,CBF-BCF-018,850,,OD200 - Ayesha Centre
0,OD200,,BD Buttercream Figure 20,buttercream figure,internal,10090,BD Buttercream Figure 20,,CBF-BCF-020,900,,OD200 - Ayesha Centre
0,OD200,,BD 20 Buttercream Figure on Base Eggless,buttercream figure,internal,10199,BD 20 Buttercream Figure on Base Eggless,,CBF-BFE-020,1000,,OD200 - Ayesha Centre
0,OD200,,BD Buttercream Fig on SL 18,buttercream figure cake,internal,10092,BD Buttercream Fig on SL 18,,CBF-BFS-018,940,,OD200 - Ayesha Centre
0,OD200,,BD Buttercream Fig on SL 20,buttercream figure cake,internal,10094,BD Buttercream Fig on SL 20,,CBF-BFS-020,990,,OD200 - Ayesha Centre
0,OD200,,BD Freshcream 14 Black Forest,freshcream square black forest,internal,12001,BD Freshcream 14 Black Forest,,CBF-BLF-014,740,,OD200 - Ayesha Centre
0,OD200,,BD Freshcream 16 Blackforest,freshcream blackforest,internal,12020,BD Freshcream 16 Blackforest,,CBF-BLF-016,800,,OD200 - Ayesha Centre
0,OD200,,BD Freshcream 14 DL,freshcream square,internal,10039,BD Freshcream 14 DL,,CBF-FCD-014,470,,OD200 - Ayesha Centre
0,OD200,,BD Freshcream Figure 18,freshcream figure cake,internal,10089,BD Freshcream Figure 18,,CBF-FCF-018,900,,OD200 - Ayesha Centre
0,OD200,,BD Freshcream Figure 20,freshcream figure,internal,10091,BD Freshcream Figure 20,,CBF-FCF-020,950,,OD200 - Ayesha Centre
0,OD200,,BD 20 Freshcream Figure Only Eggless,freshcream figure,internal,0,BD 20 Freshcream Figure Only Eggless,,CBF-FF0-020,1300,,OD200 - Ayesha Centre
0,OD200,,BD Freshcream Figure on Base Eggless 20,freshcream figure cake,internal,10198,BD Freshcream Figure on Base Eggless 20,,CBF-FFE-020,1150,,OD200 - Ayesha Centre
0,OD200,,BD Freshcream Fig on SL 18,freshcream figure cake,internal,10093,BD Freshcream Fig on SL 18,,CBF-FFS-018,990,,OD200 - Ayesha Centre
0,OD200,,BD Freshcream Fig on SL 20,freshcream figure,internal,10095,BD Freshcream Fig on SL 20,,CBF-FFS-020,1040,,OD200 - Ayesha Centre
0,OD200,,BD 20 Buttercream Figure Only Eggless,buttercream figure,internal,0,BD 20 Buttercream Figure Only Eggless,,CBF-FOE-020,1250,,OD200 - Ayesha Centre
0,OD200,,BD Buttercream 1MX1M,novelty,internal,0,BD Buttercream 1MX1M,,CBN-B1M-EACH,5500,,OD200 - Ayesha Centre
0,OD200,,BD Freshcream 1M X1M,novelty,internal,0,BD Freshcream 1M X1M,,CBN-F1M-EACH,5700,,OD200 - Ayesha Centre
0,OD200,,BD Buttercream 12 Round,buttercream cake round,internal,10105,BD Buttercream 12 Round,,CBR-BCR-012,420,,OD200 - Ayesha Centre
0,OD200,,BD Buttercream 14 Round,buttercream cake round,internal,10107,BD Buttercream 14 Round,,CBR-BCR-014,450,,OD200 - Ayesha Centre
0,OD200,,BD Buttercream 16 Round,buttercream round,internal,10109,BD Buttercream 16 Round,,CBR-BCR-016,480,,OD200 - Ayesha Centre
0,OD200,,BD Buttercream 18 Round,buttercream cake round,internal,10104,BD Buttercream 18 Round,,CBR-BCR-018,570,,OD200 - Ayesha Centre
0,OD200,,BD Buttercream 20 Round,buttercream round,internal,10112,BD Buttercream 20 Round,,CBR-BCR-020,610,,OD200 - Ayesha Centre
0,OD200,,BD Freshcream 12 Round,freshcream cake round,internal,10106,BD Freshcream 12 Round,,CBR-FCR-012,460,,OD200 - Ayesha Centre
0,OD200,,BD Freshcream 14 Round,freshcream cake round,internal,10108,BD Freshcream 14 Round,,CBR-FCR-014,490,,OD200 - Ayesha Centre
0,OD200,,BD Freshcream 16 Round,freashcream round,internal,10110,BD Freshcream 16 Round,,CBR-FCR-016,520,,OD200 - Ayesha Centre
0,OD200,,BD Freshcream 18 Round,freshcream round,internal,10111,BD Freshcream 18 Round,,CBR-FCR-018,620,,OD200 - Ayesha Centre
0,OD200,,BD Freshcream 20 Round,freshcream round,internal,10113,BD Freshcream 20 Round,,CBR-FCR-020,660,,OD200 - Ayesha Centre
0,OD200,,BD Buttercream 12 DL,buttercream square,internal,10005,BD Buttercream 12 DL,,CBS-BCD-012,400,,OD200 - Ayesha Centre
0,OD200,,BD Buttercream 14 DL,buttercream square,internal,10007,BD Buttercream 14 DL,,CBS-BCD-014,430,,OD200 - Ayesha Centre
0,OD200,,BD Buttercream 16 DL,buttercream square,internal,10011,BD Buttercream 16 DL,,CBS-BCD-016,460,,OD200 - Ayesha Centre
0,OD200,,BD Buttercream 18 DL,buttercream square cake,internal,10015,BD Buttercream 18 DL,,CBS-BCD-018,550,,OD200 - Ayesha Centre
0,OD200,,BD Buttercream 20 DL,buttercream square,internal,10018,BD Buttercream 20 DL,,CBS-BCD-020,590,,OD200 - Ayesha Centre
0,OD200,,BD Buttercream 22 DL,buttercream square,internal,10031,BD Buttercream 22 DL,,CBS-BCD-022,770,,OD200 - Ayesha Centre
0,OD200,,BD 16 BC DL Eggless,buttercream square,internal,10033,BD 16 BC DL Eggless,,CBS-BCE-016,520,,OD200 - Ayesha Centre
0,OD200,,BD Freshcream 12 Black Forest,freshcream black forest,internal,10078,BD Freshcream 12 Black Forest,,CBS-BLF-012,670,,OD200 - Ayesha Centre
0,OD200,,BD Freshcream 12 DL,freshcream square,internal,10037,BD Freshcream 12 DL,,CBS-FCD-012,440,,OD200 - Ayesha Centre
0,OD200,,BD Freshcream 16 DL,freshcream square,internal,10041,BD Freshcream 16 DL,,CBS-FCD-016,500,,OD200 - Ayesha Centre
0,OD200,,BD Freshcream 18 DL,freshcream square,internal,10045,BD Freshcream 18 DL,,CBS-FCD-018,600,,OD200 - Ayesha Centre
0,OD200,,BD Freshcream 20 DL,frsshcream square,internal,10050,BD Freshcream 20 DL,,CBS-FCD-020,640,,OD200 - Ayesha Centre
0,OD200,,BD Freshcream 22 DL,freshcream square,internal,10054,BD Freshcream 22 DL,,CBS-FCD-022,830,,OD200 - Ayesha Centre
0,OD200,,BD 16 Freshcream Eggless,freshcream square,internal,10103,BD 16 Freshcream Eggless,,CBS-FCE-016,560,,OD200 - Ayesha Centre
0,OD200,,BD Buttercream 3 Tier Stacked,wedding cake,internal,10102,BD Buttercream 3 Tier Stacked,,CBW-CAK-003,2900,,OD200 - Ayesha Centre
0,OD200,,BD Buttercream 2Tier Stacked 12 16,wedding cake,internal,10289,BD Buttercream 2Tier Stacked 12 16,,CBW-STA-EAC,2100,,OD200 - Ayesha Centre
0,OD200,,New York Baked Cheese Cake Round,exotic cakes,internal,30665,New York Baked Cheese Cake Round,,CEX -NYW-EAC,400,,OD200 - Ayesha Centre
0,OD200,,Cheese Cake Dessert,exotic cakes,internal,14030,Cheese Cake Dessert,,CEX CCD-EAC,25,,OD200 - Ayesha Centre
0,OD200,,FC Bar One Eggless Drip,exotic cakes,internal,14050,FC Bar One Eggless Drip,,CEX- BEG-EAC,200,,OD200 - Ayesha Centre
0,OD200,,Moist Chocolate Pudding,exotic cakes,internal,14091,Moist Chocolate Pudding,,CEX- MCP-EAC,55,,OD200 - Ayesha Centre
0,OD200,,Buttercream 6 Layer Drip Cake with toppings,exotic cakes,internal,0,Buttercream 6 Layer Drip Cake with toppings,,CEX- MDB-EAC,1100,,OD200 - Ayesha Centre
0,OD200,,New York Blueberry Cheese Cake Slice,exotic,internal,0,New York Blueberry Cheese Cake Slice,,CEX- NBS-EAC,45,,OD200 - Ayesha Centre
0,OD200,,BC 12'' Round Triple Layer Rose Pattern,novelty,internal,0,BC 12'' Round Triple Layer Rose Pattern,,CEX- RTR-12,1000,,OD200 - Ayesha Centre
0,OD200,,Apple Tart,exotic,internal,14025,Apple Tart,,CEX-APP-EAC,60,,OD200 - Ayesha Centre
0,OD200,,Apple Tartlet,exotic,internal,0,Apple Tartlet,,CEX-ATS-EAC,25,,OD200 - Ayesha Centre
0,OD200,,BD Bar One Square 12,exotic cakes,internal,10001,BD Bar One Square 12,,CEX-BAR-012,1100,,OD200 - Ayesha Centre
0,OD200,,BD Bar One Square 14,exotic cakes,internal,10002,BD Bar One Square 14,,CEX-BAR-014,1300,,OD200 - Ayesha Centre
0,OD200,,BD Bar One Square 16,exotic cakes,internal,10003,BD Bar One Square 16,,CEX-BAR-016,1500,,OD200 - Ayesha Centre
0,OD200,,BD Bar One Square 18,exotic cakes,internal,0,BD Bar One Square 18,,CEX-BAR-018,1700,,OD200 - Ayesha Centre
0,OD200,,Bar One Log,exotic cakes,internal,4005,Bar One Log,,CEX-BOL-EAC,185,,OD200 - Ayesha Centre
0,OD200,,Mothers Day Bar One Round with rose and leaves,exotic cakes,internal,14065,Mothers Day Bar One Round with rose and leaves,,CEX-BOM-EAC,300,,OD200 - Ayesha Centre
0,OD200,,Bar One Round,exotic cakes,internal,14003,Bar One Round,,CEX-BOR-EAC,280,,OD200 - Ayesha Centre
0,OD200,,Bar One Slice,exotic cakes,internal,4008,Bar One Slice,,CEX-BOS-EAC,43,,OD200 - Ayesha Centre
0,OD200,,BD 12 Carrot Cake square wit cream cheese,exotic,internal,0,BD 12 Carrot Cake square wit cream cheese,,CEX-CAC-012,1100,,OD200 - Ayesha Centre
0,OD200,,BD 14' Carrot cake square with cream cheese,exotic,internal,0,BD 14' Carrot cake square with cream cheese,,CEX-CAC-014,1300,,OD200 - Ayesha Centre
0,OD200,,BD 16' Carrot Cake Square with cream cheese,exotic cakes,internal,0,BD 16' Carrot Cake Square with cream cheese,,CEX-CAC-016,1500,,OD200 - Ayesha Centre
0,OD200,,BD 18 Carrot Cake Square with cream cheese,exotic cakes,internal,0,BD 18 Carrot Cake Square with cream cheese,,CEX-CAC-018,1700,,OD200 - Ayesha Centre
0,OD200,,BD 20 Carrot Cake Square with cream cheese,exotic,internal,0,BD 20 Carrot Cake Square with cream cheese,,CEX-CAC-020,1600,,OD200 - Ayesha Centre
0,OD200,,Carrot Cake Cupcake,exotic cakes,internal,0,Carrot Cake Cupcake,,CEX-CAC-EAC,25,,OD200 - Ayesha Centre
0,OD200,,Chocolate Bar One 6 Layer Drip Cake,exotic cakes,internal,0,Chocolate Bar One 6 Layer Drip Cake,,CEX-CBD-EAC,1400,,OD200 - Ayesha Centre
0,OD200,,Christmas Bar One Round,exotic cakes,internal,14006,Christmas Bar One Round,,CEX-CBO-EAC,300,,OD200 - Ayesha Centre
0,OD200,,Chocolate Cake Pops (6s),exotic cakes,internal,140295,Chocolate Cake Pops (6s),,CEX-CCP-6S,42,,OD200 - Ayesha Centre
0,OD200,,Cheese Cake Slice,exotic cakes,internal,14007,Cheese Cake Slice,,CEX-CCS-EAC,48,,OD200 - Ayesha Centre
0,OD200,,Cheese Cake Tart,exotic cakes,internal,14008,Cheese Cake Tart,,CEX-CCT-EAC,70,,OD200 - Ayesha Centre
0,OD200,,Caramel Exotic Gateaux,exotic cakes,internal,14035,Caramel Exotic Gateaux,,CEX-CEG-EAC,190,,OD200 - Ayesha Centre
0,OD200,,Chocolate Fererro 6 Layer Drip Cake,exotic cakes,internal,0,Chocolate Fererro 6 Layer Drip Cake,,CEX-CFD-EAC,1400,,OD200 - Ayesha Centre
0,OD200,,Christmas Ferrero Cake,exotic cakes,internal,14010,Christmas Ferrero Cake,,CEX-CFE-EAC,280,,OD200 - Ayesha Centre
0,OD200,,Moist Choc Cake With Cream Cheese,exotic cakes,internal,14199,Moist Choc Cake With Cream Cheese,,CEX-CRM-EAC,180,,OD200 - Ayesha Centre
0,OD200,,Custard & Jelly,exotic cakes,internal,14042,Custard & Jelly,,CEX-CUS-EAC,19,,OD200 - Ayesha Centre
0,OD200,,Decorative Chocolate Vanilla Gateaux,exotic cakes,internal,14044,Decorative Chocolate Vanilla Gateaux,,CEX-DCV-EAC,280,,OD200 - Ayesha Centre
0,OD200,,Bar One Cupcake Eggless,exotic cakes,internal,0,Bar One Cupcake Eggless,,CEX-EBC-EACH,22,,OD200 - Ayesha Centre
0,OD200,,Mothers Day Ferrero Round with rose and leaves,exotic cakes,internal,14045,Mothers Day Ferrero Round with rose and leaves,,CEX-FEM-EAC,280,,OD200 - Ayesha Centre
0,OD200,,BD Ferrero Cake 12,exotic cakes,internal,10075,BD Ferrero Cake 12,,CEX-FER-012,1100,,OD200 - Ayesha Centre
0,OD200,,BD Ferrero Cake 14,exotic cakes,internal,10076,BD Ferrero Cake 14,,CEX-FER-014,1300,,OD200 - Ayesha Centre
0,OD200,,BD Ferrero Cake 16,exotic cakes,internal,10077,BD Ferrero Cake 16,,CEX-FER-016,1500,,OD200 - Ayesha Centre
0,OD200,,BD Ferrero Cake 18,exotic cakes,internal,0,BD Ferrero Cake 18,,CEX-FER-018,1700,,OD200 - Ayesha Centre
0,OD200,,BD Ferrero Cake 20,exotic,internal,0,BD Ferrero Cake 20,,CEX-FER-020,1800,,OD200 - Ayesha Centre
0,OD200,,Ferrero Rocher Cake,exotic cakes,internal,14012,Ferrero Rocher Cake,,CEX-FRC-EAC,260,,OD200 - Ayesha Centre
0,OD200,,Lemon Meringue Tart Small,exotic,internal,0,Lemon Meringue Tart Small,,CEX-LMS-EAC,20,,OD200 - Ayesha Centre
0,OD200,,Lemon Meringue Tart Large,exotic cakes,internal,0,Lemon Meringue Tart Large,,CEX-LMT-EAC,60,,OD200 - Ayesha Centre
0,OD200,,Macaroons (4s),exotic cakes,internal,14047,Macaroons (4s),,CEX-MAC-EAC,66,,OD200 - Ayesha Centre
0,OD200,,Malva Pudding,exotic,internal,14048,Malva Pudding,,CEX-MAL-EAC,34,,OD200 - Ayesha Centre
10,OD200,,Macaroons (1s),exotic,internal,0,Macaroons (1s),,CEX-MAO-EAC,19,,OD200 - Ayesha Centre
0,OD200,,Milky Bar Exotic,exotic cakes,internal,14049,Milky Bar Exotic,,CEX-MBE-EAC,230,,OD200 - Ayesha Centre
0,OD200,,Bar One Swissroll Slice,exotic cakes,internal,0,Bar One Swissroll Slice,,CEX-MBS-EAC,40,,OD200 - Ayesha Centre
0,OD200,,Moist Chocolate Cake Large With Cream Cheese,exotic,internal,0,Moist Chocolate Cake Large With Cream Cheese,,CEX-MCL-EACH,350,,OD200 - Ayesha Centre
0,OD200,,Freshcream 6 Layer Drip Cake with Toppings,shop front,internal,0,Freshcream 6 Layer Drip Cake with Toppings,,CEX-MDF-EAC,1200,,OD200 - Ayesha Centre
0,OD200,,BD Milky Bar 12'',exotic,internal,0,BD Milky Bar 12'',,CEX-MIL-12,700,,OD200 - Ayesha Centre
0,OD200,,BD Milky Bar 14'',exotic cakes,internal,0,BD Milky Bar 14'',,CEX-MIL-14,800,,OD200 - Ayesha Centre
0,OD200,,Milky Bar Swissroll Slice,exotic cakes,internal,0,Milky Bar Swissroll Slice,,CEX-MIL-EAC,35,,OD200 - Ayesha Centre
0,OD200,,Mini Pecan Nut Tart,exotic cakes,internal,0,Mini Pecan Nut Tart,,CEX-MPN-EAC,20,,OD200 - Ayesha Centre
0,OD200,,Malva Pudding Tartlet,exotic cakes,internal,0,Malva Pudding Tartlet,,CEX-MPT-EAC,16,,OD200 - Ayesha Centre
0,OD200,,Cream Cheese Rainbow Cake,exotic cakes,internal,0,Cream Cheese Rainbow Cake,,CEX-MRC-EAC,350,,OD200 - Ayesha Centre
0,OD200,,Cream Cheese Rainbow Slice,exotic cakes,internal,0,Cream Cheese Rainbow Slice,,CEX-MRS-EAC,43,,OD200 - Ayesha Centre
0,OD200,,Moist Vanilla Cake with Caramel Drizzle,exotic cakes,internal,14092,Moist Vanilla Cake with Caramel Drizzle,,CEX-MVC-EAC,75,,OD200 - Ayesha Centre
0,OD200,,New York Baked Blueberry Cheesecake Round,exotic cakes,internal,0,New York Baked Blueberry Cheesecake Round,,CEX-NBC-EAC,340,,OD200 - Ayesha Centre
0,OD200,,12'' Nibbed Nuts Only,miscellenous,internal,0,12'' Nibbed Nuts Only,,CEX-NUT-12,80,,OD200 - Ayesha Centre
0,OD200,,14'' Nibbed Nuts Only,miscellaneous,internal,0,14'' Nibbed Nuts Only,,CEX-NUT-14,80,,OD200 - Ayesha Centre
0,OD200,,16'' Nibbed Nuts Only,miscellenous,internal,0,16'' Nibbed Nuts Only,,CEX-NUT-16,120,,OD200 - Ayesha Centre
0,OD200,,18'' Nibbed Nuts Only,exotic,internal,0,18'' Nibbed Nuts Only,,CEX-NUT-18,120,,OD200 - Ayesha Centre
0,OD200,,20'' Nibbed Nuts Only,miscellenous,internal,0,20'' Nibbed Nuts Only,,CEX-NUT-20,180,,OD200 - Ayesha Centre
0,OD200,,22'' Nibbed Nuts Only,miscellenous,internal,0,22'' Nibbed Nuts Only,,CEX-NUT-22,180,,OD200 - Ayesha Centre
0,OD200,,New York Baked Cheese Cake Slice,exotic cakes,internal,0,New York Baked Cheese Cake Slice,,CEX-NYC-EAC,48,,OD200 - Ayesha Centre
0,OD200,,Portuguese Custard Tart (4S),exotic,external,0,Portuguese Custard Tart (4S),,CEX-PCT-4S,60,,OD200 - Ayesha Centre
10,OD200,,Portuguese Custard Tart,exotic,external,0,Portuguese Custard Tart,,CEX-PCT-EAC,18,,OD200 - Ayesha Centre
0,OD200,,12'' Peaches Slices Only,miscellenous,internal,0,12'' Peaches Slices Only,,CEX-PEA-12,80,,OD200 - Ayesha Centre
0,OD200,,14'' Peaches Slices Only,miscellaneous,internal,0,14'' Peaches Slices Only,,CEX-PEA-14,80,,OD200 - Ayesha Centre
0,OD200,,16'' Peaches Slices Only,miscellaneous,internal,0,16'' Peaches Slices Only,,CEX-PEA-16,120,,OD200 - Ayesha Centre
0,OD200,,18'' Peaches Slices Only,miscellenous,internal,0,18'' Peaches Slices Only,,CEX-PEA-18,180,,OD200 - Ayesha Centre
0,OD200,,20'' Peaches Slices Only,miscellenous,internal,0,20'' Peaches Slices Only,,CEX-PEA-20,180,,OD200 - Ayesha Centre
0,OD200,,22'' Peaches Slices Only,miscellaneous,internal,0,22'' Peaches Slices Only,,CEX-PEA-22,180,,OD200 - Ayesha Centre
0,OD200,,Pecan Nut Tartlet,exotic cakes,internal,0,Pecan Nut Tartlet,,CEX-PET-EACH,35,,OD200 - Ayesha Centre
0,OD200,,Peppermint Crisp Cake,exotic,internal,14014,Peppermint Crisp Cake,,CEX-PMC-EACH,100,,OD200 - Ayesha Centre
0,OD200,,Pecan Nut Tart,exotic cakes,internal,14016,Pecan Nut Tart,,CEX-PNT-EAC,110,,OD200 - Ayesha Centre
0,OD200,,Redvelvet Cheese Cake Cup,exotic cakes,internal,14038,Redvelvet Cheese Cake Cup,,CEX-REC-EAC,32,,OD200 - Ayesha Centre
0,OD200,,BD 16 Red Velvet Square,exotic cakes,internal,30778,BD 16 Red Velvet Square,,CEX-RED-016,1300,,OD200 - Ayesha Centre
0,OD200,,OREO CAKE,exotic cakes,internal,14059,OREO CAKE,,CEX-RMC-EAC,350,,OD200 - Ayesha Centre
0,OD200,,Red velvet Swissroll,exotic cakes,internal,14060,Red velvet Swissroll,,CEX-RSW-EAC,35,,OD200 - Ayesha Centre
0,OD200,,BC 14'' Round Triple Layer Rose Pattern,novelty,internal,0,BC 14'' Round Triple Layer Rose Pattern,,CEX-RTR-14,1100,,OD200 - Ayesha Centre
0,OD200,,BC 16'' Round Triple Layer Rose Pattern,novelty,internal,0,BC 16'' Round Triple Layer Rose Pattern,,CEX-RTR-16,1200,,OD200 - Ayesha Centre
0,OD200,,BC 18'' Round Triple Layer Rose Pattern,novelty,internal,0,BC 18'' Round Triple Layer Rose Pattern,,CEX-RTR-18,1400,,OD200 - Ayesha Centre
0,OD200,,BC 20'' Round Triple Layer Rose Pattern,novelty,internal,0,BC 20'' Round Triple Layer Rose Pattern,,CEX-RTR-20,1500,,OD200 - Ayesha Centre
0,OD200,,BD 18 Red Velvet Square,exotic cakes,internal,0,BD 18 Red Velvet Square,,CEX-RVB-018,1200,,OD200 - Ayesha Centre
0,OD200,,BD 20 Red Velvet Square,exotic cakes,internal,0,BD 20 Red Velvet Square,,CEX-RVB-020,1400,,OD200 - Ayesha Centre
0,OD200,,Red Velvet Cupcakes,exotic cakes,internal,14017,Red Velvet Cupcakes,,CEX-RVC-EAC,21,,OD200 - Ayesha Centre
0,OD200,,Red Velvet Gateaux,exotic cakes,internal,30776,Red Velvet Gateaux,,CEX-RVG-EAC,100,,OD200 - Ayesha Centre
0,OD200,,Red Velvet Gateaux,exotic cakes,internal,30776,Red Velvet Gateaux,,CEX-RVG-EAC,100,,OD200 - Ayesha Centre
0,OD200,,Red Velvet Log,exotic cakes,internal,14019,Red Velvet Log,,CEX-RVL-EAC,85,,OD200 - Ayesha Centre
0,OD200,,Red Velvet Slice,exotic cakes,internal,14020,Red Velvet Slice,,CEX-RVS-EAC,29,,OD200 - Ayesha Centre
0,OD200,,Tirumisu Dessert,exotic cakes,internal,0,Tirumisu Dessert,,CEX-TID-EAC,20,,OD200 - Ayesha Centre
0,OD200,,Cake Tiramisu,exotic cakes,internal,14021,Cake Tiramisu,,CEX-TIR-EAC,180,,OD200 - Ayesha Centre
0,OD200,,tirumisu slice,exotic cakes,internal,14022,tirumisu slice,,CEX-TIS-EAC,33,,OD200 - Ayesha Centre
0,OD200,,Tirumisu round,exotic cakes,internal,14023,Tirumisu round,,CEX-TRO-EAC,180,,OD200 - Ayesha Centre
0,OD200,,BD Milky Bar 16'',exotic cakes,internal,0,BD Milky Bar 16'',,CEZ-MIL-16,800,,OD200 - Ayesha Centre
0,OD200,,BD 14''  Freshcream Alphabet Cake,novelty,internal,0,BD 14'' Freshcream Alphabet Cake,,CFA-FAC-014,630,,OD200 - Ayesha Centre
0,OD200,,BD 16'' Eggless Freshcream Alphabet Cake,novelty,internal,0,BD 16'' Eggless Freshcream Alphabet Cake,,CFA-FAE-016,800,,OD200 - Ayesha Centre
0,OD200,,Belgica Tart,freshcream cake,internal,12022,Belgica Tart,,CFC-BET-EAC,85,,OD200 - Ayesha Centre
0,OD200,,Belgica Tartlet,freshcream cake,internal,12023,Belgica Tartlet,,CFC-BTL-EAC,32,,OD200 - Ayesha Centre
0,OD200,,FC Black Forest Slice,freshcream cake,internal,12009,FC Black Forest Slice,,CFC-CBS-EAC,24,,OD200 - Ayesha Centre
0,OD200,,Carrot Cake With Cream Cheese,freshcream cake,internal,30866,Carrot Cake With Cream Cheese,,CFC-CCC-EAC,76,,OD200 - Ayesha Centre
0,OD200,,Custard Doughnut,freshcream cakes,internal,12035,Custard Doughnut,,CFC-CCD-EAC,20,,OD200 - Ayesha Centre
0,OD200,,Gluten Free Carrot  Cake Tub 15cm,exotic,internal,0,Gluten Free Carrot Cake Tub 15cm,,CFC-CCT-15CM,22,,OD200 - Ayesha Centre
0,OD200,,FC Choc Drip Gateaux,freshcream cake,internal,15049,FC Choc Drip Gateaux,,CFC-CFD-EAC,200,,OD200 - Ayesha Centre
0,OD200,,Christmas Freshcream Eggless Gateaux,freshcream cake,internal,0,Christmas Freshcream Eggless Gateaux,,CFC-CFE-EACH,180,,OD200 - Ayesha Centre
0,OD200,,Custard Danish,freshcream cake,internal,12024,Custard Danish,,CFC-CUD-EAC,25,,OD200 - Ayesha Centre
0,OD200,,Custard Slice,freshcream cake ,internal,12025,Custard Slice,,CFC-CUS-EAC,25,,OD200 - Ayesha Centre
0,OD200,,BD 1M X500 FC Eggless,freshcream 1mx 500,internal,0,BD 1M X500 FC Eggless,,CFC-EF1-1M,3600,,OD200 - Ayesha Centre
0,OD200,,FC Black Forest Gateaux,freshcream cake,internal,12004,FC Black Forest Gateaux,,CFC-FBF-EAC,250,,OD200 - Ayesha Centre
0,OD200,,FC Birthday Gateaux,freshcream cake,internal,12002,FC Birthday Gateaux,,CFC-FBG-EAC,145,,OD200 - Ayesha Centre
0,OD200,,Fresh Cream Doughnut,freshcream cake,internal,12015,Fresh Cream Doughnut,,CFC-FCD-EAC,18,,OD200 - Ayesha Centre
0,OD200,,FC Eclair Chocolate,freshcream cakes,internal,12027,FC Eclair Chocolate,,CFC-FCE-EAC,24,,OD200 - Ayesha Centre
0,OD200,,FC Chocolate Gateaux,freshcream cake,internal,12006,FC Chocolate Gateaux,,CFC-FCG-EAC,135,,OD200 - Ayesha Centre
0,OD200,,Christmas Freshcream Choc Gateaux,freshcream cake,internal,12037,Christmas Freshcream Choc Gateaux,,CFC-FCJ-EAC,165,,OD200 - Ayesha Centre
0,OD200,,FC Fresh Cream Slice,freshcream cake,internal,12010,FC Fresh Cream Slice,,CFC-FCL-EAC,24,,OD200 - Ayesha Centre
0,OD200,,FC Lamington Chocolate,freshcream cake,internal,12012,FC Lamington Chocolate,,CFC-FCM-EAC,24,,OD200 - Ayesha Centre
0,OD200,,FC Caramel Sponge,exotic cakes,internal,12030,FC Caramel Sponge,,CFC-FCP-EAC,70,,OD200 - Ayesha Centre
0,OD200,,FC Croissant 80g,freshcream cake,internal,12026,FC Croissant 80g,,CFC-FCR-EAC,24,,OD200 - Ayesha Centre
0,OD200,,FC Chocolate Swiss Roll,freshcream cake,internal,12014,FC Chocolate Swiss Roll,,CFC-FCS-EAC,95,,OD200 - Ayesha Centre
0,OD200,,Cake Freshcream In Dome Eggless,freshcream cake,internal,8102,Cake Freshcream In Dome Eggless,,CFC-FDD-EAC,100,,OD200 - Ayesha Centre
0,OD200,,Cake Buttercream In Dome Eggless,buttercream cake,internal,8101,Cake Buttercream In Dome Eggless,,CFC-FDI-EAC,80,,OD200 - Ayesha Centre
0,OD200,,FC Eggless Birthday Gateaux,freshcream cake,internal,30519,FC Eggless Birthday Gateaux,,CFC-FEB-EAC,160,,OD200 - Ayesha Centre
0,OD200,,FC Eggless Vanilla Gateaux,freshcream cake,internal,12007,FC Eggless Vanilla Gateaux,,CFC-FEG-EAC,150,,OD200 - Ayesha Centre
0,OD200,,FC Eggless Slice,freshcream cake,internal,30621,FC Eggless Slice,,CFC-FES-EAC,25,,OD200 - Ayesha Centre
0,OD200,,FC Milky Bar Slice,exotic cakes,internal,12011,FC Milky Bar Slice,,CFC-FMS-EAC,20,,OD200 - Ayesha Centre
0,OD200,,Freshcream Oreo Slice,freshcream cake,internal,0,Freshcream Oreo Slice,,CFC-FOS-EAC,32,,OD200 - Ayesha Centre
0,OD200,,FC Lamington Raspberry,freshcream cake,internal,12013,FC Lamington Raspberry,,CFC-FRL-EAC,24,,OD200 - Ayesha Centre
0,OD200,,Mini Jam TurnOvers,buttercream cake,internal,0,Mini Jam TurnOvers,,CFC-FRM-EAC,14.5,,OD200 - Ayesha Centre
0,OD200,,BD Fruit Cake 10,fruit cake,internal,10079,BD Fruit Cake 10,,CFC-FRU-010,1100,,OD200 - Ayesha Centre
0,OD200,,BDFruit Cake 12,fruit cake,internal,10080,BDFruit Cake 12,,CFC-FRU-012,1200,,OD200 - Ayesha Centre
0,OD200,,BD Fruit Cake 14,fruit cake,internal,10081,BD Fruit Cake 14,,CFC-FRU-014,1300,,OD200 - Ayesha Centre
0,OD200,,BD Fruit Cake 16,fruit cake,internal,10082,BD Fruit Cake 16,,CFC-FRU-016,1500,,OD200 - Ayesha Centre
0,OD200,,Fruit Cake Pieces Unwrapped,fruit cake,internal,0,Fruit Cake Pieces Unwrapped,,CFC-FRU-EAU,17,,OD200 - Ayesha Centre
0,OD200,,Fruit Cake Pieces Wrapped,fruit cake,internal,0,Fruit Cake Pieces Wrapped,,CFC-FRU-EAW,12,,OD200 - Ayesha Centre
0,OD200,,Mini Freshcream Swissroll,freshcream cakes,internal,0,Mini Freshcream Swissroll,,CFC-FSM-EAC,20,,OD200 - Ayesha Centre
0,OD200,,FC Strawberry Sponge,freshcream cake,internal,12031,FC Strawberry Sponge,,CFC-FSS-EAC,400,,OD200 - Ayesha Centre
0,OD200,,Mothers Day Eggless Freshcream Gateaux,freshcream cake,internal,12034,Mothers Day Eggless Freshcream Gateaux,,CFC-MEG-EAC,175,,OD200 - Ayesha Centre
0,OD200,,Mini FC D/N,freshcream cake,internal,0,Mini FC D/N,,CFC-MFD-EAC,13,,OD200 - Ayesha Centre
0,OD200,,Mini Freshcream Eclairs,freshcream cakes,internal,0,Mini Freshcream Eclairs,,CFC-MFE-EAC,16,,OD200 - Ayesha Centre
0,OD200,,Mothers Day FC Choc Gateaux with rose and leaves,freshcream cakes,internal,12033,Mothers Day FC Choc Gateaux with rose and leaves,,CFC-MFG-EAC,132,,OD200 - Ayesha Centre
0,OD200,,Mothers Day FC Choc Gateaux with rose and leaves,freshcream cakes,internal,12033,Mothers Day FC Choc Gateaux with rose and leaves,,CFC-MFG-EAC,160,,OD200 - Ayesha Centre
0,OD200,,Mini CreamPuffs,buttercream cake,internal,0,Mini CreamPuffs,,CFC-MFL-EAC,14.5,,OD200 - Ayesha Centre
0,OD200,,Mini Milk Tart,freshcream cake,internal,0,Mini Milk Tart,,CFC-MMT-EAC,15.5,,OD200 - Ayesha Centre
0,OD200,,Milk Tart Large,freshcream cake,internal,12028,Milk Tart Large,,CFC-MTA-EAC,55,,OD200 - Ayesha Centre
0,OD200,,Milk Tartlet,freshcream cakes,internal,12029,Milk Tartlet,,CFC-MTL-EAC,24,,OD200 - Ayesha Centre
79.5,OD200,,No Bake Cake,freshcream cake,internal,12032,No Bake Cake,,CFC-NOB-EAC,24,,OD200 - Ayesha Centre
0,OD200,,BD Round Fruitcake 12,fruit cake round,internal,30340,BD Round Fruitcake 12,,CFR-CFR-012,1100,,OD200 - Ayesha Centre
0,OD200,,BD Round Fruitcake 14,fruit cak eround,internal,30363,BD Round Fruitcake 14,,CFR-CFR-014,1200,,OD200 - Ayesha Centre
0,OD200,,BD Round Fruitcake 16,fruit cake round,internal,30364,BD Round Fruitcake 16,,CFR-CFR-016,1300,,OD200 - Ayesha Centre
0,OD200,,BD WC Fruit 2 Layer,wedding cake,internal,10100,BD WC Fruit 2 Layer,,CFW-CAF-002,3900,,OD200 - Ayesha Centre
0,OD200,,BD WC Fruit 3 Layer,wedding cake,internal,10101,BD WC Fruit 3 Layer,,CFW-CAF-003,4900,,OD200 - Ayesha Centre
150,OD200,,Betasan Gel Sanitizer Refills,consumables,external,0,Betasan Gel Sanitizer Refills,,CLE-BGS-EAC,,,OD200 - Ayesha Centre
750,OD200,,Monthly Pest Control,pest control,external,0,Monthly Pest Control,,CLE-MPP-EAC,,,OD200 - Ayesha Centre
50,OD200,,Viper Boards,consumables,external,0,Viper Boards,,CLE-VIB-EAC,,,OD200 - Ayesha Centre
0,OD200,,BD Buttercream 1mx500,buttercream 1mx500,internal,10083,BD Buttercream 1mx500,,CNO-BC1-1X5,2400,,OD200 - Ayesha Centre
0,OD200,,BD Buttercream 16 Bible,novelty,internal,10060,BD Buttercream 16 Bible,,CNO-BCB-016,870,,OD200 - Ayesha Centre
0,OD200,,BD Buttercream 18 Bible,novelty,internal,10065,BD Buttercream 18 Bible,,CNO-BCB-018,920,,OD200 - Ayesha Centre
0,OD200,,BD Buttercream 20 Bible,novelty,internal,10068,BD Buttercream 20 Bible,,CNO-BCB-020,980,,OD200 - Ayesha Centre
0,OD200,,BD Buttercream 1mx500 Eggless,buttercream cake 1mx500,internal,0,BD Buttercream 1mx500 Eggless,,CNO-BCE-1X5,3100,,OD200 - Ayesha Centre
0,OD200,,BD Buttercream 16 Heart,novelty,internal,10063,BD Buttercream 16 Heart,,CNO-BCH-016,870,,OD200 - Ayesha Centre
0,OD200,,BD Buttercream 18 Heart,novelty,internal,10067,BD Buttercream 18 Heart,,CNO-BCH-018,920,,OD200 - Ayesha Centre
0,OD200,,BD Buttercream 20 Heart,novelty,internal,10036,BD Buttercream 20 Heart,,CNO-BCH-020,980,,OD200 - Ayesha Centre
0,OD200,,BD Buttercream 14 Soccer,novelty,internal,10059,BD Buttercream 14 Soccer,,CNO-BCS-014,720,,OD200 - Ayesha Centre
0,OD200,,BD Buttercream 16 Soccer,novelty,internal,10064,BD Buttercream 16 Soccer,,CNO-BCS-016,760,,OD200 - Ayesha Centre
0,OD200,,BD Mould On SL 18,novelty,internal,10085,BD Mould On SL 18,,CNO-BNY-018,1500,,OD200 - Ayesha Centre
0,OD200,,BD Buttercream 14 Butterfly,novelty,internal,10057,BD Buttercream 14 Butterfly,,CNO-BUT-014,950,,OD200 - Ayesha Centre
0,OD200,,BD Buttercream 16 Butterfly,novelty,internal,10062,BD Buttercream 16 Butterfly,,CNO-BUT-016,1000,,OD200 - Ayesha Centre
0,OD200,,BD Castle,novelty,internal,10087,BD Castle,,CNO-CAS-018,1700,,OD200 - Ayesha Centre
0,OD200,,BD Buttercream 20 Double Heart With Base,novelty,internal,10167,BD Buttercream 20 Double Heart With Base,,CNO-DHB-020,1100,,OD200 - Ayesha Centre
0,OD200,,BD Buttercream 14 Doll,novelty,internal,10058,BD Buttercream 14 Doll,,CNO-DOLL-014,870,,OD200 - Ayesha Centre
0,OD200,,BD Buttercream 16 Doll,novelty,internal,10061,BD Buttercream 16 Doll,,CNO-DOLL-016,920,,OD200 - Ayesha Centre
0,OD200,,BD Freshcream 1mx500,freshcream 1mx 500,internal,10084,BD Freshcream 1mx500,,CNO-FC1-1X5,2700,,OD200 - Ayesha Centre
0,OD200,,BD 16 Freshcream BIBLE,novelty,internal,30469,BD 16 Freshcream BIBLE,,CNO-FCB-016,920,,OD200 - Ayesha Centre
0,OD200,,BD Freshcream 18 Bible,novelty,internal,10071,BD Freshcream 18 Bible,,CNO-FCB-018,970,,OD200 - Ayesha Centre
0,OD200,,BD Freshcream 20 Bible,novelty,internal,10073,BD Freshcream 20 Bible,,CNO-FCB-020,1050,,OD200 - Ayesha Centre
0,OD200,,BD Freshcream 1m x 500 Eggless,freshcream cakes 1mx500 eggless,internal,0,BD Freshcream 1m x 500 Eggless,,CNO-FCE-1X5,3600,,OD200 - Ayesha Centre
0,OD200,,BD Freshcream 16 Heart,novelty,internal,10070,BD Freshcream 16 Heart,,CNO-FCH-016,920,,OD200 - Ayesha Centre
0,OD200,,BD Freshcream 18 Heart,novelty,internal,10072,BD Freshcream 18 Heart,,CNO-FCH-018,970,,OD200 - Ayesha Centre
0,OD200,,BD Freshcream 20 Heart,novelty,internal,10027,BD Freshcream 20 Heart,,CNO-FCH-020,1050,,OD200 - Ayesha Centre
0,OD200,,BD Freshcream 14 Soccer,novelty,internal,10069,BD Freshcream 14 Soccer,,CNO-FCS-014,760,,OD200 - Ayesha Centre
0,OD200,,BD Freshcream 16 Soccer,novelty,internal,10074,BD Freshcream 16 Soccer,,CNO-FCS-016,800,,OD200 - Ayesha Centre
0,OD200,,BD FC With Strawberries & Fence,novelty,internal,0,BD FC With Strawberries & Fence,,CNO-FSF-014,950,,OD200 - Ayesha Centre
0,OD200,,BD Spiderman On SL 18,novelty,internal,10086,BD Spiderman On SL 18,,CNO-SPI-018,1600,,OD200 - Ayesha Centre
8.3,OD200,,Coke Zero 440ml can,drink,external,0,Coke Zero 440ml can,,DRI- CZE-440,11,,OD200 - Ayesha Centre
0,OD200,,Americano Short,drink,internal,0,Americano Short,,DRI-AME-250ML,20,,OD200 - Ayesha Centre
0,OD200,,Americano Tall,drink,internal,0,Americano Tall,,DRI-AME-350ML,25,,OD200 - Ayesha Centre
13.94,OD200,,Appletiser 330ml CAN,drink,external,6001050000000,Appletiser 330ml CAN,,DRI-APT-330,20,,OD200 - Ayesha Centre
29.57,OD200,,Clover Bliss Double cream yogurt,ingredient,external,0,Clover Bliss Double cream yogurt,,DRI-BLI-EAC,15,,OD200 - Ayesha Centre
0,OD200,,Caramel Freezo,drink,internal,0,Caramel Freezo,,DRI-CAF-EAC,35,,OD200 - Ayesha Centre
0,OD200,,Cappuccino Tall,drink,internal,0,Cappuccino Tall,,DRI-CAL-EAC,30,,OD200 - Ayesha Centre
0,OD200,,Cappuccino Short,drink,internal,0,Cappuccino Short,,DRI-CAS-EAC,26,,OD200 - Ayesha Centre
10.72,OD200,,Cappy Breakfast Blend 330ml,drink,external,5449000000000,Cappy Breakfast Blend 330ml,,DRI-CBB-EAC,18,,OD200 - Ayesha Centre
0,OD200,,Coffee Freezo,drink,internal,0,Coffee Freezo,,DRI-CFR=EAC,35,,OD200 - Ayesha Centre
0,OD200,,Chai Latte Short,drink,internal,0,Chai Latte Short,,DRI-CHA-350ML,26,,OD200 - Ayesha Centre
7.9,OD200,,Coca-Cola 1250ml,drink,external,5449000000000,Coca-Cola 1250ml,,DRI-COC-125,12,,OD200 - Ayesha Centre
12.77,OD200,,Coca-Cola 1L,drink,external,5449000000000,Coca-Cola 1L,,DRI-COC-1LT,21,,OD200 - Ayesha Centre
20.64,OD200,,Coca-Cola 2l,drink,external,5449000000000,Coca-Cola 2l,,DRI-COC-2LT,30,,OD200 - Ayesha Centre
5.04,OD200,,Coca-Cola 300ml Bottle,drink,external,2003,Coca-Cola 300ml Bottle,,DRI-COC-300,7,,OD200 - Ayesha Centre
8.29,OD200,,Coca-Cola 300ml Can,drink,external,5449000000000,Coca-Cola 300ml Can,,DRI-COC-330,9,,OD200 - Ayesha Centre
9.51,OD200,,Coca-Cola 440ml Buddy,drink,external,5449000000000,Coca-Cola 440ml Buddy,,DRI-COC-500,14.5,,OD200 - Ayesha Centre
10.39,OD200,,Coca-Cola Zero 1.5ltr,drink,external,5449000000000,Coca-Cola Zero 1.5ltr,,DRI-COL-1.5LT,20,,OD200 - Ayesha Centre
0,OD200,,Coca-Cola Light 1250ml,drink,external,5449000000000,Coca-Cola Light 1250ml,,DRI-COL-125,12,,OD200 - Ayesha Centre
15.86,OD200,,Coke Light 2250ml,drink,external,0,Coke Light 2250ml,,DRI-COL-225,27,,OD200 - Ayesha Centre
12.98,OD200,,Coca-Cola Light 2l,drink,external,5449000000000,Coca-Cola Light 2l,,DRI-COL-2LT,27,,OD200 - Ayesha Centre
0,OD200,,Coke 300ml Can,drink,external,549000000000,Coke 300ml Can,,DRI-COL-300C,13,,OD200 - Ayesha Centre
6.41,OD200,,Coca-Cola Light 330ml Can,drink,external,5449000000000,Coca-Cola Light 330ml Can,,DRI-COL-330,9,,OD200 - Ayesha Centre
8.64,OD200,,Coca-Cola Light 500ml,drink,external,5449000000000,Coca-Cola Light 500ml,,DRI-COL-500,14.5,,OD200 - Ayesha Centre
0,OD200,,Cortado Short,drink,internal,0,Cortado Short,,DRI-COR-250ML,26,,OD200 - Ayesha Centre
16.61,OD200,,Coke Zero 2250ml,drink,external,0,Coke Zero 2250ml,,DRI-COZ-2250,27,,OD200 - Ayesha Centre
12.98,OD200,,Coca-Cola Zero 2l,drink,external,5449000000000,Coca-Cola Zero 2l,,DRI-COZ-2LT,27,,OD200 - Ayesha Centre
6.41,OD200,,Coca-Cola Zero 300ml Can,drink,external,5449000000000,Coca-Cola Zero 300ml Can,,DRI-COZ-330,9,,OD200 - Ayesha Centre
9.51,OD200,,Coca-Cola Zero 500ml,ingredient,external,5449000000000,Coca-Cola Zero 500ml,,DRI-COZ-500,14.5,,OD200 - Ayesha Centre
11.29,OD200,,Cappy Passion Peach,drink,external,5449000000000,Cappy Passion Peach,,DRI-CPP-EAC,16,,OD200 - Ayesha Centre
0,OD200,,Cappy Trop Punch 330ml,drink,external,5449000000000,Cappy Trop Punch 330ml,,DRI-CTP-330,18,,OD200 - Ayesha Centre
10.72,OD200,,Cappy Tropical 330ml,drink,external,0,Cappy Tropical 330ml,,DRI-CTR-EAC,18,,OD200 - Ayesha Centre
0,OD200,,Espresso Double Small,drink,internal,0,Espresso Double Small,,DRI-ESD-EAC,25,,OD200 - Ayesha Centre
0,OD200,,Espresso  Short,drink,internal,0,Espresso Short,,DRI-ESS-250ML,20,,OD200 - Ayesha Centre
0,OD200,,Espresso Tall,drink,internal,0,Espresso Tall,,DRI-ESS-350ML,22,,OD200 - Ayesha Centre
0,OD200,,Espresso Singe Small,drink,internal,0,Espresso Single Small,,DRI-ESS-EAC,20,,OD200 - Ayesha Centre
18.03,OD200,,Fanta Grape,drink,external,54490000000000,Fanta Grape,,DRI-FAG-1LT,17,,OD200 - Ayesha Centre
15.1,OD200,,Fanta Grape 2l,drink,external,5449000000000,Fanta Grape 2l,,DRI-FAG-2LT,27,,OD200 - Ayesha Centre
5.04,OD200,,Fanta Grape 300ml Bottle,drink,external,2004,Fanta Grape 300ml Bottle,,DRI-FAG-300,9,,OD200 - Ayesha Centre
7.76,OD200,,Fanta Grape 300ml CAN,drink,external,5449000000000,Fanta Grape 300ml CAN,,DRI-FAG-330,9,,OD200 - Ayesha Centre
9.51,OD200,,Fanta Grape 440ml Buddy,drink,external,5449000000000,Fanta Grape 440ml Buddy,,DRI-FAG-500,14.5,,OD200 - Ayesha Centre
15.1,OD200,,Fanta Orange 2l,drink,external,5449000000000,Fanta Orange 2l,,DRI-FAO-2LT,27,,OD200 - Ayesha Centre
5.04,OD200,,Fanta Orange 300ml Bottle,drink,external,2008,Fanta Orange 300ml Bottle,,DRI-FAO-300,7,,OD200 - Ayesha Centre
8.29,OD200,,Fanta Orange 300ml Can,drink,external,5449000000000,Fanta Orange 300ml Can,,DRI-FAO-330,9,,OD200 - Ayesha Centre
9.51,OD200,,Fanta Orange 440ml Buddy,drink,external,5449000000000,Fanta Orange 440ml Buddy,,DRI-FAO-500,14.5,,OD200 - Ayesha Centre
15.1,OD200,,Fanta Pineapple 2l,drink,external,5449000000000,Fanta Pineapple 2l,,DRI-FAP-2LT,27,,OD200 - Ayesha Centre
2.64,OD200,,Fanta Pine 300ml Bottle,drink,external,2007,Fanta Pine 300ml Bottle,,DRI-FAP-300,9,,OD200 - Ayesha Centre
4.92,OD200,,Fanta Pineapple 330ml Can,drink,external,5449000000000,Fanta Pineapple 330ml Can,,DRI-FAP-330,9,,OD200 - Ayesha Centre
9.51,OD200,,Fanta Pineapple 440ml Buddy,drink,external,5449000000000,Fanta Pineapple 440ml Buddy,,DRI-FAP-500,14.5,,OD200 - Ayesha Centre
10.39,OD200,,Fanta 1 litre,drink,external,,Fanta 1 litre,,DRI-FAS-125,17,,OD200 - Ayesha Centre
0,OD200,,Flat White Short,drink,internal,,Flat White Short,,DRI-FLW-250ML,26,,OD200 - Ayesha Centre
0,OD200,,Flat White Tall,drink,internal,,Flat White Tall,,DRI-FLW-350ML,34,,OD200 - Ayesha Centre
0,OD200,,Five Roses Tea Tall,drink,internal,,Five Roses Tea Tall,,DRI-FRT-350ML,16,,OD200 - Ayesha Centre
59.12,OD200,,Five Roses Tea,drink,internal,,Five Roses Tea,,DRI-FRT-EAC,16,,OD200 - Ayesha Centre
8.58,OD200,,Fanta What The Flavour 400ml Buddy,drink,external,5449000000000,Fanta What The Flavour 400ml Buddy,,DRI-FWT-400ML,14.5,,OD200 - Ayesha Centre
0,OD200,,Grapetiser 330ml Can,drink,external,6001050000000,Grapetiser 330ml Can,,DRI-GRA-330,13.5,,OD200 - Ayesha Centre
0,OD200,,Green Tea,drink,external,,Green Tea,,DRI-GRT-EAC,16,,OD200 - Ayesha Centre
0,OD200,,Grapetiser Wht 330ml Can,drink,external,6001050000000,Grapetiser Wht 330ml Can,,DRI-GRW-330,16.5,,OD200 - Ayesha Centre
0,OD200,,Hazelnut Freezo,drink,internal,0,Hazelnut Freezo,,DRI-HAF-EAC,35,,OD200 - Ayesha Centre
0,OD200,,Hot Chocolate Short,drink,internal,0,Hot Chocolate Short,,DRI-HOC-250ML,26,,OD200 - Ayesha Centre
0,OD200,,Hot Chocolate Tall,drink,internal,0,Hot Chocolate Tall,,DRI-HOC-350ML,34,,OD200 - Ayesha Centre
0,OD200,,Tall White Hot Chocolate,drink,internal,0,Tall White Hot Chocolate,,DRI-HWT-EAC,34,,OD200 - Ayesha Centre
0,OD200,,Iced Americano,drink,internal,0,Iced Americano,,DRI-IAM-EAC,30,,OD200 - Ayesha Centre
0,OD200,,Iron Brew1.25ml,drink,external,0,Iron Brew1.25ml,,DRI-IBR-125,12,,OD200 - Ayesha Centre
0,OD200,,Iced Latte,drink,internal,0,Iced Latte,,DRI-ILA-EAC,30,,OD200 - Ayesha Centre
0,OD200,,Iced Mocha,platter,internal,0,Iced Mocha,,DRI-IMO-EAC,30,,OD200 - Ayesha Centre
0,OD200,,Iron Brew 2l,drink,external,6001130000000,Iron Brew 2l,,DRI-IRO-2LT,27,,OD200 - Ayesha Centre
0,OD200,,Iron Brew 300ml,drink,external,2009,Iron Brew 300ml,,DRI-IRO-300,7,,OD200 - Ayesha Centre
0,OD200,,Iron Brew 330ml Can,drink,external,5449000000000,Iron Brew 330ml Can,,DRI-IRO-330,9,,OD200 - Ayesha Centre
0,OD200,,Iced White Mocha,drink,internal,0,Iced White Mocha,,DRI-IWM-EAC,30,,OD200 - Ayesha Centre
0,OD200,,Clover Krush 100% Apple,juice,external,6001300000000,Clover Krush 100% Apple,,DRI-KAPP-500ML,20,,OD200 - Ayesha Centre
14.25,OD200,,Clover Krush 6 Fruit £ Fibre,juice,external,6001300000000,Clover Krush 6 Fruit £ Fibre,,DRI-KFF-500ML,20,,OD200 - Ayesha Centre
11.74,OD200,,Clover Krush 100% Orange,juice,external,6001300000000,Clover Krush 100% Orange,,DRI-KOR-500ML,20,,OD200 - Ayesha Centre
0,OD200,,Latte Tall,drink,internal,0,Latte Tall,,DRI-LAT-350ML,30,,OD200 - Ayesha Centre
0,OD200,,Latte Short,drink,internal,0,Latte Short,,DRI-LATT-250ML,26,,OD200 - Ayesha Centre
0,OD200,,OD Bombay Crush,drink,internal,0,OD Bombay Crush,,DRI-MBO-EAC,45,,OD200 - Ayesha Centre
0,OD200,,OD Bubblegum Milkshake,drink,internal,0,OD Bubblegum Milkshake,,DRI-MBU-EAC,40,,OD200 - Ayesha Centre
0,OD200,,OD Chocolate Milkshake,drink,internal,0,OD Chocolate Milkshake,,DRI-MCH-EAC,40,,OD200 - Ayesha Centre
0,OD200,,OD Coffee Milkshake,drink,internal,0,OD Coffee Milkshake,,DRI-MCO-EAC,40,,OD200 - Ayesha Centre
12.72,OD200,,Monster Engery 500ml,drink,external,5060170000000,Monster Engery 500ml,,DRI-MEN-500,25,,OD200 - Ayesha Centre
0,OD200,,OD Lime Milkshake,drink,internal,0,OD Lime Milkshake,,DRI-MLI-EAC,40,,OD200 - Ayesha Centre
0,OD200,,Monster Mucho Logo 500ml,drink,external,5060520000000,Monster Mucho Logo 500ml,,DRI-MML-500,25,,OD200 - Ayesha Centre
0,OD200,,Mocha Short,drink,internal,0,Mocha Short,,DRI-MOC-250ML,34,,OD200 - Ayesha Centre
0,OD200,,Mocha Tall,drink,internal,0,Mocha Tall,,DRI-MOC-350ML,42,,OD200 - Ayesha Centre
12.9,OD200,,Monster Original,drink,external,5060520000000,Monster Original,,DRI-MON-330,25,,OD200 - Ayesha Centre
0,OD200,,OD Salted Caramel Milkshake,drink,internal,0,OD Salted Caramel Milkshake,,DRI-MSC-EAC,40,,OD200 - Ayesha Centre
0,OD200,,OD Strawberry Milkshake,drink,internal,0,OD Strawberry Milkshake,,DRI-MST-EAC,40,,OD200 - Ayesha Centre
0,OD200,,OD Vanilla Milkshake,drink,internal,0,OD Vanilla Milkshake,,DRI-MVA-EAC,40,,OD200 - Ayesha Centre
10.87,OD200,,Powerade Blueberry 500ml,drink,external,54490482,Powerade Blueberry 500ml,,DRI-PBB-EAC,15,,OD200 - Ayesha Centre
6.46,OD200,,Predator Gold Energy Drink 500ml,drink,external,5060520000000,Predator Gold Energy Drink 500ml,,DRI-PGE-500,15,,OD200 - Ayesha Centre
10.87,OD200,,Powerade Jagged Ice,drink,external,90492488,Powerade Jagged Ice,,DRI-PJI-EAC,15,,OD200 - Ayesha Centre
0,OD200,,Powerade Naartjie,drink,external,90492501,Powerade Naartjie,,DRI-PNA-500ML,15,,OD200 - Ayesha Centre
10.7,OD200,,Powerplay,drink,external,0,Powerplay,,DRI-PPL-EAC,24,,OD200 - Ayesha Centre
13.04,OD200,,Red Bull 250ml,drink,external,9002490000000,Red Bull 250ml,,DRI-REB-EAC,23.5,,OD200 - Ayesha Centre
0,OD200,,Rooibos Tea Short,drink,internal,0,Rooibos Tea Short,,DRI-ROB-250ML,18,,OD200 - Ayesha Centre
0,OD200,,Rooibos Tea,drink,internal,,Rooibos ,,DRI-ROO-EAC,18,,OD200 - Ayesha Centre
0,OD200,,Red Bull Sugar Free,drink,external,9002490000000,Red Bull Sugar Free,,DRI-RSF-EAC,23.5,,OD200 - Ayesha Centre
0,OD200,,Cafe Latte Short,drink,internal,0,Cafe Latte Short,,DRI-SCL-EAC,26,,OD200 - Ayesha Centre
7.9,OD200,,Spar C/Soda 1250ml,drink,external,2017,Spar C/Soda 1250ml,,DRI-SCS-125,12,,OD200 - Ayesha Centre
13.46,OD200,,Spar C\Soda 2lt,drink,external,6001130000000,Spar C\Soda 2lt,,DRI-SCS-2LT,27,,OD200 - Ayesha Centre
8.29,OD200,,Spar C/Soda 300ml,drink,external,5449000000000,Spar C/Soda 300ml,,DRI-SCS-300,7,,OD200 - Ayesha Centre
7.59,OD200,,Spar C/Soda 330ml Can,drink,external,5449000000000,Spar C/Soda 330ml Can,,DRI-SCS-330,9,,OD200 - Ayesha Centre
9.51,OD200,,Spar Cream Soda 440ml Buddy,drink,external,5449000000000,Spar Cream Soda 440ml Buddy,,DRI-SCS-500,14.5,,OD200 - Ayesha Centre
7.9,OD200,,Spar Iron Brew 1250ml,drink,external,2011,Spar Iron Brew 1250ml,,DRI-SIB-125,12,,OD200 - Ayesha Centre
13.67,OD200,,Spar Pine Nut 1250ml,drink,external,2012,Spar Pine Nut 1250ml,,DRI-SPN-125,12,,OD200 - Ayesha Centre
12.59,OD200,,Spar Sparbry Pine Nut 2ltr,drink,external,5449000000000,Spar Sparbry Pine Nut 2ltr,,DRI-SPN-2LT,27,,OD200 - Ayesha Centre
10.39,OD200,,Sprite 1 litre,drink,external,5449000000000,Sprite 1 litre,,DRI-SPR-125,17,,OD200 - Ayesha Centre
15.1,OD200,,Sprite 2l,drink,external,5449000000000,Sprite 2l,,DRI-SPR-2LT,27,,OD200 - Ayesha Centre
8.29,OD200,,Sprite 300ml Can,drink,external,5449000000000,Sprite 300ml Can,,DRI-SPR-300,7,,OD200 - Ayesha Centre
0,OD200,,Sprite 330ml Can,drink,external,5449000000000,Sprite 330ml Can,,DRI-SPR-330,9,,OD200 - Ayesha Centre
7.76,OD200,,Sprite 400ml can,drink,external,5449000000000,Sprite 400ml can,,DRI-SPR-440,11,,OD200 - Ayesha Centre
9.51,OD200,,Sprite 440ml Buddy,drink,external,5449000000000,Sprite 440ml Buddy,,DRI-SPR-500,14.5,,OD200 - Ayesha Centre
0,OD200,,Sprite Zero 2l,drink,external,5449000000000,Sprite Zero 2l,,DRI-SPZ-2LT,27,,OD200 - Ayesha Centre
0,OD200,,Sprite Zero 330ml Can,5rink,external,5449000000000,Sprite Zero 330ml Can,,DRI-SPZ-330,9,,OD200 - Ayesha Centre
7.15,OD200,,Sprite Zero 500ml,drink,external,5449000000000,Sprite Zero 500ml,,DRI-SPZ-500,14.5,,OD200 - Ayesha Centre
9.51,OD200,,Sparletta Raspberry 440ml Buddy,drink,external,5449000000000,Sparletta Raspberry 440ml Buddy,,DRI-SRB-500,14.5,,OD200 - Ayesha Centre
7.9,OD200,,Sparletta 1250ml,drink,external,6001130000000,Sparletta 1250ml,,DRI-SSB-125,12,,OD200 - Ayesha Centre
13.46,OD200,,Spar Sparberry 2LTR,drink,external,6001130000000,Spar Sparberry 2LTR,,DRI-SSB-2LT,27,,OD200 - Ayesha Centre
8.29,OD200,,Spar Sparbry 300ml Can,drink,external,5449000000000,Spar Sparbry 300ml Can,,DRI-SSB-330,9,,OD200 - Ayesha Centre
5.28,OD200,,Spar Stoney 330ml Can,drink,external,5449000000000,Spar Stoney 330ml Can,,DRI-SST-330,9,,OD200 - Ayesha Centre
10.39,OD200,,Stoney 1 litre,drink,external,5449000000000,Stoney 1 litre,,DRI-STO-125,16,,OD200 - Ayesha Centre
15.1,OD200,,Stoney Ginger Beer 2lt,drink,external,6001130000000,Stoney Ginger Beer 2lt,,DRI-STO-2LT,27,,OD200 - Ayesha Centre
8.29,OD200,,Stoney 400ml can,drink,external,5449000000000,Stoney 400ml can,,DRI-STO-440,11,,OD200 - Ayesha Centre
8.83,OD200,,Stoney -gingerbeer 440ml Buddy,drink,external,5449000000000,Stoney -gingerbeer 440ml Buddy,,DRI-STO-500,14.5,,OD200 - Ayesha Centre
0,OD200,,Still Water,drink,external,30607,Still Water,,DRI-STW-EAC,4.56,,OD200 - Ayesha Centre
0,OD200,,Short White Mocha,drink,internal,0,Short White Mocha,,DRI-SWM-250ML,34,,OD200 - Ayesha Centre
0,OD200,,Cafe Latte Tall,drink,internal,,Cafe Latte Short,,DRI-TCL-EAC,30,,OD200 - Ayesha Centre
10.09,OD200,,Twist Grandilla 1.5ltr,drink,external,5449000000000,Twist Grandilla 1.5ltr,,DRI-TGR-1.5L,15,,OD200 - Ayesha Centre
7.58,OD200,,Twist Gran 300ml,drink,external,2016,Twist Gran 300ml,,DRI-TWG-300,7,,OD200 - Ayesha Centre
6.63,OD200,,Twist Gran 300ml Can,drink,external,5449000000000,Twist Gran 300ml Can,,DRI-TWG-330,9,,OD200 - Ayesha Centre
9.51,OD200,,Twist Gran 440ml Buddy,drink,external,5449000000000,Twist Gran 440ml Buddy,,DRI-TWG-500,14.5,,OD200 - Ayesha Centre
13.46,OD200,,Twist Lemon 2l,drink,external,5449000000000,Twist Lemon 2l,,DRI-TWL-2LT,27,,OD200 - Ayesha Centre
6.09,OD200,,Twist Lemon 300ml Can,drink,external,5449000000000,Twist Lemon 300ml Can,,DRI-TWL-330,9,,OD200 - Ayesha Centre
9.51,OD200,,Twist Lemon 500ml,drink,external,40822747,Twist Lemon 500ml,,DRI-TWL-500,14.5,,OD200 - Ayesha Centre
0,OD200,,Tall White Mocha,drink,internal,0,Tall White Mocha,,DRI-TWM-350ML,42,,OD200 - Ayesha Centre
0,OD200,,Vanilla Freezo,drink,internal,0,Vanilla Freezo,,DRI-VAF-EAC,35,,OD200 - Ayesha Centre
0,OD200,,Short White Hot Chocolate,drink,internal,0,Short White Hot Chocolate,,DRI-WHS-EAC,26,,OD200 - Ayesha Centre
17.31,OD200,,Fanta What The Flavour 2litre,drink,external,5449000000000,Fanta What The Flavour 2litre,,DRI-WTF-2LTR,27,,OD200 - Ayesha Centre
11.74,OD200,,Juice Krush Fruit Nectar 500ml,juice,external,6001300000000,Juice Krush Fruit Nectar 500ml,,JUI- FNB-500ML,23,,OD200 - Ayesha Centre
7.25,OD200,,Energade 500ml Blueberry,drink,external,6001320000000,Energade 500ml Blueberry,,JUI-EBL-500,15,,OD200 - Ayesha Centre
7.25,OD200,,Energade 500ml Grape,drink,external,6001320000000,Energade 500ml Grape,,JUI-EGR-500,15,,OD200 - Ayesha Centre
0,OD200,,Energade 500ml Lemon & Lime,drink,external,6001320000000,Energade 500ml Lemon & Lime,,JUI-ELL-500,15,,OD200 - Ayesha Centre
7.25,OD200,,Energade 500ml Mixed Berry,drink,external,6001320000000,Energade 500ml Mixed Berry,,JUI-EMB-500,15,,OD200 - Ayesha Centre
7.25,OD200,,Energade 500ml Naartjie,drink,external,6001320000000,Energade 500ml Naartjie,,JUI-ENA-500,15,,OD200 - Ayesha Centre
6.8,OD200,,Energade 500ml Orange,drink,external,6001320000000,Energade 500ml Orange,,JUI-ENO-500,15,,OD200 - Ayesha Centre
7.25,OD200,,Energade 500ml Tropical,drink,external,6001320000000,Energade 500ml Tropical,,JUI-ETR-500,15,,OD200 - Ayesha Centre
14.25,OD200,,Clover Krush  100% Mango,juice,external,6001300000000,Clover Krush 100% Mango,,JUI-KRM-500ML,20,,OD200 - Ayesha Centre
20.87,OD200,,Juice 2l Orange Nectar,juice,external,6001300000000,Juice 2l Orange Nectar,,JUI-ORA-2LT,29.5,,OD200 - Ayesha Centre
11.74,OD200,,Juice 500ml Orange Nectar,juice,external,6001300000000,Juice 500ml Orange Nectar,,JUI-ORA-500,23,,OD200 - Ayesha Centre
0,OD200,,Juice Tropika 1Litre,juice,external,6001300000000,Juice Tropika 1Litre,,JUI-PIN-1LT,21,,OD200 - Ayesha Centre
12.17,OD200,,Tropika 500ml Orange,juice,external,6001300000000,Tropika 500ml Orange,,JUI-TRO-500,20,,OD200 - Ayesha Centre
12.17,OD200,,Tropika 500ml Pineapple,juice,external,6001300000000,Tropika 500ml Pineapple,,JUI-TRP-500,20,,OD200 - Ayesha Centre
0,OD200,,Almond Milk,ingredient,external,0,Almond Milk,,MIL-ALM-EAC,,,OD200 - Ayesha Centre
16,OD200,,Milk 1l Full Cream,ingredient,external,6001300000000,Milk 1l Full Cream,,MIL-MFC-1LT,17.5,,OD200 - Ayesha Centre
8.55,OD200,,Milk 250ml Full Cream,ingredients,external,6001300000000,Milk 250ml Full Cream,,MIL-MFC-250,6.9,,OD200 - Ayesha Centre
18,OD200,,Milk 500ml Full Cream,miscellaneous,external,6001300000000,Milk 500ml Full Cream,,MIL-MFC-500,10.7,,OD200 - Ayesha Centre
11.3,OD200,,Super M 300ml Banana,drink,external,6001300000000,Super M 300ml Banana,,MIL-SMB-EAC,17,,OD200 - Ayesha Centre
11.3,OD200,,Super M 300ml Chocolate,drink,external,6001300000000,Super M 300ml Chocolate,,MIL-SMC-EAC,17,,OD200 - Ayesha Centre
11.3,OD200,,Super M 300ml Cream Soda,drink,external,6001300000000,Super M 300ml Cream Soda,,MIL-SMO-EAC,17,,OD200 - Ayesha Centre
11.3,OD200,,Super M 300ml Strawberry,drink,external,6001300000000,Super M 300ml Strawberry,,MIL-SMS-EAC,17,,OD200 - Ayesha Centre
0,OD200,,Colour Cream - 12'',miscellaneous,internal,0,Colour Cream - 12'',,MIS - CCB-12,80,,OD200 - Ayesha Centre
0,OD200,,Solid Colour Buttercream,miscellaneous,internal,0,Solid Colour Buttercream,,MIS - SCB-KGR,,,OD200 - Ayesha Centre
0,OD200,,Colour Cream - 14'',miscellenous,internal,0,Colour Cream - 14'',,MIS- CCB-14,80,,OD200 - Ayesha Centre
0,OD200,,Happy Anniversary Cake Topper,miscellaneous,external,0,Happy Anniversary Cake Topper,,MIS- FIT-EAC,120,,OD200 - Ayesha Centre
0,OD200,,Fondant Writing,miscellenous,internal,0,Fondant Writing,,MIS- FON-EAC,150,,OD200 - Ayesha Centre
0,OD200,,Plastic Icing Baby Accessory Set,miscellaneous,external,0,Plastic Icing Baby Accessory Set,,MIS-ACC-EAC,60,,OD200 - Ayesha Centre
0,OD200,,Plastic Icing Baby Accessory Set,miscellaneous,external,0,Plastic Icing Baby Accessory Set,,MIS-ACC-EAC,60,,OD200 - Ayesha Centre
0,OD200,,Additional Espresso Shot,miscellenous,internal,0,Additional Espresso Shot,,MIS-AES-EACH,5,,OD200 - Ayesha Centre
0,OD200,,Picture,ingredient,external,30421,Picture,,MIS-API-EAC,90,,OD200 - Ayesha Centre
0,OD200,,Picture,ingredient,external,30421,Picture,,MIS-API-EAC,90,,OD200 - Ayesha Centre
0,OD200,,Plastic icing Baby with blanket,miscellaneous,internal,0,Plastic icing Baby with blanket,,MIS-BAB-EAC,40,,OD200 - Ayesha Centre
0,OD200,,Bride & Groom Meduim,miscellaneous,external,30540,Bride & Groom Meduim,,MIS-BGM-EAC,90,,OD200 - Ayesha Centre
0,OD200,,Bride & Groom Small,miscellenous,external,30541,Bride & Groom Small,,MIS-BGS-EAC,70,,OD200 - Ayesha Centre
0,OD200,,Mvutu Bar One,miscellenous,internal,8100,Mvutu Bar One,,MIS-BMV-EAC,9,,OD200 - Ayesha Centre
0,OD200,,Plastic icing Booties,miscellenous,internal,0,Plastic icing Booties,,MIS-BOO-EAC,60,,OD200 - Ayesha Centre
0,OD200,,Cancellation,miscellaneous,internal,30516,Cancellation,,MIS-CAN-EAC,30,,OD200 - Ayesha Centre
0,OD200,,Cake Toppers Acyrlic,miscellenous,external,0,Cake Toppers Acyrlic,,MIS-CAT-EAC,120,,OD200 - Ayesha Centre
0,OD200,,Chocolate Buttercream -Birthday Cake,miscellaneous,internal,0,Chocolate Buttercream -Birthday Cake,,MIS-CBC-BDC,30,,OD200 - Ayesha Centre
0,OD200,,Colour Cream - 16'',miscellenous,internal,0,Colour Cream - 16'',,MIS-CCB-16,120,,OD200 - Ayesha Centre
0,OD200,,Colour Cream - 18'',miscellenous,internal,0,Colour Cream - 18'',,MIS-CCB-18,120,,OD200 - Ayesha Centre
0,OD200,,Colour Cream - 20'',miscellenous,internal,0,Colour Cream - 20'',,MIS-CCB-20,180,,OD200 - Ayesha Centre
0,OD200,,Colour Cream - 22'',miscellaneous,internal,0,Colour Cream - 22'',,MIS-CCB-22,180,,OD200 - Ayesha Centre
0,OD200,,Service Charge for Changes,miscellaneous,internal,0,Service Charge for Changes,,MIS-CHA-EAC,20,,OD200 - Ayesha Centre
0,OD200,,Figure Cake Topper,miscellenous,external,0,Figure Cake Topper,,MIS-CHT-EAC,120,,OD200 - Ayesha Centre
0,OD200,,Choc Writing,miscellaneous,internal,30523,Choc Writing,,MIS-CHW-EAC,20,,OD200 - Ayesha Centre
0,OD200,,C20 Red Stamp,consumables,external,0,C20 Red Stamp,,MIS-CRS-EAC,,,OD200 - Ayesha Centre
0.3,OD200,,Foam Cups 250ml,miscellaneous,external,8016,Foam Cups 250ml,,MIS-CUP-EAC,1,,OD200 - Ayesha Centre
0,OD200,,Customised Writing,miscellaneous,internal,0,Customised Writing,,MIS-CWR-EAC,10,,OD200 - Ayesha Centre
0,OD200,,Dbl Choc 12,miscellaneous,internal,23002,Dbl Choc 12,,MIS-DBC-012,20,,OD200 - Ayesha Centre
0,OD200,,Dbl Choc 14,miscellaneous,internal,24002,Dbl Choc 14,,MIS-DBC-014,20,,OD200 - Ayesha Centre
0,OD200,,Dbl Choc 16,miscellaneous,internal,25002,Dbl Choc 16,,MIS-DBC-016,20,,OD200 - Ayesha Centre
0,OD200,,Dbl Choc 18,miscellaneous,internal,26002,Dbl Choc 18,,MIS-DBC-018,25,,OD200 - Ayesha Centre
0,OD200,,Dbl Choc 20,miscellaneous,internal,27002,Dbl Choc 20,,MIS-DBC-020,25,,OD200 - Ayesha Centre
0,OD200,,Dbl Choc 22,miscellaneous,internal,28002,Dbl Choc 22,,MIS-DBC-022,25,,OD200 - Ayesha Centre
30.43,OD200,,Delivery,miscellaneous,internal,0,Delivery,,MIS-DEL-EAC,,,OD200 - Ayesha Centre
0,OD200,,Mvutu Donut 4s,miscellaneous,internal,8099,Mvutu Donut 4s,,MIS-DMV-EACH,6,,OD200 - Ayesha Centre
0,OD200,,Oven Delights Flags,consumables,internal,30856,Oven Delights Flags,,MIS-DOR-EAC,15,,OD200 - Ayesha Centre
0,OD200,,Day Old Scones,miscellaneous,internal,8202,Day Old Scones,,MIS-DOS-EAC,17,,OD200 - Ayesha Centre
0,OD200,,Edible Picture Only,miscellaneous,external,30422,Edible Picture Only,,MIS-EPO-EAC,150,,OD200 - Ayesha Centre
0,OD200,,Fondant Wording,miscellenous,external,0,Fondant Wording,,MIS-FWO-EACH,150,,OD200 - Ayesha Centre
734.75,OD200,,Gold Beads,miscellaneous,external,8017,Gold Beads,,MIS-GBE-EAC,15,,OD200 - Ayesha Centre
0,OD200,,Gold Writing,miscellaneous,external,30521,Gold Writing,,MIS-GWR-EAC,15,,OD200 - Ayesha Centre
0,OD200,,Happy Birthday Cake Topper,miscellaneous,external,0,Happy Birthday Cake Topper,,MIS-HBT-EAC,120,,OD200 - Ayesha Centre
0,OD200,,Heluim Small Cylinder,consumables,external,0,Heluim Small Cylinder,,MIS-HEL-5LTR,,,OD200 - Ayesha Centre
0,OD200,,Heluim Large,miscellaneous,external,0,Heluim Large,,MIS-HEL-LAR,,,OD200 - Ayesha Centre
0,OD200,,Heluim Small,miscellenous,external,0,Heluim Small,,MIS-HEL-SML,,,OD200 - Ayesha Centre
1.66,OD200,,Leaves,miscellaneous,external,8018,Leaves,,MIS-LEA-EAC,3,,OD200 - Ayesha Centre
0.78,OD200,,Matches,consumables,external,60069795,Matches,,MIS-MAT-EAC,1,,OD200 - Ayesha Centre
2.36,OD200,,Rib Metallic Gold,miscellaneous,external,8035,Rib Metallic Gold,,MIS-MGR-EAC,15,,OD200 - Ayesha Centre
0,OD200,,Rib Metallic Silver,miscellaneous,external,8036,Rib Metallic Silver,,MIS-MSR-EAC,15,,OD200 - Ayesha Centre
0,OD200,,Mvutu,miscellaneous,external,8032,Mvutu,,MIS-MVU-EAC,8,,OD200 - Ayesha Centre
0,OD200,,Novelities Sets,miscellaneous,external,30524,Novelities Sets,,MIS-NOV-EAC,120,,OD200 - Ayesha Centre
1,OD200,,Overheads,consumables,external,0,Overheads,,MIS-OOH-EACH,,,OD200 - Ayesha Centre
0,OD200,,Plasters,consumables,external,8019,Plasters,,MIS-PLA-EAC,0.8,,OD200 - Ayesha Centre
0,OD200,,Ribbon Picture,ingredient,external,10299,Ribbon Picture,,MIS-RIP-EAC,150,,OD200 - Ayesha Centre
0,OD200,,Mvutu Rainbow,miscellaneous,external,8033,Mvutu Rainbow,,MIS-RMV-EAC,8,,OD200 - Ayesha Centre
5.42,OD200,,Roses,miscellaneous,external,8020,Roses,,MIS-ROS-EAC,12,,OD200 - Ayesha Centre
0,OD200,,Roses Small New Assorted Colours,miscellenous,external,0,Roses Small New Assorted Colours,,MIS-RSS-EAC,12,,OD200 - Ayesha Centre
0,OD200,,Silver Beads,miscellaneous,external,8030,Silver Beads,,MIS-SBE-EAC,15,,OD200 - Ayesha Centre
0,OD200,,Same Day Charge,miscellaneous,external,30515,Same Day Charge,,MIS-SDC-EAC,30,,OD200 - Ayesha Centre
0,OD200,,Sign Happy Birthday Gold Foil,miscellaneous,external,0,Sign Happy Birthday Gold Foil,,MIS-SFB-EAC,8,,OD200 - Ayesha Centre
0,OD200,,Sign H.A. Gold,miscellaneous,external,8026,Sign H.A. Gold,,MIS-SGA-EAC,10,,OD200 - Ayesha Centre
0,OD200,,Sign H.B. Gold,miscellaneous,external,8028,Sign H.B. Gold,,MIS-SGB-EAC,10,,OD200 - Ayesha Centre
0,OD200,,Silver Writing,miscellaneous,external,30522,Silver Writing,,MIS-SWR-EAC,15,,OD200 - Ayesha Centre
0,OD200,,Additional Whipped Cream,miscellaneous,external,0,Additional Whipped Cream,,MIS-WHC-EAC,7,,OD200 - Ayesha Centre
0.31,OD200,,Xmas Sticker Scroll English,miscellaneous,external,0,Xmas Sticker Scroll English,,MIS-XSR-EAC,,,OD200 - Ayesha Centre
18,OD200,,F3 Double Wall Pie box,packaging,external,0,F3 Double Wall Pie box,,PAC -F3D-EAC,,,OD200 - Ayesha Centre
0,OD200,,Bag Brown Thrifty Paper Bag Large,packaging,external,0,Bag Brown Thrifty Paper Bag Large,,PAC- BTL-EACH,,,OD200 - Ayesha Centre
1.17,OD200,,Cup Clear 350ML,packaging,external,0,Cup Clear 350ML,,PAC- CUC-350ML,,,OD200 - Ayesha Centre
0.24,OD200,,Hamburger Base Black F60,packaging,external,0,Hamburger Base Black F60,,PAC- HAB-EAC,,,OD200 - Ayesha Centre
0.7,OD200,,Lids Clear 350ML,packaging,external,0,Lids Clear 350ML,,PAC- LIC- 350ML,,,OD200 - Ayesha Centre
10.43,OD200,,Cup Cake Boxes With Inserts,packaging,external,0,Cup Cake Boxes With Inserts,,PAC- MIN-EAC,,,OD200 - Ayesha Centre
0,OD200,,Name Badges,consumables,external,0,Name Badges,,PAC- NAB-EAC,,,OD200 - Ayesha Centre
0,OD200,,Square Desert Lid,packaging,external,0,Square Desert Lid,,PAC- SDL-EAC,,,OD200 - Ayesha Centre
0,OD200,,83X54X300 30mic,packaging,external,0,83X54X300 30mic,,PAC-083-EAC,,,OD200 - Ayesha Centre
0,OD200,,83X54X300 30mic,packaging,external,0,83X54X300 30mic,,PAC-083-EAC,,,OD200 - Ayesha Centre
12.84,OD200,,12x12x6,packaging,external,30254,12x12x6,,PAC-12X-EAC,,,OD200 - Ayesha Centre
13.13,OD200,,14X14X6,packaging,external,30255,14X14X6,,PAC-14X-EAC,,,OD200 - Ayesha Centre
16.56,OD200,,16x16x6,packaging,external,30256,16x16x6,,PAC-16X-EAC,,,OD200 - Ayesha Centre
10.86,OD200,,18X18X5 High,packaging,external,30257,18X18X5 High,,PAC-18H-EAC,,,OD200 - Ayesha Centre
18.89,OD200,,18X18X6,packaging,external,30258,18X18X6,,PAC-18X-EAC,,,OD200 - Ayesha Centre
1.77,OD200,,196T swissroll folder,packaging,external,30267,196T swissroll folder,,PAC-196-EAC,,,OD200 - Ayesha Centre
0.36,OD200,,Foil Container 100 (200IL),packaging,external,30291,Foil Container 100 (200IL),,PAC-200-EAC,,,OD200 - Ayesha Centre
0,OD200,,20X20X5 High,packaging,external,30266,20X20X5 High,,PAC-20H-EAC,,,OD200 - Ayesha Centre
29.05,OD200,,20X20X6,packaging,external,30259,20X20X6,,PAC-20X-EAC,,,OD200 - Ayesha Centre
2.94,OD200,,214 Gateaux Dome,packaging,external,0,214 Gateaux Dome,,PAC-214-EAC,,,OD200 - Ayesha Centre
1.56,OD200,,215 Gateaux Base,packaging,external,30706,215 Gateaux Base,,PAC-215-EAC,,,OD200 - Ayesha Centre
0.46,OD200,,225X270X30MIC Scone bag medium,packaging,external,30804,225X270X30MIC Scone bag medium,,PAC-225-EAC,,,OD200 - Ayesha Centre
0.23,OD200,,260*450*25mic,packaging,external,30806,260*450*25mic,,PAC-260-EAC,,,OD200 - Ayesha Centre
1.34,OD200,,Foil Container 100 (3001P),packaging,external,30292,Foil Container 100 (3001P),,PAC-300-EAC,,,OD200 - Ayesha Centre
0.39,OD200,,310*450*30mic,packaging,external,30808,310*450*30mic,,PAC-310-EAC,,,OD200 - Ayesha Centre
2.58,OD200,,315 bar one dome,packaging,external,30268,315 bar one dome,,PAC-315-EAC,,,OD200 - Ayesha Centre
1.5,OD200,,317 bar one base,packaging,external,30269,317 bar one base,,PAC-317-EAC,,,OD200 - Ayesha Centre
0.77,OD200,,250*400*40mic Rolls large,packaging,external,30807,250*400*40mic Rolls large,,PAC-400-EAC,,,OD200 - Ayesha Centre
0.92,OD200,,4051 foil container,packaging,external,30287,4051 foil container,,PAC-405-EAC,,,OD200 - Ayesha Centre
0,OD200,,4191 Foil Container,packaging,external,30692,4191 Foil Container,,PAC-419-EAC,,,OD200 - Ayesha Centre
0.88,OD200,,250*450*30mic Naan exlarge,packaging,external,30805,250*450*30mic Naan exlarge,,PAC-450-EAC,,,OD200 - Ayesha Centre
1.3,OD200,,5*5*2.5,packaging,external,30801,5*5*2.5,,PAC-552-EAC,,,OD200 - Ayesha Centre
1.64,OD200,,5*5*2.5,packaging,external,30737,5*5*2.5,,PAC-572-EAC,3,,OD200 - Ayesha Centre
1.52,OD200,,5*5*2.5,packaging,external,30737,5*5*2.5,,PAC-572-EAC,,,OD200 - Ayesha Centre
1.93,OD200,,5*7*3,packaging,external,30827,5*7*3,,PAC-573-EAC,4,,OD200 - Ayesha Centre
1.61,OD200,,5*7*3,packaging,external,30827,5*7*3,,PAC-573-EAC,,,OD200 - Ayesha Centre
0.33,OD200,,No 73D Foam Tray,packaging,external,30725,No 73D Foam Tray,,PAC-73D-EAC,,,OD200 - Ayesha Centre
2.73,OD200,,7*7*3 Diwali Boxes,packaging,external,30800,7*7*3 Diwali Boxes,,PAC-773-EAC,,,OD200 - Ayesha Centre
0,OD200,,Bag 1000 83*54*300mm,packaging,external,30303,Bag 1000 83*54*300mm,,PAC-835-EAC,,,OD200 - Ayesha Centre
2.52,OD200,,8X8X2,packaging,external,0,8X8X2,,PAC-882-EAC,6,,OD200 - Ayesha Centre
2.05,OD200,,8X8X2,packaging,external,0,8X8X2,,PAC-882-EAC,,,OD200 - Ayesha Centre
3.89,OD200,,8X8X4,packaging,external,30486,8X8X4,,PAC-884-EAC,9,,OD200 - Ayesha Centre
3.8,OD200,,8X8X4,packaging,external,30486,8X8X4,,PAC-884-EAC,,,OD200 - Ayesha Centre
1.9,OD200,,A34 Round Cake Dome,packaging,external,30587,A34 Round Cake Dome,,PAC-A34-EAC,,,OD200 - Ayesha Centre
1.05,OD200,,A35 Round Cake Base,packaging,external,30588,A35 Round Cake Base,,PAC-A35-EAC,,,OD200 - Ayesha Centre
0,OD200,,K75 Base,packaging,external,0,K75 Base,,PAC-B75-EAC,,,OD200 - Ayesha Centre
0.74,OD200,,Bags 1000 White Midi,packaging,external,6009680000000,Bags 1000 White Midi,,PAC-BAG-EAC,1.5,,OD200 - Ayesha Centre
0.74,OD200,,Bags 1000 White Midi,packaging,external,6009680000000,Bags 1000 White Midi,,PAC-BAG-EAC,,,OD200 - Ayesha Centre
1.05,OD200,,Bags 1000 White Jumbo,packaging,external,6009680000000,Bags 1000 White Jumbo,,PAC-BAG-JUM,1.5,,OD200 - Ayesha Centre
0.82,OD200,,Bags 1000 White Jumbo,packaging,external,6009680000000,Bags 1000 White Jumbo,,PAC-BAG-JUM,,,OD200 - Ayesha Centre
0,OD200,,Bon Bon Biscuit Container,packaging,external,0,Bon Bon Biscuit Container,,PAC-BBC-EAC,,,OD200 - Ayesha Centre
0,OD200,,Bon Bon Biscuit Lid,packaging,external,0,Bon Bon Biscuit Lid,,PAC-BBL-EAC,,,OD200 - Ayesha Centre
0,OD200,,Empty Bandini Box,packaging,external,0,Empty Bandini Box,,PAC-BEB-EAC,,,OD200 - Ayesha Centre
0.08,OD200,,Bag on Roll (30x45),packaging,external,30308,Bag on Roll (30x45),,PAC-BOR-EAC,,,OD200 - Ayesha Centre
0.27,OD200,,Bag Brown Thrifty Paper Bag meduim,packaging,external,0,Bag Brown Thrifty Paper Bag meduim,,PAC-BPB-EAC,,,OD200 - Ayesha Centre
0,OD200,,Packaging New 76x91 Black Refuse,packaging,external,30533,Packaging New 76x91 Black Refuse,,PAC-BRE-EAC,,,OD200 - Ayesha Centre
3.88,OD200,,Oven Delight Cake Box Choc,packaging,external,30249,Oven Delight Cake Box Choc,,PAC-CHO-EAC,,,OD200 - Ayesha Centre
3.43,OD200,,7119P Foil container,packaging,external,0,7119P Foil container,,PAC-CON-EAC,,,OD200 - Ayesha Centre
1.3,OD200,,Cup Clear 500ML,packaging,external,0,Cup Clear 500ML,,PAC-CUC-500ML,,,OD200 - Ayesha Centre
0,OD200,,K75  Dome,packaging,external,0,K75 Dome,,PAC-D75-EAC,,,OD200 - Ayesha Centre
0,OD200,,High Window Box For Drip cake,packaging,external,0,High Window Box For Drip cake,,PAC-DCW-EAC,,,OD200 - Ayesha Centre
20.9,OD200,,Faze 3 Boxes Empty for Pies,packaging,external,0,Faze 3 Boxes Empty for Pies,,PAC-EPI-EAC,,,OD200 - Ayesha Centre
1.83,OD200,,F50 High Cake Base,packaging,external,0,F50 High Cake Base,,PAC-F5B-EAC,,,OD200 - Ayesha Centre
1.83,OD200,,F50 High Cake Base,packaging,external,0,F50 High Cake Base,,PAC-F5B-EAC,,,OD200 - Ayesha Centre
2.71,OD200,,F50 High Cake Dome,packaging,external,0,F50 High Cake Dome,,PAC-F5D-EAC,,,OD200 - Ayesha Centre
2.71,OD200,,F50 High Cake Dome,packaging,external,0,F50 High Cake Dome,,PAC-F5D-EAC,,,OD200 - Ayesha Centre
2.39,OD200,,Foil - Loaf Pan 4161P,packaging,external,0,Foil - Loaf Pan 4161P,,PAC-FLP-EAC,,,OD200 - Ayesha Centre
0.85,OD200,,Foil Buns 4051D,packaging,external,30290,Foil Buns 4051D,,PAC-FOI-EAC,,,OD200 - Ayesha Centre
0.1,OD200,,Bag GP 2,packaging,external,30300,Bag GP 2,,PAC-GP2-EAC,,,OD200 - Ayesha Centre
1.1,OD200,,Hamburger Dome F60,packaging,external,0,Hamburger Dome F60,,PAC-HAM-EAC,,,OD200 - Ayesha Centre
2.15,OD200,,K 96 milk tart domes,packaging,external,30280,K 96 milk tart domes,,PAC-K96-EAC,,,OD200 - Ayesha Centre
65,OD200,,Laser Cut Box Only,packaging,external,0,Laser Cut Box Only,,PAC-LCB-EAC,,,OD200 - Ayesha Centre
0.45,OD200,,EPR LEVY,packaging,external,0,EPR LEVY,,PAC-LEV-EACH,,,OD200 - Ayesha Centre
0.7,OD200,,Lid Clear 500ML,packaging,external,0,Lid Clear 500ML,,PAC-LIC-500ML,,,OD200 - Ayesha Centre
2.24,OD200,,7119P Clear lids,packaging,external,0,7119P Clear lids,,PAC-LID-EAC,,,OD200 - Ayesha Centre
1.59,OD200,,Large Log Base,packaging,external,0,Large Log Base,,PAC-LLB-EAC,,,OD200 - Ayesha Centre
2.4,OD200,,Large Log Dome,packaging,external,0,Large Log Dome,,PAC-LLD-EAC,,,OD200 - Ayesha Centre
0.48,OD200,,Madeira Packaging Small B,packaging,external,0,Madeira Packaging Small B,,PAC-MAD-EAC,,,OD200 - Ayesha Centre
0.48,OD200,,Madeira Packaging Small B,packaging,external,0,Madeira Packaging Small B,,PAC-MAD-EAC,,,OD200 - Ayesha Centre
0,OD200,,Milkshake Cup 350ml,packaging,external,0,Milkshake Cup 350ml,,PAC-MCC-350ML,,,OD200 - Ayesha Centre
0,OD200,,Milkshake Cup Lids 350ml,packaging,external,0,Milkshake Cup Lids 350ml,,PAC-MCL-350ML,,,OD200 - Ayesha Centre
0.27,OD200,,Mince pie foil,packaging,external,30282,Mince pie foil,,PAC-MFO-EAC,,,OD200 - Ayesha Centre
1.48,OD200,,Foil Container Mince Pie Tray,packaging,external,30293,Foil Container Mince Pie Tray,,PAC-MIN-EAC,,,OD200 - Ayesha Centre
5.5,OD200,,New Diwali Cake Boxes,packacing,external,0,New Diwali Cake Boxes,,PAC-NDI-EAC,,,OD200 - Ayesha Centre
10.82,OD200,,P45 Round platter,packaging,external,0,P45 Round platter,,PAC-P45-EAC,,,OD200 - Ayesha Centre
3.5,OD200,,Platter base - half,packaging,external,0,Platter base - half,,PAC-PBH-EAC,,,OD200 - Ayesha Centre
11,OD200,,Platter foil base,packaging,external,0,Platter foil base,,PAC-PFB-EAC,,,OD200 - Ayesha Centre
11,OD200,,Platter foil base,packaging,external,0,Platter foil base,,PAC-PFB-EAC,,,OD200 - Ayesha Centre
8,OD200,,Platter Dome,packaging,external,0,Platter Dome,,PAC-PLD-EAC,,,OD200 - Ayesha Centre
8,OD200,,Platter Dome,packaging,external,0,Platter Dome,,PAC-PLD-EAC,,,OD200 - Ayesha Centre
3,OD200,,Platter Lid -Half,packaging,external,0,Platter Lid -Half,,PAC-PLH-EAC,,,OD200 - Ayesha Centre
8.48,OD200,,P45 platter dome,packaging,external,0,P45 platter dome,,PAC-PRD-EAC,,,OD200 - Ayesha Centre
0,OD200,,Paper Tulip Cups giant cup cakes,packaging,external,0,Paper Tulip Cups giant cup cakes,,PAC-PTC-EAC,,,OD200 - Ayesha Centre
0,OD200,,Paper Tulip Cups giant cup cakes,packaging,external,0,Paper Tulip Cups giant cup cakes,,PAC-PTC-EAC,,,OD200 - Ayesha Centre
0.55,OD200,,Rectangle Pie Foil,packaging,external,0,Rectangle Pie Foil,,PAC-REC-EAC,,,OD200 - Ayesha Centre
0,OD200,,Packaging Black Refuse,packaging,external,30492,Packaging Black Refuse,,PAC-REF-EAC,,,OD200 - Ayesha Centre
0,OD200,,Square Desert Tub,packaging,external,0,Square Desert Tub,,PAC-SDT-EAC,,,OD200 - Ayesha Centre
0.22,OD200,,Sauce Lids 70ml,packaging,external,0,Sauce Lids 70ml,,PAC-SLI-70ML,,,OD200 - Ayesha Centre
0.31,OD200,,Bag Brown BB3,packaging,external,30299,Bag Brown BB3,,PAC-SO6-EAC,,,OD200 - Ayesha Centre
3.86,OD200,,Oven Delight Cake Box Strbery,packaging,external,30250,Oven Delight Cake Box Strbery,,PAC-STR-EAC,,,OD200 - Ayesha Centre
0.35,OD200,,Sauce Tub 70ml,packaging,external,0,Sauce Tub 70ml,,PAC-STU-70ML,,,OD200 - Ayesha Centre
6.49,OD200,,Swissroll Box,packaging,external,30826,Swissroll Box,,PAC-SWI-EAC,8,,OD200 - Ayesha Centre
5.1,OD200,,Swissroll Box,packaging,external,30826,Swissroll Box,,PAC-SWI-EAC,,,OD200 - Ayesha Centre
0.57,OD200,,GLUTEN FREE CHOC MOUSSE CAKE TUB,exotic cakes,internal,0,GLUTEN FREE CHOC MOUSSE CAKE TUB,,PAC-TAL-EAC,,,OD200 - Ayesha Centre
1250,OD200,,Vinyl Print Coffee Boards,consumables,external,0,Vinyl Print Coffee Boards,,PAC-VPC-EAC,,,OD200 - Ayesha Centre
0.37,OD200,,Windsor X-Small B,packaging,external,0,Windsor X-Small B,,PAC-WIN-EAC,,,OD200 - Ayesha Centre
0,OD200,,Wrist Guard,consumables,external,0,Wrist Guard,,PAC-WRG-EAC,,,OD200 - Ayesha Centre
0,OD200,,Ziplock Bags,packaging,external,0,Ziplock Bags,,PAC-ZIP-EACH,,,OD200 - Ayesha Centre
9.03,OD200,,OD Premium Chicken Tikka Sausage Roll,pie,external,15002,OD Premium Chicken Tikka Sausage Roll,,PIE -CSR-EAC,22,,OD200 - Ayesha Centre
0,OD200,,Pie Apple,ingredient,external,0,Pie Apple,,PIE-APP-KG,,,OD200 - Ayesha Centre
0,OD200,,Pie OD Chicken & Mushroom,pie,internal,15103,Pie OD Chicken & Mushroom,,PIE-COD-EAC,30,,OD200 - Ayesha Centre
16.85,OD200,,Pie Chicken Peri Peri,pie,external,15007,Pie Chicken Peri Peri,,PIE-CPP-EAC,28,,OD200 - Ayesha Centre
7.8,OD200,,OD Premium Mutton Oriental Sausage Roll,pie,external,15001,OD Premium Mutton Oriental Sausage Roll,,PIE-MSR-EAC,22,,OD200 - Ayesha Centre
0,OD200,,Pie OD Mutton Curry,pie,internal,15101,Pie OD Mutton Curry,,PIE-ODM-EAC,30,,OD200 - Ayesha Centre
16.85,OD200,,Pie Pepper Steak,pie,internal,15009,Pie Pepper Steak,,PIE-PPS-EAC,28,,OD200 - Ayesha Centre
16.85,OD200,,Pie Spinach & Feta,pie,external,15005,Pie Spinach & Feta,,PIE-SAF-EAC,28,,OD200 - Ayesha Centre
16.85,OD200,,Pie Steak & Kidney,pie,external,15010,Pie Steak & Kidney,,PIE-SAK-EAC,28,,OD200 - Ayesha Centre
14.95,OD200,,Pie Sausage Roll( Beef),pie,external,15105,Pie Sausage Roll( Beef),,PIE-SRB-EACH,22,,OD200 - Ayesha Centre
9.5,OD200,,Pie OD Vegetable,pie,internal,15004,Pie OD Vegetable,,PIE-VEG-EAC,28,,OD200 - Ayesha Centre
0,OD200,,Platter Scone Delight 18s,platter,internal,0,Platter Scone Delight 18s,,PLA -SCO-EAC,450,,OD200 - Ayesha Centre
0,OD200,,Platter Mixy Delight,platter,internal,0,Platter Mixy Delight,,PLA- MIX-EAC,550,,OD200 - Ayesha Centre
0,OD200,,Platter Cheeky Delight,platter,internal,0,Platter Cheeky Delight,,PLA-CHE-EAC,550,,OD200 - Ayesha Centre
0,OD200,,Platter Croissant Delight 20s,platter,internal,0,Platter Croissant Delight 20s,,PLA-CRO-EAC,450,,OD200 - Ayesha Centre
0,OD200,,Platter Meaty Delight,platter,internal,0,Platter Meaty Delight,,PLA-MEA-EAC,550,,OD200 - Ayesha Centre
0,OD200,,Platter Muffin Delight 30s,platter,internal,0,Platter Muffin Delight 30s,,PLA-MUFF- EAC,450,,OD200 - Ayesha Centre
0,OD200,,Platter Snacky Delight,platter,internal,0,Platter Snacky Delight,,PLA-SMA-EAC,550,,OD200 - Ayesha Centre
0,OD200,,Platter Veggy Delights,platter,internal,0,Platter Veggy Delights,,PLA-VEG-EAC,500,,OD200 - Ayesha Centre
0,OD200,,Chicken & Jalapeno Rissoles,savoury,internal,0,Chicken & Jalapeno Rissoles,,SAV-CJR-EAC,8,,OD200 - Ayesha Centre
0,OD200,,Chicken Samoosa,savoury,internal,0,Chicken Samoosa,,SAV-CSA-EAC,6,,OD200 - Ayesha Centre
0,OD200,,Fish Cake,savoury,internal,0,Fish Cake,,SAV-FIS-EAC,12,,OD200 - Ayesha Centre
0,OD200,,Lamb Mince Samoosa,savoury,internal,0,Lamb Mince Samoosa,,SAV-LMS-EAC,6,,OD200 - Ayesha Centre
0,OD200,,Puri Plain,savoury,internal,0,Puri Plain,,SAV-PUP-EAC,4.5,,OD200 - Ayesha Centre
0,OD200,,Puri & Patha (3s),savoury,internal,8001,Puri & Patha (3s),,SAV-PUR-EAC,35,,OD200 - Ayesha Centre
0,OD200,,Cheese & Jalapeno Rissoles,savoury,internal,0,Cheese & Jalapeno Rissoles,,SAV-RCJ-EAC,8,,OD200 - Ayesha Centre
0,OD200,,Samoosa  3s,savoury,internal,0,Samoosa 3s,,SAV-SAM-EAC,7,,OD200 - Ayesha Centre
0,OD200,,Soya Mince Samoosa,savoury,internal,,Soya Mince Samoosa,,SAV-SMS-EACH,6,,OD200 - Ayesha Centre
70,OD200,,Jalebi 250g,shop front,external,9009,Jalebi 250g,,SHP - JAL-EACH,95,,OD200 - Ayesha Centre
0,OD200,,Banana Loaf,shop front,internal,16055,Banana Loaf,,SHP- BAN-EAC,42,,OD200 - Ayesha Centre
0,OD200,,Roti Chicken Wrap,savoury,internal,0,Roti Chicken Wrap,,SHP- CRW-EAC,20,,OD200 - Ayesha Centre
0,OD200,,Gulab Jamun 1kg,shop front,external,0,Gulab Jamun 1kg,,SHP- GUL-1KG,280,,OD200 - Ayesha Centre
0,OD200,,Gulab Jamun 4s Pure Butter,shop front,external,60001,Gulab Jamun 4s Pure Butter,,SHP- GUL-4S,40,,OD200 - Ayesha Centre
65,OD200,,DC Deluxe Mini Wooden  Laser Cut,shop front,external,0,DC Sweetmeats Mini Oval Laser Cut Wooden (6s),,SHP- MOL-6S,170,,OD200 - Ayesha Centre
0,OD200,,Roti Potatoe Wrap,savoury,internal,0,Roti Potatoe Wrap,,SHP- PRW-EAC,15,,OD200 - Ayesha Centre
0,OD200,,Eggless Rainbow Sponge Log,shop front,internal,16058,Eggless Rainbow Sponge Log,,SHP- RAE-EAC,75,,OD200 - Ayesha Centre
57.5,OD200,,DC Sweet Meats Assorted 250g,shop front,external,0,DC Sweet Meats Assorted 250g,,SHP- SWEE-250G,80,,OD200 - Ayesha Centre
110,OD200,,DC Authentic Assorted Sweetmeats 11 pieces,shop front,external,9008,DC Authentic Assorted Sweetmeats 11 pieces,,SHP-AUA-EAC,150,,OD200 - Ayesha Centre
0,OD200,,Authentic Ladoo,shop front,external,0,Authentic Ladoo,,SHP-AUT-EAC,,,OD200 - Ayesha Centre
40,OD200,,Banana Puri (6s),shop front,external,8080,Banana Puri (6s),,SHP-BAN-6S,70,,OD200 - Ayesha Centre
0,OD200,,Buttercream Christmas cakes,shop front,internal,16041,Buttercream Christmas cakes,,SHP-BCC-EAC,55,,OD200 - Ayesha Centre
0,OD200,,ButterCream Christmas Gateaux,shop front,internal,16042,ButterCream Christmas Gateaux,,SHP-BCG-EAC,130,,OD200 - Ayesha Centre
0,OD200,,Bread Brown 400g,shop front,internal,30370,Bread Brown 400g,,SHP-BRB-400,5,,OD200 - Ayesha Centre
0,OD200,,Bread Bunny Loaf 400g,shop front,internal,0,Bread Bunny Loaf 400g,,SHP-BRB-400G,8,,OD200 - Ayesha Centre
0,OD200,,Sun Bread Brown 800g,shop front,internal,13005,Sun Bread Brown 800g,,SHP-BRB-800,15,,OD200 - Ayesha Centre
0,OD200,,Bread Garlic 300g,shop front,internal,16003,Bread Garlic 300g,,SHP-BRG-EAC,32,,OD200 - Ayesha Centre
0,OD200,,Butter Roti (6s),shop front,internal,0,Butter Roti (6s),,SHP-BRO-EAC,30,,OD200 - Ayesha Centre
0,OD200,,Bread Tea Ring,shop front,internal,16004,Bread Tea Ring,,SHP-BRR-500,34,,OD200 - Ayesha Centre
0,OD200,,Bread Tea Loaf 500g,shop front ,internal,16005,Bread Tea Loaf 500g,,SHP-BRT-500,34,,OD200 - Ayesha Centre
0,OD200,,Bread White 400g,shop front,internal,30372,Bread White 400g,,SHP-BRW-400,5,,OD200 - Ayesha Centre
0,OD200,,Sun Bread White 800,shop front,internal,13003,Sun Bread White 800,,SHP-BRW-800,15,,OD200 - Ayesha Centre
0,OD200,,Butter Scones (4s),shop front,internal,16044,Butter Scones (4s),,SHP-BSC-EAC,34,,OD200 - Ayesha Centre
0,OD200,,Bread 500g Twist,shop front,internal,16007,Bread 500g Twist,,SHP-BTW-500,22,,OD200 - Ayesha Centre
0,OD200,,Buns 100g Soft 6s,shop front,internal,16008,Buns 100g Soft 6s,,SHP-BUN-EAC,27,,OD200 - Ayesha Centre
72,OD200,,Burfee 1kg,shop front,internal,0,Burfee 1kg,,SHP-BUR-1KG,300,,OD200 - Ayesha Centre
72,OD200,,Burfee 9pc,shop front,internal,0,Burfee 9pc,,SHP-BUR-KGR,95,,OD200 - Ayesha Centre
0,OD200,,BC Vanilla Swiss Roll,buttercream cake,internal,16009,BC Vanilla Swiss Roll,,SHP-BVS-EAC,44,,OD200 - Ayesha Centre
0,OD200,,Christmas fruit Cake Round Iced,shop front,internal,16015,Christmas fruit Cake Round Iced,,SHP-CFI-EAC,160,,OD200 - Ayesha Centre
0,OD200,,Christmas Fruit Cake Round Plain,shop front,internal,16016,Christmas Fruit Cake Round Plain,,SHP-CFP-EAC,250,,OD200 - Ayesha Centre
0,OD200,,Chana Magaj 1kg,shop front,internal,0,Chana Magaj 1kg,,SHP-CHA-1KG,300,,OD200 - Ayesha Centre
0,OD200,,Chelsea Buns (6s),shop front,internal,30755,Chelsea Buns (6s),,SHP-CHB-04S,40,,OD200 - Ayesha Centre
0,OD200,,Chocolate Gateaux Plain,shop front,internal,16013,Chocolate Gateaux Plain,,SHP-CHO-PLN,30,,OD200 - Ayesha Centre
0,OD200,,Carrot and Pecan Nut Slab,shop front,internal,16014,Carrot and Pecan Nut Slab,,SHP-CPN-EAC,48,,OD200 - Ayesha Centre
0,OD200,,Cream Buns 6s,shop front,internal,16017,Cream Buns 6s,,SHP-CRB-06S,42,,OD200 - Ayesha Centre
0,OD200,,Rolls 70g Soft Hotdog Cheese 6,shop front,internal,16018,Rolls 70g Soft Hotdog Cheese 6,,SHP-CRO-06S,32,,OD200 - Ayesha Centre
0,OD200,,Chocolate Sponge Cake,shop front,internal,6001650000000,Chocolate Sponge Cake,,SHP-CSC-EAC,47,,OD200 - Ayesha Centre
0,OD200,,Christmas Steamed Pudding,shop front,internal,0,Christmas Steamed Pudding,,SHP-CTP-EAC,200,,OD200 - Ayesha Centre
0,OD200,,Cocktail Rolls,shop front,internal,16020,Cocktail Rolls,,SHP-CTR-EAC,34,,OD200 - Ayesha Centre
0,OD200,,Christmas Windsor Plain,shop front,internal,16038,Christmas Windsor Plain,,SHP-CWP-EAC,120,,OD200 - Ayesha Centre
0,OD200,,Christmas Windsor Slice,shop front,internal,16049,Christmas Windsor Slice,,SHP-CWS-EAC,40,,OD200 - Ayesha Centre
0,OD200,,DC  Bandhani Box (8s),shop front,external,,DC Diwali Bandhani Box,,SHP-DBB-EAC,90,,OD200 - Ayesha Centre
0,OD200,,DC Cutwork Laser Cut Design,shop front,external,,DC Cutwork Laser Cut Design,,SHP-DCB-EAC,110,,OD200 - Ayesha Centre
140,OD200,,DC Deluxe Diamante Knob Mini Wooden Laser Cut,shop,external,,DC Deluxe Diamante Knob Mini Wooden Laser Cut,,SHP-DDK-EAC,170,,OD200 - Ayesha Centre
0,OD200,,DC Diwali Eggless Cake,shop front,internal,,DC Diwali Eggless Cake,,SHP-DEG-EAC,60,,OD200 - Ayesha Centre
0,OD200,,DC Elephant Pendant Box,shop front,external,,DC Elephant Pendant Box,,SHP-DEP-EAC,210,,OD200 - Ayesha Centre
70,OD200,,DC Diwali Jalebi,shop front,external,0,DC Diwali Jalebi,,SHP-DJA-EAC,95,,OD200 - Ayesha Centre
0,OD200,,DC Diwali Large Bag,shop front,external,0,DC Diwali Large Bag,,SHP-DLB-EAC,40,,OD200 - Ayesha Centre
65,OD200,,DC Diwali Macaroons (5s),shop front,external,0,DC Diwali Macaroons,,SHP-DMA-EAC,90,,OD200 - Ayesha Centre
0,OD200,,DC Majestic Elephant/Ganesha,shop front,external,,DC Majestic Elephant/Ganesha,,SHP-DME-EAC,80,,OD200 - Ayesha Centre
320,OD200,,DC Majestic Jewels Ganesha 595g,shop front,external,,DC Majestic Jewels Ganesha 595g,,SHP-DMJ-EAC,450,,OD200 - Ayesha Centre
170,OD200,,DC Peacock Shape,shop front,external,,DC Peacock Shape,,SHP-DPS-EAC,240,,OD200 - Ayesha Centre
0,OD200,,Dhall Roti (6s),shop front,external,16045,Dhall Roti (6s),,SHP-DRO-EAC,35,,OD200 - Ayesha Centre
0,OD200,,DC Timeless Elegant Box,shop front,external,,DC Timeless Elegant Box,,SHP-DTE-EAC,170,,OD200 - Ayesha Centre
0,OD200,,DC Exclusive Box Rose Gold,shop front,external,,DC Exclusive Box Rose Gold,,SHP-EBR-EAC,320,,OD200 - Ayesha Centre
220,OD200,,DC Exclusive Box Gold,shop front ,external,,DC Exclusive Box Gold,,SHP-ESG-EAC,320,,OD200 - Ayesha Centre
0,OD200,,Christmas Fruit Cake Eggless Round,shop front,internal,0,Christmas Fruit Cake Eggless Round,,SHP-FCE-EAC,160,,OD200 - Ayesha Centre
0,OD200,,Five Roses Tea Tall,drink,external,0,Five Roses Tea Tall,,SHP-FRT-LRG,16,,OD200 - Ayesha Centre
0,OD200,,Hot x Buns 6s,shop front,internal,16022,Hot x Buns 6s,,SHP-HBU-EAC,31,,OD200 - Ayesha Centre
0,OD200,,Idhli Pure Butter (4s),platter,internal,60071,Idhli Pure Butter (4s),,SHP-IDH-EACH,37,,OD200 - Ayesha Centre
0,OD200,,Chocolate Lamington 5 pack,shop front,internal,110102,Chocolate Lamington 5 pack,,SHP-LAC-EACH,45,,OD200 - Ayesha Centre
50,OD200,,Ladoo  9 piece,shop front,internal,0,Ladoo 9 piece,,SHP-LAD-EAC,70,,OD200 - Ayesha Centre
0,OD200,,Raspberry Lamington 5 pack,shop front,internal,110101,Raspberry Lamington 5 pack,,SHP-LAR-EACH,45,,OD200 - Ayesha Centre
110,OD200,,DC Large Floral Boxes,shop front,external,,DC Large Floral Boxes,,SHP-LFS-EAC,160,,OD200 - Ayesha Centre
170,OD200,,DC Large Hexagonal Deluxe Sweetmeats 375g,shop front,external,9003,DC Large Hexagonal Deluxe Sweetmeats 375g,,SHP-LHS-375,250,,OD200 - Ayesha Centre
0,OD200,,Madeira,shop front,internal,16023,Madeira,,SHP-MAD-EAC,48,,OD200 - Ayesha Centre
75,OD200,,DC Meduim Floral Box,shop front,external,,DC Meduim Floral Box,,SHP-MFS-EAC,120,,OD200 - Ayesha Centre
90,OD200,,DC Mini Hexagonal Deluxe Sweetmeats 165g,shop front,external,9001,DC Mini Hexagonal Deluxe Sweetmeats 165g,,SHP-MHS-165,140,,OD200 - Ayesha Centre
0,OD200,,Mince Pies,shop front,internal,16024,Mince Pies,,SHP-MIN-EAC,48,,OD200 - Ayesha Centre
0,OD200,,Brown Roti (6s),shop front,internal,16048,Brown Roti (6s),,SHP-MRO-EACH,35,,OD200 - Ayesha Centre
0,OD200,,Naan 300g 2s,shop front,internal,16025,Naan 300g 2s,,SHP-NAA-02S,34,,OD200 - Ayesha Centre
0,OD200,,Naan 300g,shop front,internal,16026,Naan 300g,,SHP-NAA-EAC,17,,OD200 - Ayesha Centre
0,OD200,,Puri Patha Platter 30s,shop front,internal,0,Puri Patha Platter 30s,,SHP-PPP-30S,380,,OD200 - Ayesha Centre
0,OD200,,Rainbow Sponge Log,shop front,internal,16027,Rainbow Sponge Log,,SHP-RAI-EAC,60,,OD200 - Ayesha Centre
0,OD200,,Raisin Loaf,shop front,internal,16028,Raisin Loaf,,SHP-RAL-EAC,20,,OD200 - Ayesha Centre
0,OD200,,Rooibos Tea Tall,drink,internal,0,Rooibos Tea Tall,,SHP-RBT-LRG,18,,OD200 - Ayesha Centre
240,OD200,,DC Rajasthani Jewel Sweetmeats 595g,shop front,external,9006,DC Rajasthani Jewel Sweetmeats 595g,,SHP-RJS-595,360,,OD200 - Ayesha Centre
0,OD200,,Rolls 60g Soft Hotdog 6s,shop front,internal,16029,Rolls 60g Soft Hotdog 6s,,SHP-ROLL-06S,18,,OD200 - Ayesha Centre
0,OD200,,Rolls 60g Soft Hotdog 12s,shop front,internal,16030,Rolls 60g Soft Hotdog 12s,,SHP-ROLL-12S,36,,OD200 - Ayesha Centre
0,OD200,,Rotis 12s,shpo front,internal,16046,Rotis 12s,,SHP-ROT-EAC,35,,OD200 - Ayesha Centre
110,OD200,,DC Bandhani Burfee Box (9s),shop front,external,0,DC Sweetmeats Boujee Burfee,,SHP-SBB-EACH,110,,OD200 - Ayesha Centre
0,OD200,,Burfee Soji Cake,shop front,internal,8050,Burfee Soji Cake,,SHP-SBC-EAC,110,,OD200 - Ayesha Centre
0,OD200,,Scones Fruit 4s,shop front,internal,16032,Scones Fruit 4s,,SHP-SCF-EAC,45,,OD200 - Ayesha Centre
0,OD200,,Dome Buttercream Christmas Cake,shop front,internal,16034,Dome Buttercream Christmas Cake,,SHP-SCG-EAC,50,,OD200 - Ayesha Centre
0,OD200,,Scones 4s,shop front,internal,16033,Scones 4s,,SHP-SCO-EAC,34,,OD200 - Ayesha Centre
90,OD200,,Sweet Meats Gold Foil Large,shop front,external,0,Sweet Meats Gold Foil Large,,SHP-SGL-EAC,140,,OD200 - Ayesha Centre
65,OD200,,Sweet Meats Gold Foil Small,shop front,external,0,Sweet Meats Gold Foil Small,,SHP-SGS-EAC,100,,OD200 - Ayesha Centre
100,OD200,,Sweet Meats Paisley Gold Foil,shop front,external,0,Sweet Meats Paisley Gold Foil,,SHP-SPF-EAC,150,,OD200 - Ayesha Centre
0,OD200,,Soji Poli (5s),shop front,external,60073,Soji Poli (5s),,SHP-SPO-EACH,,,OD200 - Ayesha Centre
0,OD200,,Strawberry Sponge Cake,shop front,internal,6001650000000,Strawberry Sponge Cake,,SHP-SSC-EAC,50,,OD200 - Ayesha Centre
0,OD200,,Eggless Trifle Sponge,shop front,internal,0,Eggless Trifle Sponge,,SHP-STE-EAC,65,,OD200 - Ayesha Centre
0,OD200,,DC Triangle Lotus Box,shop front,internal,,DC Triangle Lotus Box,,SHP-TLS-EAC,210,,OD200 - Ayesha Centre
0,OD200,,Trifle Sponge,shop front,internal,16035,Trifle Sponge,,SHP-TRI-EAC,30,,OD200 - Ayesha Centre
0,OD200,,Christmas Windsor iced,shop front,internal,16037,Christmas Windsor iced,,SHP-WIC-EAC,70,,OD200 - Ayesha Centre
44,OD200,,Maya Spices Chevda 250g,snack,external,16047,Maya Spices Chevda 250g,,SNA-CHE-EAC,60,,OD200 - Ayesha Centre
5,OD200,,Kara Nichas Hot & Spicy 100G,snack,external,,Kara Nichas Hot & Spicy 100G,,SNA-HAS-100,10,,OD200 - Ayesha Centre
12,OD200,,Kashmiri Murkoo,snack,external,6009660000000,Kashmiri Murkoo,,SNA-KMU-EAC,19,,OD200 - Ayesha Centre
0,OD200,,Kara Nichhas Peanuts,snack,external,0,Kara Nichhas Peanuts,,SNA-KNP-EAC,7,,OD200 - Ayesha Centre
23,OD200,,Murkoo Extra Large Plain,snack,external,13007,Murkoo Extra Large Plain,,SNA-LMP-EAC,36,,OD200 - Ayesha Centre
23,OD200,,Murkoo Extra Large,snack,external,0,Murkoo Extra Large,,SNA-LMS-EAC,36,,OD200 - Ayesha Centre
0,OD200,,Murkoo Original Crunch,snack,external,6001650000000,Murkoo Original Crunch,,SNA-MOC-EAC,9.5,,OD200 - Ayesha Centre
3.7,OD200,,Murkoo sticks flavoured,snack,external,30781,Murkoo sticks flavoured,,SNA-MSF-EAC,6.8,,OD200 - Ayesha Centre
7.5,OD200,,Murkoo Sticks,snack,external,5010,Murkoo Sticks,,SNA-MUS-EAC,12,,OD200 - Ayesha Centre
5,OD200,,ralphies nutties 60g,snack,external,6002850000000,ralphies nutties 60g,,SNA-NUT-60G,10,,OD200 - Ayesha Centre
5,OD200,,Kara Nichas Savoury Snack,snack,external,,Kara Nichas Savoury Snack,,SNA-PAS-EAC,10,,OD200 - Ayesha Centre
0,OD200,,Kara Nichas Cheesy Sticks,snack,external,,Kara Nichas Cheesy Sticks,,SNA-PCS-EAC,10,,OD200 - Ayesha Centre
10.5,OD200,,PNS Murkoo,snack,external,30491,PNS Murkoo,,SNA-PNM-EAC,18,,OD200 - Ayesha Centre
11,OD200,,PNS Traditional Murkoo,snack,external,6002420000000,PNS Traditional Murkoo,,SNA-PNT-EAC,18,,OD200 - Ayesha Centre
26,OD200,,Serve and Nuts 400g,snack,external,,Serve and Nuts 400g,,SNA-SAN-400,40,,OD200 - Ayesha Centre
7.5,OD200,,Serv & Nuts,snack,external,0,Serv & Nuts,,SNA-SAN-EAC,12,,OD200 - Ayesha Centre
0,OD200,,Soft Gantia,snack,external,0,Soft Gantia,,SNA-SGA-EAC,40,,OD200 - Ayesha Centre
5,OD200,,Kara Nichas Spring Onion Murku,snack,external,-2146826246,Kara Nichas Spring Onion Murku,,SNA-SOM-EAC,10,,OD200 - Ayesha Centre
7.5,OD200,,Sugar Sticks,snack,external,6009710000000,Sugar Sticks,,SNA-SUS-EAC,13,,OD200 - Ayesha Centre
126.09,OD200,,Spice- Whole Black Pepper,ingredient,external,0,Spice- Whole Black Pepper,,SPI-BPE-KGR,,,OD200 - Ayesha Centre
19.99,OD200,,Spice Cook In Bag,ingredient,external,0,Spice Cook In Bag,,SPI-CIB-EAC,,,OD200 - Ayesha Centre
20,OD200,,Spice - Cinnamon Sticks,ingredient,external,0,Spice - Cinnamon Sticks,,SPI-CIS-EAC,,,OD200 - Ayesha Centre
19.57,OD200,,Spice- Dhania Powder,ingredient,external,0,Spice- Dhania Powder,,SPI-DHA-KGR,,,OD200 - Ayesha Centre
33.83,OD200,,Spice-Garum Masala,ingredient,external,0,Spice-Garum Masala,,SPI-GAR-KGR,,,OD200 - Ayesha Centre
119.99,OD200,,Ginger & Garlic,ingredient,external,0,Ginger & Garlic,,SPI-GIN-KGR,,,OD200 - Ayesha Centre
105,OD200,,Spice - Mayas Jeera Powder,ingredient,external,0,Spice - Mayas Jeera Powder,,SPI-JEE-KGR,,,OD200 - Ayesha Centre
60.87,OD200,,Spice Jeera Powder,ingredient,external,0,Spice Jeera Powder,,SPI-JEP-KGR,,,OD200 - Ayesha Centre
14.77,OD200,,Spice- Knorrx Mutton Flavour 12s,ingredient,external,0,Spice- Knorrx Mutton Flavour 12s,,SPI-KNO-EAC,,,OD200 - Ayesha Centre
173.91,OD200,,Spice- Chilli Powder,ingredient,external,0,Spice- Chilli Powder,,SPI-MAS-KGR,,,OD200 - Ayesha Centre
15,OD200,,Spice - Mint,ingredient,external,0,Spice - Mint,,SPI-MIN-EAC,,,OD200 - Ayesha Centre
120,OD200,,Spice- Mayas Mixed Masala,ingredient,external,0,Spice- Mayas Mixed Masala,,SPI-MIX-KGR,,,OD200 - Ayesha Centre
0,OD200,,Manilal Special Mix Masala,ingredient,external,0,Manilal Special Mix Masala,,SPI-MSM-KGR,,,OD200 - Ayesha Centre
39.12,OD200,,Nola Mayonaise,ingredient,external,0,Nola Mayonaise,,SPI-NOL-KGR,,,OD200 - Ayesha Centre
13.99,OD200,,Parsley,ingredient,external,0,Parsley,,SPI-PAR-EAC,,,OD200 - Ayesha Centre
0,OD200,,SVS Spices 100g,ingredient,external,0,SVS Spices 100g,,SPI-SVS-100G,,,OD200 - Ayesha Centre
0,OD200,,SVS Spices 150g,ingredient,external,,SVS Spices 150g,,SPI-SVS-150G,,,OD200 - Ayesha Centre
0,OD200,,SVS Spices 50g,ingredient,external,0,SVS Spices 50g,,SPI-SVS-50G,,,OD200 - Ayesha Centre
11.99,OD200,,Spice - Fresh Thyme,ingredient,external,0,Spice - Fresh Thyme,,SPI-THY-EACH,,,OD200 - Ayesha Centre
76.52,OD200,,Spice Tumeric,ingredient,external,0,Spice Tumeric,,SPI-TUM-KGR,,,OD200 - Ayesha Centre
0,OD200,,BD20 Buttercream Eggless Cake,buttercream square ,internal,0,BD20 Buttercream Eggless Cake,,SRN-BCE-020,1040,,OD200 - Ayesha Centre
0,OD200,,Cream colour cream only - 16,miscellaneous,internal,0,Cream colour cream only - 16,,SRN-CRM-016,70,,OD200 - Ayesha Centre
0,OD200,,BD 20 Fresh Cream Eggless cake,freshcream square eggless,internal,0,BD 20 Fresh Cream Eggless cake,,SRN-FCE-020,1120,,OD200 - Ayesha Centre
0,OD200,,Strawberry Jam only - 12,miscellaneous,internal,0,Strawberry Jam only - 12,,SRN-JAM-012,100,,OD200 - Ayesha Centre
0,OD200,,Strawberry Jam only - 14,miscellaneous,internal,0,Strawberry Jam only - 14,,SRN-JAM-014,120,,OD200 - Ayesha Centre
0,OD200,,Strawberry Jam only - 16,miscellaneous,internal,0,Strawberry Jam only - 16,,SRN-JAM-016,140,,OD200 - Ayesha Centre
0,OD200,,Strawberry Jam Only-18,miscellaneous,internal,0,Strawberry Jam Only-18,,SRN-JAM-18,220,,OD200 - Ayesha Centre
0,OD200,,Strawberry Jam Only-20,miscellenous,internal,0,Strawberry Jam Only-20,,SRN-JAM-20,220,,OD200 - Ayesha Centre
0,OD200,,Painting on Roses,miscellaneous,internal,0,Painting on Roses,,SRN-PAI-EAC,5,,OD200 - Ayesha Centre
0,OD200,,Painting on Roses,miscellaneous,internal,0,Painting on Roses,,SRN-PAI-EAC,2.5,,OD200 - Ayesha Centre
0,OD200,,Peach Slices Only 14,miscellaneous,internal,0,Peach Slices Only 14,,SRN-PEA-014,75,,OD200 - Ayesha Centre
0,OD200,,Peach Slices Only 14,miscellaneous,internal,0,Peach Slices Only 14,,SRN-PEA-014,50,,OD200 - Ayesha Centre
0,OD200,,BD14' Round covered in plastic icing and daisies,novelty,internal,0,BD14' Round covered in plastic icing and daisies,,SRN-PID-014,350,,OD200 - Ayesha Centre
0,OD200,,BD 4 Tier PI stacked with Indian Bridal couple,novelty,internal,,BD 4 Tier PI stacked with Indian Bridal couple,,SRN-PIT-004,5200,,OD200 - Ayesha Centre
0,OD200,,Plastic Icing Covering Only 12,miscellaneous,internal,0,Plastic Icing Covering Only 12,,SRN-PLI-012,300,,OD200 - Ayesha Centre
0,OD200,,Plastic Icing Covering Only 14,miscellaneous,internal,,Plastic Icing Covering Only 14,,SRN-PLI-014,500,,OD200 - Ayesha Centre
0,OD200,,Plastic Icing Covering Only 16,miscellenous,internal,0,Plastic Icing Covering Only 16,,SRN-PLI-016,500,,OD200 - Ayesha Centre
0,OD200,,BD Plastic Icing 14 Round,miscellaneous,internal,,BD Plastic Icing 14 Round,,SRN-PLR-014,500,,OD200 - Ayesha Centre
0,OD200,,BD2 Tier Stack Sponge- Plastic Icing-12&14,novelty,internal,0,BD2 Tier Stack Sponge- Plastic Icing-12&14,,SRN-STA-2TI,2500,,OD200 - Ayesha Centre
0,OD200,,BD 3 Tier Stack Sponge- Plastic Icing 101214,novelty,internal,,BD 3 Tier Stack Sponge- Plastic Icing 101214,,SRN-STA-3TI,3600,,OD200 - Ayesha Centre
22,OD200,,Almond Cones,sweet,external,0,Almond Cones,,SWE-ALC-EACH,35,,OD200 - Ayesha Centre
3.5,OD200,,Masala Bor,sweet,external,6009630000000,Masala Bor,,SWE-BOR-EAC,6,,OD200 - Ayesha Centre
10,OD200,,Cashew Cones,sweet,external,0,Cashew Cones,,SWE-CAC-EACK,16,,OD200 - Ayesha Centre
8,OD200,,Chocolate Coconut Cluster,sweet,external,1017,Chocolate Coconut Cluster,,SWE-CCC-EAC,11,,OD200 - Ayesha Centre
4.4,OD200,,Caruchi Candy Dates,sweet,external,6009610000000,Caruchi Candy Dates,,SWE-CCD-EAC,6.8,,OD200 - Ayesha Centre
1.25,OD200,,China fruit sweet,sweet,external,10030,China fruit sweet,,SWE-CFW-EAC,2.5,,OD200 - Ayesha Centre
0,OD200,,China Fruit,sweet,external,6009630000000,China Fruit,,SWE-CHF-EAC,5.5,,OD200 - Ayesha Centre
9.33,OD200,,Chicks Violet,sweet,external,6001200000000,Chicks Violet,,SWE-CHI-EAC,13,,OD200 - Ayesha Centre
9.38,OD200,,Choc Marshmallow,sweet,external,30482,Choc Marshmallow,,SWE-CMM-EAC,14,,OD200 - Ayesha Centre
4.4,OD200,,Coconut Ice,sweet,external,30608,Coconut Ice,,SWE-CNI-EAC,6.8,,OD200 - Ayesha Centre
11.2,OD200,,Coconut Wheel,coconut wheel,external,6009610000000,Coconut Wheel,,SWE-CNW-EAC,15,,OD200 - Ayesha Centre
1.25,OD200,,Coconut ice small,sweet,external,0,Coconut ice small,,SWE-COI-EAC,3.5,,OD200 - Ayesha Centre
8,OD200,,Chocolate Peanut Cluster,sweet,external,6009610000000,Chocolate Peanut Cluster,,SWE-CPC-EAC,11,,OD200 - Ayesha Centre
7.25,OD200,,Chocolate Rocher,sweet,external,6009610000000,Chocolate Rocher,,SWE-CRO-EAC,9.5,,OD200 - Ayesha Centre
0,OD200,,Sour Punk Cola,sweet,external,8850630000000,Sour Punk Cola,,SWE-CSP-EAC,13,,OD200 - Ayesha Centre
5.5,OD200,,Masala Figs,sweet,external,6009630000000,Masala Figs,,SWE-FIG-EAC,10,,OD200 - Ayesha Centre
3,OD200,,Mebos Sweets,sweet,external,1024,Mebos Sweets,,SWE-MES-EAC,5,,OD200 - Ayesha Centre
20,OD200,,Peanut Brittle Slabs Singles,sweet,external,0,Peanut Brittle Slabs Singles,,SWE-PBS-EAC,7,,OD200 - Ayesha Centre
23,OD200,,Peanut Brittle Slab 10s,sweet,external,6009630000000,Peanut Brittle Slab 10s,,SWE-PNB-EACH,60,,OD200 - Ayesha Centre
11,OD200,,Peanut Brittle Pieces,sweet,external,6009660000000,Peanut Brittle Pieces,,SWE-PNP-EACH,20,,OD200 - Ayesha Centre
11,OD200,,Almond Bar 40g single,sweet,external,0,Almond Bar 40g single,,SWE-SAB-EACH,18,,OD200 - Ayesha Centre
11,OD200,,Cashew Bar 40g single,sweet,external,0,Cashew Bar 40g single,,SWE-SCB-EAC,18,,OD200 - Ayesha Centre
7.7,OD200,,Sour Punk Apple,sweet,external,8850630000000,Sour Punk Apple,,SWE-SPA-EAC,13,,OD200 - Ayesha Centre
0,OD200,,Sesame Brittle Pieces,sweet,external,6009660000000,Sesame Brittle Pieces,,SWE-SPB-EAC,18,,OD200 - Ayesha Centre
7.7,OD200,,Sour Punk,sweet,external,8850630000000,Sour Punk,,SWE-SPS-EAC,13,,OD200 - Ayesha Centre
6,OD200,,Sweet & Sour Bor,sweet,external,6009630000000,Sweet & Sour Bor,,SWE-SSB-EAC,8,,OD200 - Ayesha Centre
8.8,OD200,,Sweet & Sour Figs,sweet,external,6009630000000,Sweet & Sour Figs,,SWE-SSF-EAC,10,,OD200 - Ayesha Centre
4.1,OD200,,Toasted Jabs,sweet,external,1033,Toasted Jabs,,SWE-TOA-EAC,5.5,,OD200 - Ayesha Centre
49.56,OD200,,Whispers 200g,ingredient,external,0,Whispers 200g,,SWE-WHI-EAC,,,OD200 - Ayesha Centre
50,OD200,,Green Chillies,ingredient,external,0,Green Chillies,,VEG-CHI-KGR,,,OD200 - Ayesha Centre
0.26,OD200,,Water,ingredient,external,0,Water,,Water,,,OD200 - Ayesha Centre
24.33,OD200,,Fruit Banana,ingredient,external,30094,Fruit Banana,,XBF-BAN-EAC,,,OD200 - Ayesha Centre
215,OD200,,Banana Essence,ingredient,external,0,Banana Essence,,XBF-BAN-KGR,,,OD200 - Ayesha Centre
211.78,OD200,,Banana Essence,ingredient,external,0,Banana Essence,,XBF-BAN-KGR,,,OD200 - Ayesha Centre
43.76,OD200,,Chellies Red Alpine,ingredient,external,30084,Chellies Red Alpine,,XBF-CHL-KGR,,,OD200 - Ayesha Centre
100.58,OD200,,Fruit Cut Peel,ingredient,external,30086,Fruit Cut Peel,,XBF-CUT-KGR,,,OD200 - Ayesha Centre
26.63,OD200,,Fruit Mix (Chipkins),ingredient,external,30089,Fruit Mix (Chipkins),,XBF-FMX-KGR,,,OD200 - Ayesha Centre
0,OD200,,Pitted Dates,ingredient,external,0,Pitted Dates,,XBF-PDA-KGR,,,OD200 - Ayesha Centre
0,OD200,,Fruit Pie Apples,ingredient,external,30092,Fruit Pie Apples,,XBF-PIE-KGR,,,OD200 - Ayesha Centre
110.64,OD200,,Red Whole Cherries,ingredient,external,30669,Red Whole Cherries,,XBF-RWC-KGR,,,OD200 - Ayesha Centre
0,OD200,,Berries Blend,ingredient,external,0,Berries Blend,,XBR-BEB-1KGR,,,OD200 - Ayesha Centre
0,OD200,,Mango Diced Fruit,ingredient,external,0,Mango Diced Fruit,,XBR-MDF-1KGR,,,OD200 - Ayesha Centre
12.17,OD200,,Tomatoe Paste 3.06kg,ingredient,external,0,Tomatoe Paste 3.06kg,,XBR-TOM-KGR,,,OD200 - Ayesha Centre
0,OD200,,Chocolate Choco Blocks,ingredient,external,30158,Chocolate Choco Blocks,,XCH-CCB-KGR,,,OD200 - Ayesha Centre
59.48,OD200,,Chocolate Chockex Chips Milk,ingredient,external,30157,Chocolate Chockex Chips Milk,,XCH-CCM-KGR,,,OD200 - Ayesha Centre
62.85,OD200,,Chocolate Chockex Chips White,ingredient,external,30159,Chocolate Chockex Chips White,,XCH-CCW-KGR,,,OD200 - Ayesha Centre
0,OD200,,Chocolate Peppermint Crisp,ingredient,external,,Chocolate Peppermint Crisp,,XCH-PMC-EAC,,,OD200 - Ayesha Centre
74.4,OD200,,Powder Cocoa,ingredient,external,30238,Powder Cocoa,,XCH-POW-KGR,,,OD200 - Ayesha Centre
55.62,OD200,,Tin Glide 5kg,ingredient,external,0,Tin Glide 5kg,,XCH-TIN-KG,,,OD200 - Ayesha Centre
50.44,OD200,,Vermicelli Chocolate,ingredients,external,30163,Vermicelli Chocolate,,XCH-VER-KGR,,,OD200 - Ayesha Centre
116.37,OD200,,Aniseed Essence,ingredients,external,0,Aniseed Essence,,XCO-AES-LTR,,,OD200 - Ayesha Centre
40.86,OD200,,Bread Crumbs,ingredient,external,0,Bread Crumbs,,XCO-BCR-KGR,,,OD200 - Ayesha Centre
42.25,OD200,,Black Jack,ingredient,external,30225,Black Jack,,XCO-BLA-KGR,,,OD200 - Ayesha Centre
221.5,OD200,,Coloured Powder Lemon Yellow,ingredient,external,30164,Coloured Powder Lemon Yellow,,XCO-LEM-KGR,,,OD200 - Ayesha Centre
116.77,OD200,,powder food colouring blue,ingredient,external,30176,powder food colouring blue,,XCO-PBL-KGR,,,OD200 - Ayesha Centre
186.37,OD200,,Powder colouring green,ingredient,external,30175,Powder colouring green,,XCO-PGN-KGR,,,OD200 - Ayesha Centre
135.11,OD200,,Pillar Box Red,ingredient,external,30173,Pillar Box Red,,XCO-PIL-KGR,,,OD200 - Ayesha Centre
0,OD200,,Red piping gel,ingredient,external,30177,Red piping gel,,XCO-REG-EAC,,,OD200 - Ayesha Centre
68.31,OD200,,Vanilla Essence,ingredient,external,30708,Vanilla Essence,,XCO-VES-LTR,,,OD200 - Ayesha Centre
65.21,OD200,,Berg Cheese,ingredient,external,0,Berg Cheese,,XDA-BERG-KGR,,,OD200 - Ayesha Centre
8.05,OD200,,Buttermilk,ingredient,external,30756,Buttermilk,,XDA-BUT-EAC,,,OD200 - Ayesha Centre
49.49,OD200,,Chicken Breast Fillet,ingredient,external,0,Chicken Breast Fillet,,XDA-CBF-KGR,,,OD200 - Ayesha Centre
49.49,OD200,,Chicken Breast Fillet,ingredient,external,0,Chicken Breast Fillet,,XDA-CBF-KGR,,,OD200 - Ayesha Centre
65.23,OD200,,Cheese Cottage Smooth,ingredient,external,30179,Cheese Cottage Smooth,,XDA-CCS-KGR,,,OD200 - Ayesha Centre
90.47,OD200,,Cheddar Cheese,ingredient,external,30562,Cheddar Cheese,,XDA-CHE-KGR,,,OD200 - Ayesha Centre
82.61,OD200,,Chicken Wings Drumettes,ingredient,external,0,Chicken Wings Drumettes,,XDA-CHI-EAC,,,OD200 - Ayesha Centre
82.61,OD200,,Chicken Wings Drumettes,ingredient,external,0,Chicken Wings Drumettes,,XDA-CHI-EAC,,,OD200 - Ayesha Centre
69.55,OD200,,Cheese Feta,ingredient,external,,Cheese Feta,,XDA-CMO-KGR,,,OD200 - Ayesha Centre
52.17,OD200,,Crab Sticks,ingredient,external,0,Crab Sticks,,XDA-CRA-1KG,,,OD200 - Ayesha Centre
52.17,OD200,,Crab Sticks,ingredient,external,0,Crab Sticks,,XDA-CRA-1KG,,,OD200 - Ayesha Centre
139.46,OD200,,Cream Cheese,ingredient,external,30848,Cream Cheese,,XDA-CRE-250,,,OD200 - Ayesha Centre
47.35,OD200,,Cream Fresh 500ml,ingredient,external,30180,Cream Fresh 500ml,,XDA-CRF-500,,,OD200 - Ayesha Centre
105,OD200,,Chicken Salsa Snack Wings 6kg,ingredient,external,0,Chicken Salsa Snack Wings 6kg,,XDA-CSS-KGR,,,OD200 - Ayesha Centre
105,OD200,,Chicken Salsa Snack Wings 6kg,ingredient,external,0,Chicken Salsa Snack Wings 6kg,,XDA-CSS-KGR,,,OD200 - Ayesha Centre
69.57,OD200,,Chicken Tikka Sausage,ingredient,external,0,Chicken Tikka Sausage,,XDA-CTS-KGR,,,OD200 - Ayesha Centre
13.5,OD200,,Cream Fresh 250ml,ingredient,external,0,Cream Fresh 250ml,,XDA-FCR-250ML,,,OD200 - Ayesha Centre
60.86,OD200,,Flora light,consumables,external,0,Flora light,,XDA-FLO-KGR,,,OD200 - Ayesha Centre
135.35,OD200,,Hake Fillet -fish,ingredient,external,0,Hake Fillet -fish,,XDA-HAK-1KG,,,OD200 - Ayesha Centre
35.6,OD200,,Jalapenos,ingredient,external,0,Jalapenos,,XDA-JAL-KGR,,,OD200 - Ayesha Centre
35.6,OD200,,Jalapenos,ingredient,external,0,Jalapenos,,XDA-JAL-KGR,,,OD200 - Ayesha Centre
104.35,OD200,,Lamb Mince,ingredient,external,0,Lamb Mince,,XDA-LAM- KGR,,,OD200 - Ayesha Centre
0,OD200,,Mini Butter Portions 8grams,ingredient,external,0,Mini Butter Portions 8grams,,XDA-MBP-EAC,,,OD200 - Ayesha Centre
0,OD200,,Mini Butter Portions 8grams,ingredient,external,0,Mini Butter Portions 8grams,,XDA-MBP-EAC,,,OD200 - Ayesha Centre
69.57,OD200,,Mutton Cheese Patties,ingredient,external,0,Mutton Cheese Patties,,XDA-MCP-KGR,,,OD200 - Ayesha Centre
0,OD200,,Mini Jam Portions 15Grams,ingredient,external,0,Mini Jam Portions 15Grams,,XDA-MJP-EAC,,,OD200 - Ayesha Centre
37.11,OD200,,Mix Veggies Mcain,ingredient,external,0,Mix Veggies Mcain,,XDA-MVE-KGR,,,OD200 - Ayesha Centre
37.11,OD200,,Mix Veggies Mcain,ingredient,external,0,Mix Veggies Mcain,,XDA-MVE-KGR,,,OD200 - Ayesha Centre
44.94,OD200,,Non Dairy Cream,ingredient,external,30183,Non Dairy Cream,,XDA-NON-KGR,,,OD200 - Ayesha Centre
29.57,OD200,,Nutriday Yogurt Plain,ingredient,external,30597,Nutriday Yogurt Plain,,XDA-NUT-LTR,,,OD200 - Ayesha Centre
50,OD200,,Cream Fresh Orange Grove 1litre,ingredient,external,0,Cream Fresh Orange Grove 1litre,,XDA-OGC-LTR,,,OD200 - Ayesha Centre
104.35,OD200,,Oriental Mutton Sausage,ingredient,external,0,Oriental Mutton Sausage,,XDA-OMU-KGR,,,OD200 - Ayesha Centre
18.33,OD200,,Unbaked Patha Rolls,ingredient,external,0,Unbaked Patha Rolls,,XDA-PAR-EAC,,,OD200 - Ayesha Centre
47.06,OD200,,Peas Frozen 10kg,ingredient,external,0,Peas Frozen 10kg,,XDA-PEA-KGR,,,OD200 - Ayesha Centre
27.5,OD200,,Fathimas Puff Pastry 1kg,ingredient,external,0,Fathimas Puff Pastry 1kg,,XDA-PUP-KGR,,,OD200 - Ayesha Centre
0,OD200,,Saldanha Middlecut Tin Fish 400g,ingredient,external,0,Saldanha Middlecut Tin Fish 400g,,XDA-SMF-EAC,,,OD200 - Ayesha Centre
29.57,OD200,,Tommy Marinated Mince,ingredient,external,0,Tommy Marinated Mince,,XDA-SOY-KGR,,,OD200 - Ayesha Centre
0,OD200,,Tuna Chunks In Brine 1.7kg,ingredient,external,0,Tuna Chunks In Brine 1.7kg,,XDA-TUC-KGR,,,OD200 - Ayesha Centre
0,OD200,,Tuna Shredded In Brine 1.7kg,ingredient,external,0,Tuna Shredded In Brine 1.7kg,,XDA-TUS-KGR,,,OD200 - Ayesha Centre
0,OD200,,Tomato Whole Peeled,ingredient,external,0,Tomato Whole Peeled,,XDA-TWP-KGR,,,OD200 - Ayesha Centre
90,OD200,,Yeast Dry,ingredient,external,0,Yeast Dry,,XDA-YDR-KGR,,,OD200 - Ayesha Centre
0.07,OD200,,Astd roses,miscellaneous,external,30836,Astd roses,,XDE-AST-EAC,,,OD200 - Ayesha Centre
653.25,OD200,,Gold Beads per Kg,ingredient,external,30187,Gold Beads per Kg,,XDE-GBD-KGR,,,OD200 - Ayesha Centre
17,OD200,,Glitter,ingredient,external,30186,Glitter,,XDE-GLI-EAC,,,OD200 - Ayesha Centre
53.85,OD200,,Non Pareil,ingredient,external,30195,Non Pareil,,XDE-NOP-KGR,,,OD200 - Ayesha Centre
136.31,OD200,,Powder Metallic Gold,ingredient,external,30196,Powder Metallic Gold,,XDE-PMG-KGR,,,OD200 - Ayesha Centre
120.96,OD200,,Powder Metallic Silver,ingredient,external,30197,Powder Metallic Silver,,XDE-PMS-KGR,,,OD200 - Ayesha Centre
48.5,OD200,,Ribbon,consumables,external,30198,Ribbon,,XDE-RIB-EAC,,,OD200 - Ayesha Centre
5.58,OD200,,Ribbon tear 1 Roll,miscellaneous,external,30201,Ribbon tear 1 Roll,,XDE-TEA-EAC,,,OD200 - Ayesha Centre
26.91,OD200,,Bakers Tennis Biscuit 200g,ingredient,external,0,Bakers Tennis Biscuit 200g,,XDO-BTE-200G,,,OD200 - Ayesha Centre
179.99,OD200,,Cooking Oil 5ltrs,ingredient,external,0,Cooking Oil 5ltrs,,XFA-COO-LTR,,,OD200 - Ayesha Centre
46.67,OD200,,Eggs,ingredient,external,0,Eggs,,XFA-EGG-KGR,,,OD200 - Ayesha Centre
31.64,OD200,,Fat Pastrex Super,ingredient,external,30206,Fat Pastrex Super,,XFA-FPS-KGR,,,OD200 - Ayesha Centre
41.48,OD200,,Margarine Marvello Yellow,ingredient,external,30208,Margarine Marvello Yellow,,XFA-MAR-KGR,,,OD200 - Ayesha Centre
31.44,OD200,,Margarine Mastercraft White,ingredient,external,30209,Margarine Mastercraft White,,XFA-MAS-KGR,,,OD200 - Ayesha Centre
62.12,OD200,,Mooi river butter,ingredient,external,30780,Mooi river butter,,XFA-MOO-KGR,,,OD200 - Ayesha Centre
21.22,OD200,,Margarine Mr G,ingredient,external,30210,Margarine Mr G,,XFA-MRG-KGR,,,OD200 - Ayesha Centre
23.26,OD200,,Oil Crispa Gold,ingredients,external,30211,Oil Crispa Gold,,XFA-OIL-LTR,,,OD200 - Ayesha Centre
26.51,OD200,,Ovalette,ingredient,external,30212,Ovalette,,XFA-OVA-KGR,,,OD200 - Ayesha Centre
35.08,OD200,,Pastrex Super,ingredient,external,30672,Pastrex Super,,XFA-PTX-KGR,,,OD200 - Ayesha Centre
0,OD200,,Rama,ingredient,external,30810,Rama,,XFA-RAM-KGR,,,OD200 - Ayesha Centre
18.43,OD200,,Release,ingredient,external,30213,Release,,XFA-REL-LTR,,,OD200 - Ayesha Centre
0,OD200,,Sunflower Sunfoil 5 Ltr,ingredient,external,0,Sunflower Sunfoil 5 Ltr,,XFA-SOI-LTR,,,OD200 - Ayesha Centre
17.63,OD200,,Sorbitol 30LTR,ingredient,external,30242,Sorbitol 30LTR,,XFA-SOR-LRT,,,OD200 - Ayesha Centre
33.43,OD200,,Yeast Wet,ingredient,external,30244,Yeast Wet,,XFA-YWT-KGR,,,OD200 - Ayesha Centre
6.16,OD200,,Flour Brown,packaging,external,30215,Flour Brown,,XFL-BRF-125,,,OD200 - Ayesha Centre
11.92,OD200,,FlourCake,ingredients,external,30217,FlourCake,,XFL-CAF-125,,,OD200 - Ayesha Centre
13.23,OD200,,Complete Mix - Brown Bread Flour,ingredients,external,0,Complete Mix - Brown Bread Flour,,XFL-CMB-125,,,OD200 - Ayesha Centre
13.1,OD200,,Complete Mix - Brown Bread Flour,ingredients,external,0,Complete Mix - Brown Bread Flour,,XFL-CMB-125,,,OD200 - Ayesha Centre
13.43,OD200,,Complete Mix - White Bread Flour,ingredient,external,0,Complete Mix - White Bread Flour,,XFL-CMW-125,,,OD200 - Ayesha Centre
13.3,OD200,,Complete Mix - White Bread Flour,ingredient,external,0,Complete Mix - White Bread Flour,,XFL-CMW-125,,,OD200 - Ayesha Centre
16.87,OD200,,Semolina Golden Cloud 1kg,ingredient,external,0,Semolina Golden Cloud 1kg,,XFL-GSE-KGR,,,OD200 - Ayesha Centre
8.6,OD200,,Nyala Maize Meal 10kg,ingredient,external,0,Nyala Maize Meal 10kg,,XFL-NYA-KGR,,,OD200 - Ayesha Centre
19.68,OD200,,Premix Bread S6002 5%,ingredient,external,0,Premix Bread S6002 5%,,XMO-BS6-KGR,,,OD200 - Ayesha Centre
44.3,OD200,,Premix Butter Flavoured Madeira 12.5kg,ingredient,external,0,Premix Butter Flavoured Madeira 12.5kg,,XMP -BFM-KGR,,,OD200 - Ayesha Centre
0,OD200,,Premix S6002 Bread,ingredient,external,0,Premix S6002 Bread,,XMP-S60-KGR,,,OD200 - Ayesha Centre
0,OD200,,Premix S6002 Bread,ingredient,external,0,Premix S6002 Bread,,XMP-S60-KGR,,,OD200 - Ayesha Centre
53.73,OD200,,Sponge Chocolate Coastal,ingredient,external,0,Sponge Chocolate Coastal,,XMP-SCC-KGR,,,OD200 - Ayesha Centre
190.9,OD200,,Soft Roll Alpaga Improver,ingredient,external,0,Soft Roll Alpaga Improver,,XMP-SRA-KGR,,,OD200 - Ayesha Centre
187.08,OD200,,Soft Roll Alpaga Improver,ingredient,external,0,Soft Roll Alpaga Improver,,XMP-SRA-KGR,,,OD200 - Ayesha Centre
0,OD200,,Sponge Redvelvet Premix,ingredient,external,0,Sponge Redvelvet Premix,,XMP-SRE-EAC,,,OD200 - Ayesha Centre
18.7,OD200,,Premix bread 5%,ingredient,external,0,Premix bread 5%,,XPM-5PB-KGR,,,OD200 - Ayesha Centre
18.33,OD200,,Premix bread 5%,ingredient,external,0,Premix bread 5%,,XPM-5PB-KGR,,,OD200 - Ayesha Centre
0,OD200,,Apricot Flan Gel,ingredient,external,0,Apricot Flan Gel,,XPM-AFG-KGR,,,OD200 - Ayesha Centre
73.45,OD200,,Mix Chocomousse,ingredient,external,30110,Mix Chocomousse,,XPM-CCM-KGR,,,OD200 - Ayesha Centre
66.64,OD200,,Sponge Ebony Moist Choc Mix,ingredient,external,0,Sponge Ebony Moist Choc Mix,,XPM-EMC-KGR,,,OD200 - Ayesha Centre
37.24,OD200,,Premix 15% Sweet Fairglen,ingredient,external,30118,Premix 15% Sweet Fairglen,,XPM-FAI-KGR,,,OD200 - Ayesha Centre
53.5,OD200,,Fond Suisse,ingredient,external,30233,Fond Suisse,,XPM-FON-5KG,,,OD200 - Ayesha Centre
51.75,OD200,,Fruit Mince,ingredient,external,30088,Fruit Mince,,XPM-FRU-KGR,,,OD200 - Ayesha Centre
30.89,OD200,,Hot x bun full premix,ingredient,external,30104,Hot x bun full premix,,XPM-HXB-KGR,,,OD200 - Ayesha Centre
61.82,OD200,,Kokomix Pettina,ingredient,external,,Kokomix Pettina,,XPM-KOK-KGR,,,OD200 - Ayesha Centre
53.35,OD200,,Mix Muesli Slice,ingredient,external,30113,Mix Muesli Slice,,XPM-MUE-KGR,,,OD200 - Ayesha Centre
69.81,OD200,,No-bake premix,ingredient,external,0,No-bake premix,,XPM-NOB-KGR,,,OD200 - Ayesha Centre
14.24,OD200,,Paste 4.5% Standard Bread,ingredient,external,30116,Paste 4.5% Standard Bread,,XPM-PAS-KGR,,,OD200 - Ayesha Centre
31.39,OD200,,Sponge Chocolate,ingredient,external,30099,Sponge Chocolate,,XPM-SCH-KGR,,,OD200 - Ayesha Centre
36.87,OD200,,Stabiliser Pettina Cream,ingredient,external,30243,Stabiliser Pettina Cream,,XPM-SPC-KGR,,,OD200 - Ayesha Centre
82.92,OD200,,Sponge Eggless,ingredient,external,30128,Sponge Eggless,,XPM-SPE-KGR,,,OD200 - Ayesha Centre
20.93,OD200,,Sponge Pettina Instant,ingredient,external,30100,Sponge Pettina Instant,,XPM-SPI-KGR,,,OD200 - Ayesha Centre
43.75,OD200,,Sponge Instant Coastal,ingredient,external,0,Sponge Instant Coastal,,XPM-SVC-KGR,,,OD200 - Ayesha Centre
31.47,OD200,,Premix 20% Sweet Red,ingredient,external,30119,Premix 20% Sweet Red,,XPM-SWE-KGR,,,OD200 - Ayesha Centre
195,OD200,,Specialty-Chai,ingredient,external,0,Specialty-Chai,,XPO-BCS-KGR,,,OD200 - Ayesha Centre
185,OD200,,Monin Hazelnut Syrup,ingredient,external,0,Monin Hazelnut Syrup,,XPO-MHS-LTR,7,,OD200 - Ayesha Centre
185,OD200,,Monin Hazelnut Syrup,ingredient,external,0,Monin Hazelnut Syrup,,XPO-MHS-LTR,,,OD200 - Ayesha Centre
195,OD200,,Monin Vanilla Syrup,ingredient,external,0,Monin Vanilla Syrup,,XPO-MVS-LTR,7,,OD200 - Ayesha Centre
195,OD200,,Monin Vanilla Syrup,ingredient,external,0,Monin Vanilla Syrup,,XPO-MVS-LTR,,,OD200 - Ayesha Centre
225,OD200,,Specialty - Coffee Freezo,ingredient,external,0,Specialty - Coffee Freezo,,XPO-SCF-KGR,,,OD200 - Ayesha Centre
110,OD200,,Salted Caramel Milkshake Syrup,ingredient,external,0,Salted Caramel Milkshake Syrup,,XPO-SCM-LTR,,,OD200 - Ayesha Centre
290,OD200,,Specialty -Indonesian Coffee,ingredient,external,0,Specialty -Indonesian Coffee,,XPO-SIC-KGR,,,OD200 - Ayesha Centre
292,OD200,,Monin Caramel Sauce,ingredient,external,0,Monin Caramel Sauce,,XPO-SMC-EAC,7,,OD200 - Ayesha Centre
292,OD200,,Monin Caramel Sauce,ingredient,external,0,Monin Caramel Sauce,,XPO-SMC-EAC,,,OD200 - Ayesha Centre
195,OD200,,Monin Caramel Syrup,ingredient,external,0,Monin Caramel Syrup,,XPO-SMC-LTR,7,,OD200 - Ayesha Centre
195,OD200,,Monin Caramel Syrup,ingredient,external,0,Monin Caramel Syrup,,XPO-SMC-LTR,,,OD200 - Ayesha Centre
46.8,OD200,,Strawberry Milkshake Syrup,ingredient,external,0,Strawberry Milkshake Syrup,,XPO-SMS-LTR,,,OD200 - Ayesha Centre
93.86,OD200,,Aniseed,ingredient,external,30479,Aniseed,,XSN-ANI-KGR,,,OD200 - Ayesha Centre
0,OD200,,Flaked Almonds 1Kg,ingredient,external,0,Flaked Almonds 1Kg,,XSN-FLA-KGR,,,OD200 - Ayesha Centre
48.25,OD200,,Nuts Nibb,ingredient,external,30131,Nuts Nibb,,XSN-NUT-KGR,,,OD200 - Ayesha Centre
157.72,OD200,,Pecan Nut kg,ingredient,external,,Pecan Nut kg,,XSN-PEA-KGR,,,OD200 - Ayesha Centre
0,OD200,,Pecan Nut Halves,ingredient,external,0,Pecan Nut Halves,,XSN-PEH-KGR,,,OD200 - Ayesha Centre
145.09,OD200,,seed poppy,ingredient,external,30135,seed poppy,,XSN-SDP-KGR,,,OD200 - Ayesha Centre
82.95,OD200,,Sesame Seed,Ingredient,external,30499,Sesame Seed,,XSN-SES-KGR,,,OD200 - Ayesha Centre
130.43,OD200,,Spice Jeera Whole,ingredient,external,0,Spice Jeera Whole,,XSN-SJEE-KGR,,,OD200 - Ayesha Centre
0,OD200,,Spice Mixed Herbs,ingredient,external,0,Spice Mixed Herbs,,XSN-SMI-KGR,,,OD200 - Ayesha Centre
0,OD200,,Spice Origanum,ingredient,external,0,Spice Origanum,,XSN-SOR-KGR,,,OD200 - Ayesha Centre
72.61,OD200,,Whole Somph,ingredient,external,0,Whole Somph,,XSN-WHS-KGR,,,OD200 - Ayesha Centre
24.99,OD200,,Spice- Dhania,ingredient,external,0,Spice- Dhania,,XSP- DHA-EAC,,,OD200 - Ayesha Centre
0,OD200,,Ground Almonds,ingredient,external,0,Ground Almonds,,XSP-ALG-KGR,,,OD200 - Ayesha Centre
0,OD200,,Ground Almonds,ingredient,external,0,Ground Almonds,,XSP-ALG-KGR,,,OD200 - Ayesha Centre
49.37,OD200,,Baking Powder (Hercules),ingredient,external,30239,Baking Powder (Hercules),,XSP-BAK-KGR,,,OD200 - Ayesha Centre
21.62,OD200,,Bicarbonate Soda,ingredient,external,30224,Bicarbonate Soda,,XSP-BIC-KGR,,,OD200 - Ayesha Centre
78.87,OD200,,Cinnamon Ground,ingredient,external,30506,Cinnamon Ground,,XSP-CIN-KGR,,,OD200 - Ayesha Centre
23.79,OD200,,CornFlour,ingredient,external,30633,CornFlour,,XSP-COR-KGR,,,OD200 - Ayesha Centre
13.99,OD200,,Spice - Parsley,ingredient,external,,Spice - Parsley,,XSP-PAR-KGR,,,OD200 - Ayesha Centre
3.91,OD200,,Salt Bale,ingredient,external,30240,Salt Bale,,XSP-SAL-EAC,,,OD200 - Ayesha Centre
0,OD200,,Spice Bunspice,ingredient,external,30142,Spice Bunspice,,XSP-SBN-KGR,,,OD200 - Ayesha Centre
440.24,OD200,,Spice Nutmeg Ground 800g,ingredient,external,0,Spice Nutmeg Ground 800g,,XSP-SNU-800G,,,OD200 - Ayesha Centre
6.96,OD200,,Whole Nutmeg,ingredient,external,1034,Whole Nutmeg,,XSP-WNM-KGR,,,OD200 - Ayesha Centre
0.18,OD200,,Equisweet Sucralose Sachets,ingredient,external,0,Equisweet Sucralose Sachets,,XSU-ESS-KGR,,,OD200 - Ayesha Centre
0.19,OD200,,Hullets Brown Sugar Tubes,ingredient,external,0,Hullets Brown Sugar Tubes,,XSU-IBS-KGR,,,OD200 - Ayesha Centre
0.15,OD200,,Huletts White Sugar Tubes,ingredient,external,0,Huletts White Sugar Tubes,,XSU-IWS-KGR,,,OD200 - Ayesha Centre
17.7,OD200,,Sugar Brown,ingredient,external,30148,Sugar Brown,,XSU-SBN-KGR,,,OD200 - Ayesha Centre
24.39,OD200,,Sugar Castor Huletts,ingredients,external,30149,Sugar Castor Huletts,,XSU-SCH-KGR,,,OD200 - Ayesha Centre
22.81,OD200,,Sugar Icing Huletts,ingredient,external,30150,Sugar Icing Huletts,,XSU-SIC-KGR,,,OD200 - Ayesha Centre
15.42,OD200,,Sugar White Huletts,ingredient,external,30151,Sugar White Huletts,,XSU-SWH-KGR,,,OD200 - Ayesha Centre
505.68,OD200,,Pineapple Rings 440g,ingredient,external,0,Pineapple Rings 440g,,XTO - PIR-KGR,,,OD200 - Ayesha Centre
0,OD200,,Espresso Grind Slojo Spiced Chai,ingredient,external,0,Espresso Grind Slojo Spiced Chai,,XTO- ESG-KGR,,,OD200 - Ayesha Centre
46.08,OD200,,Green Tea,drink,external,0,Green Tea,,XTO- GRT-EAC,,,OD200 - Ayesha Centre
25.22,OD200,,Gatti Vanilla Ice Cream,ingredient,external,0,Gatti Vanilla Ice Cream,,XTO- VIC-LTR,,,OD200 - Ayesha Centre
37.35,OD200,,Jam Apricot (All Gold),ingredient,external,30219,Jam Apricot (All Gold),,XTO-AJM-KGR,,,OD200 - Ayesha Centre
11.74,OD200,,Almond Essence,ingredient,external,0,Almond Essence,,XTO-ALE-KGR,,,OD200 - Ayesha Centre
62.68,OD200,,Almond Icing,ingredient,external,30188,Almond Icing,,XTO-ALM-KGR,,,OD200 - Ayesha Centre
86.96,OD200,,Ayesha Samoosa Strips,ingredient,external,0,Ayesha Samoosa Strips,,XTO-ASA-KGR,,,OD200 - Ayesha Centre
105.59,OD200,,Bar One Spread,ingredient,external,30651,Bar One Spread,,XTO-BAR-KGR,,,OD200 - Ayesha Centre
37.56,OD200,,BBQ Sauce 700ml,ingredient,external,,BBQ Sauce 700ml,,XTO-BBQ-ML,,,OD200 - Ayesha Centre
0,OD200,,Officemate Creamy Chai Latte,ingredient,external,0,Officemate Creamy Chai Latte,,XTO-CCL-KGR,,,OD200 - Ayesha Centre
0,OD200,,Cereal Choc Future Life 1.25kg,ingredient,external,0,Cereal Choc Future Life 1.25kg,,XTO-CFU-KGR,,,OD200 - Ayesha Centre
80.43,OD200,,Pie Filling Black Forest Pie Filling,ingredient,external,30222,Pie Filling Black Forest Pie Filling,,XTO-CHE-KGR,,,OD200 - Ayesha Centre
0,OD200,,Sauce Chilli 2lt,ingredient,external,0,Sauce Chilli 2lt,,XTO-CHI-LTR,,,OD200 - Ayesha Centre
0,OD200,,Coffee Beans,ingredient,external,0,Coffee Beans,,XTO-COB-KGR,,,OD200 - Ayesha Centre
0,OD200,,Carte D Toffee Sauce,ingredient,external,0,Carte D Toffee Sauce,,XTO-CTS-EAC,,,OD200 - Ayesha Centre
0,OD200,,Carte D Toffee Sauce,ingredient,external,0,Carte D Toffee Sauce,,XTO-CTS-EAC,,,OD200 - Ayesha Centre
0,OD200,,Officemate Dark Hot Choc,ingredient,external,0,Officemate Dark Hot Choc,,XTO-DHC-KGR,,,OD200 - Ayesha Centre
0,OD200,,Spread Garlic & Herb,ingredient,external,0,Spread Garlic & Herb,,XTO-GAR-KGR,,,OD200 - Ayesha Centre
0,OD200,,Spread Garlic & Herb,ingredient,external,0,Spread Garlic & Herb,,XTO-GAR-KGR,,,OD200 - Ayesha Centre
26.79,OD200,,Pie Filling Granadilla,ingredient,external,30221,Pie Filling Granadilla,,XTO-GRA-KGR,,,OD200 - Ayesha Centre
20.97,OD200,,Golden Syrup,ingredient,external,30561,Golden Syrup,,XTO-GSP-KGR,,,OD200 - Ayesha Centre
107.75,OD200,,Spread Hazelnut 5kg,ingredient,external,0,Spread Hazelnut 5kg,,XTO-HAS-KGR,,,OD200 - Ayesha Centre
0,OD200,,Hot Chocolate Coffee Merchant,ingredient,external,0,Hot Chocolate Coffee Merchant,,XTO-HCC-KGR,,,OD200 - Ayesha Centre
0,OD200,,Carte D Hot Pudding Mix,ingredient,external,0,Carte D Hot Pudding Mix,,XTO-HPM-EAC,,,OD200 - Ayesha Centre
0,OD200,,Carte D Hot Pudding Mix,ingredient,external,0,Carte D Hot Pudding Mix,,XTO-HPM-EAC,,,OD200 - Ayesha Centre
115.95,OD200,,Hazelnut Praline,ingredient,external,30152,Hazelnut Praline,,XTO-HZL-KGR,,,OD200 - Ayesha Centre
0,OD200,,Ice,ingredient,external,0,Ice,,XTO-ICE-KGR,,,OD200 - Ayesha Centre
70.9,OD200,,Instant Custard Kramess,ingredient,external,30105,Instant Custard Kramess,,XTO-ICK-5KG,,,OD200 - Ayesha Centre
0,OD200,,Assorted Jelly,ingredient,external,0,Assorted Jelly,,XTO-JEL-KG,,,OD200 - Ayesha Centre
0,OD200,,Assorted Jelly,ingredient,external,0,Assorted Jelly,,XTO-JEL-KG,,,OD200 - Ayesha Centre
20.86,OD200,,Kashmiri Chilli Sauce 350ml,ingredient,external,,Kashmiri Chilli Sauce 350ml,,XTO-KAC-ML,,,OD200 - Ayesha Centre
152.21,OD200,,Knorr Brown Onion Soup,ingredient,external,0,Knorr Brown Onion Soup,,XTO-KBO-EAC,,,OD200 - Ayesha Centre
152.21,OD200,,Knorr Brown Onion Soup,ingredient,external,0,Knorr Brown Onion Soup,,XTO-KBO-EAC,,,OD200 - Ayesha Centre
87.5,OD200,,Knorr Creamy Mushroom Sauce,ingredient,external,0,Knorr Creamy Mushroom Sauce,,XTO-KCM-EAC,,,OD200 - Ayesha Centre
86.19,OD200,,Knorr Creamy Mushroom Sauce,ingredient,external,0,Knorr Creamy Mushroom Sauce,,XTO-KCM-EAC,,,OD200 - Ayesha Centre
6.95,OD200,,Knorr Cream of Chicken Soup,ingredient,external,0,Knorr Cream of Chicken Soup,,XTO-KCS-EAC,,,OD200 - Ayesha Centre
6.95,OD200,,Knorr Cream of Chicken Soup,ingredient,external,0,Knorr Cream of Chicken Soup,,XTO-KCS-EAC,,,OD200 - Ayesha Centre
0,OD200,,Klim 500g,ingredient,external,0,Klim 500g,,XTO-KLI-KGR,,,OD200 - Ayesha Centre
193.06,OD200,,Milky Bar Dessert Topping,ingredient,external,0,Milky Bar Dessert Topping,,XTO-MBD-500ML,,,OD200 - Ayesha Centre
0,OD200,,Officemate Milky Hot Choc,ingredient,external,0,Officemate Milky Hot Choc,,XTO-MHC-KGR,,,OD200 - Ayesha Centre
0,OD200,,Mustard Sauce,ingredient,external,0,Mustard Sauce,,XTO-MUS-LTR,,,OD200 - Ayesha Centre
0,OD200,,Mustard Sauce,ingredient,external,0,Mustard Sauce,,XTO-MUS-LTR,,,OD200 - Ayesha Centre
204.35,OD200,,Nutella 3kg,ingredient,external,0,Nutella 3kg,,XTO-NUT-KGR,,,OD200 - Ayesha Centre
0,OD200,,Fine Oats 25 kg,ingredient,external,0,Fine Oats 25 kg,,XTO-OAT-KGR,,,OD200 - Ayesha Centre
0,OD200,,Fine Oats 25 kg,ingredient,external,0,Fine Oats 25 kg,,XTO-OAT-KGR,,,OD200 - Ayesha Centre
65.21,OD200,,Paste Chocolate,ingredient,external,30162,Paste Chocolate,,XTO-PCH-KGR,,,OD200 - Ayesha Centre
0,OD200,,Pitted Dates,ingredient,external,0,Pitted Dates,,XTO-PDA-KG,,,OD200 - Ayesha Centre
0,OD200,,Pitted Dates,ingredient,external,0,Pitted Dates,,XTO-PDA-KG,,,OD200 - Ayesha Centre
0,OD200,,Nestle Peppermint Topping,ingredient,external,0,Nestle Peppermint Topping,,XTO-PEP-KGR,,,OD200 - Ayesha Centre
31.04,OD200,,Pineapple crushed,ingredient,external,0,Pineapple crushed,,XTO-PIN-EAC,,,OD200 - Ayesha Centre
37.59,OD200,,Icing plastic,ingredient,external,30189,Icing plastic,,XTO-PLI-KGR,,,OD200 - Ayesha Centre
46.99,OD200,,Aunt Caroline Rice,ingredient,external,0,Aunt Caroline Rice,,XTO-RIC-KGR,,,OD200 - Ayesha Centre
68.03,OD200,,Jam Strawberry All Gold 900g,ingredient,external,0,Jam Strawberry All Gold 900g,,XTO-SAJ-900G,,,OD200 - Ayesha Centre
51.42,OD200,,Jam Strawberry (All Gold),ingredient,external,30220,Jam Strawberry (All Gold),,XTO-SBJ-KGR,,,OD200 - Ayesha Centre
90.77,OD200,,Spread Bar One Nestle,ingredient,external,30154,Spread Bar One Nestle,,XTO-SBO-KGR,,,OD200 - Ayesha Centre
52.59,OD200,,Spread caramel,ingredient,external,30155,Spread caramel,,XTO-SCA-KGR,,,OD200 - Ayesha Centre
0,OD200,,Coffee Freezo Slojo,ingredient,external,0,Coffee Freezo Slojo,,XTO-SCF-KGR,,,OD200 - Ayesha Centre
195,OD200,,Specialty Hot Chocolate,ingredient,external,0,Specialty Hot Chocolate,,XTO-SHC-KGR,,,OD200 - Ayesha Centre
168,OD200,,Specialty White Hot Chocolate,ingredient,external,0,Specialty White Hot Chocolate,,XTO-SHW-KGR,,,OD200 - Ayesha Centre
0,OD200,,Spread Peanut Butter 3kg,ingredient,external,0,Spread Peanut Butter 3kg,,XTO-SPE-KGR,,,OD200 - Ayesha Centre
63.63,OD200,,Pie Filling Strawberry,ingredient,external,30710,Pie Filling Strawberry,,XTO-STR-KGR,,,OD200 - Ayesha Centre
21.08,OD200,,Tomatoe Sauce,ingredient,external,0,Tomatoe Sauce,,XTO-TOM-LTR,,,OD200 - Ayesha Centre
21.08,OD200,,Tomatoe Sauce,ingredient,external,0,Tomatoe Sauce,,XTO-TOM-LTR,,,OD200 - Ayesha Centre
4.93,OD200,,Vinegar,ingredient,external,0,Vinegar,,XTO-VIN-LT,,,OD200 - Ayesha Centre
0,OD200,,Sub Batter - Bar One Sponge Round,sub recipe,internal,30446,Sub Batter - Bar One Sponge Round,,YBA-BOO-MX1,,,OD200 - Ayesha Centre
0,OD200,,Sub Batter- Butter Scones,sub recipe,internal,0,Sub Batter- Butter Scones,,YBA-BSC-MXI,,,OD200 - Ayesha Centre
8.84,OD200,,Sub Batter Carrot Cake,sub recipe,internal,30432,Sub Batter Carrot Cake,,YBA-CAC-MX1,,,OD200 - Ayesha Centre
0,OD200,,Sub Batter-Carrot Cake with Cream Cheese Slab,sub recipe,internal,30859,Sub Batter-Carrot Cake with Cream Cheese Slab,,YBA-CCC-MX1,,,OD200 - Ayesha Centre
5.95,OD200,,Sub Batter- Chocolate Gateaux Sponge,sub recipe,internal,30442,Sub Batter- Chocolate Gateaux Sponge,,YBA-CGS-MX1,,,OD200 - Ayesha Centre
2.65,OD200,,Sub Batter-Chocolate Brownie,sub recipe,internal,30434,Sub Batter-Chocolate Brownie,,YBA-CHC-MX1,,,OD200 - Ayesha Centre
120.91,OD200,,Sub Sponge Batter -Chocolate,sub recipe,internal,30352,Sub Sponge Batter -Chocolate,,YBA-CHO-MX1,,,OD200 - Ayesha Centre
47.91,OD200,,Sub Batter-Chocolate Sponge Sheet,sub recipe,internal,30441,Sub Batter-Chocolate Sponge Sheet,,YBA-CHS-MX1,,,OD200 - Ayesha Centre
0,OD200,,Sub Batter- Choc Swissroll Sponge,sub recipe,internal,30447,Sub Batter- Choc Swissroll Sponge,,YBA-CSP-MX1,,,OD200 - Ayesha Centre
0,OD200,,Sub Batter - choc sheet scratch mix,sub recipe,internal,30864,Sub Batter - choc sheet scratch mix,,YBA-CSS-MX1,,,OD200 - Ayesha Centre
0,OD200,,Sub Batter Eggless Diwali Cake,sub recipe,internal,0,Sub Batter Eggless Diwali Cake,,YBA-DEG-MX1,,,OD200 - Ayesha Centre
3.66,OD200,,Sub Batter Diwali Sponge,sub recipe,internal,30622,Sub Batter Diwali Sponge,,YBA-DIS-MX1,,,OD200 - Ayesha Centre
0,OD200,,Sub Sponge Batter Diwali,sub recipe,internal,30537,Sub Sponge Batter Diwali,,YBA-DIV-MX1,,,OD200 - Ayesha Centre
69.55,OD200,,Sub Batter -Eggfree Sponge sheet,sub recipe,internal,30443,Sub Batter -Eggfree Sponge sheet,,YBA-EFS-MX1,,,OD200 - Ayesha Centre
0,OD200,,Sub Batter Eggless Gateaux Sponge,sub recipe,internal,30623,Sub Batter Eggless Gateaux Sponge,,YBA-EGS-MX1,,,OD200 - Ayesha Centre
0,OD200,,Sub Batter Snowball Eggles,sub recipe,internal,30768,Sub Batter Snowball Eggles,,YBA-ESN-MX1,,,OD200 - Ayesha Centre
0,OD200,,Sub Batter- Fruit Scones,sub recipe,internal,30438,Sub Batter- Fruit Scones,,YBA-FRS-MX1,,,OD200 - Ayesha Centre
0,OD200,,Sub Dough- Hot Cross Buns,sub recipe,internal,30351,Sub Dough- Hot Cross Buns,,YBA-HCB-MX1,,,OD200 - Ayesha Centre
0,OD200,,Sub Batter Cross for Hot Cross Buns,sub recipe,internal,30659,Sub Batter Cross for Hot Cross Buns,,YBA-HCC-MX1,,,OD200 - Ayesha Centre
0,OD200,,Sub Batter - Madeira Slab,sub recipe,internal,30435,Sub Batter - Madeira Slab,,YBA-MAD-MX1,,,OD200 - Ayesha Centre
0,OD200,,Sub Sponge Batter- Moist Choc Sponge C/C,sub recipe,internal,0,Sub Sponge Batter- Moist Choc Sponge C/C,,YBA-MCC-MX1,,,OD200 - Ayesha Centre
0.68,OD200,,Sub Batter -Queen Cake,sub recipe,internal,30436,Sub Batter -Queen Cake,,YBA-QUC-MX1,,,OD200 - Ayesha Centre
0,OD200,,Sub Batter Rainbow Sponge,sub recipe,internal,30618,Sub Batter Rainbow Sponge,,YBA-RBS-MX1,,,OD200 - Ayesha Centre
0,OD200,,Sub Batter Rich Choc Sponge,sub recipe,internal,30656,Sub Batter Rich Choc Sponge,,YBA-RCS-MX1,,,OD200 - Ayesha Centre
0,OD200,,Sub Dough Roti 12s,sub recipe,internal,0,Sub Dough Roti 12s,,YBA-ROT-MX1,,,OD200 - Ayesha Centre
0,OD200,,Sub Dough Roti 12s,sub recipe,internal,0,Sub Dough Roti 12s,,YBA-ROT-MX1,,,OD200 - Ayesha Centre
0,OD200,,Sub Batter - Scones,sub recipe,internal,30437,Sub Batter - Scones,,YBA-SCO-MX1,,,OD200 - Ayesha Centre
0,OD200,,Sub Sponge Batter - Moist Choc Sponge Fererro,sub recipe,internal,0,Sub Sponge Batter - Moist Choc Sponge Fererro,,YBA-SMC-MX1,,,OD200 - Ayesha Centre
1.04,OD200,,Sub Batter -Snowball,sub recipe,internal,30439,Sub Batter -Snowball,,YBA-SNB-MX1,,,OD200 - Ayesha Centre
4.08,OD200,,Sub Batter - Strawberry Sponge,sub recipe,internal,30444,Sub Batter - Strawberry Sponge,,YBA-SPO-MX1,,,OD200 - Ayesha Centre
117.86,OD200,,Sub Sponge Batter - Vanilla Gateaux,sub recipe,internal,30353,Sub Sponge Batter - Vanilla Gateaux,,YBA-VAN-MX1,,,OD200 - Ayesha Centre
42.82,OD200,,Sub Batter Vanilla Sheets Coastal,sub recipe,internal,30445,Sub Batter Vanilla Sheets Coastal,,YBA-VNS-MX1,,,OD200 - Ayesha Centre
0,OD200,,Sub Batter- Vanilla Swissroll Sponge,sub recipe,internal,30448,Sub Batter- Vanilla Swissroll Sponge,,YBA-VSR-MX1,,,OD200 - Ayesha Centre
0,OD200,,Sub Batter- Windsor Slab,sub recipe,internal,30440,Sub Batter- Windsor Slab,,YBA-WNS-MX1,,,OD200 - Ayesha Centre
30,OD200,,Cake ring tins 170X70mm,equipment,external,0,Cake ring tins 170X70mm,,YBU -CTR-EAC,,,OD200 - Ayesha Centre
1.3,OD200,,Sub Buns-Cream 6s,sub recipe,internal,30347,Sub Buns-Cream 6s,,YBU-CRE-MX6,,,OD200 - Ayesha Centre
292,OD200,,Jug Plastic 2 litre,consumables,external,0,Jug Plastic 2 litre,,YBU-JUG-2LT,,,OD200 - Ayesha Centre
286.16,OD200,,Jug Plastic 2 litre,consumables,external,0,Jug Plastic 2 litre,,YBU-JUG-2LT,,,OD200 - Ayesha Centre
415,OD200,,Jug Plastic 5 litre,consumables,external,0,Jug Plastic 5 litre,,YBU-JUG-5LT,,,OD200 - Ayesha Centre
406.7,OD200,,Jug Plastic 5 litre,consumables,external,0,Jug Plastic 5 litre,,YBU-JUG-5LT,,,OD200 - Ayesha Centre
84.17,OD200,,Oven Mittens,consumables,external,30005,Oven Mittens,,YBU-OVM-EAC,,,OD200 - Ayesha Centre
100.2,OD200,,Palette Knife,consumables,external,30653,Palette Knife,,YBU-PAL-EAC,,,OD200 - Ayesha Centre
150,OD200,,Pastry Brush Nylon 60mm,consumables,external,0,Pastry Brush Nylon 60mm,,YBU-PBR-EACH,,,OD200 - Ayesha Centre
150,OD200,,Pastry Brush Nylon 60mm,consumables,external,0,Pastry Brush Nylon 60mm,,YBU-PBR-EACH,,,OD200 - Ayesha Centre
28.79,OD200,,Sponge for bread pan,consumables,external,30012,Sponge for bread pan,,YBU-SBP-EAC,,,OD200 - Ayesha Centre
0,OD200,,Springform Cake Pan,equipment,external,30013,Springform Cake Pan,,YBU-SPR-EAC,,,OD200 - Ayesha Centre
0,OD200,,Scraper Steel 115x80mm,consumables,external,0,Scraper Steel 115x80mm,,YBU-SSC-EAC,,,OD200 - Ayesha Centre
0.1,OD200,,Case No 14 Cake,packaging,external,30288,Case No 14 Cake,,YCC-14C-EAC,,,OD200 - Ayesha Centre
0.39,OD200,,Madeira case 24e,packaging,external,30485,Madeira case 24e,,YCC-24E-EAC,,,OD200 - Ayesha Centre
0.5,OD200,,White Plastic Aprons,consumables,external,0,White Plastic Aprons,,YCC-APR-EAC,,,OD200 - Ayesha Centre
86.23,OD200,,Gel super black,ingredient,external,0,Gel super black,,YCC-BLA-EAC,,,OD200 - Ayesha Centre
80.6,OD200,,Paper 10kg Bunny,consumables,external,30044,Paper 10kg Bunny,,YCC-BUN-EAC,,,OD200 - Ayesha Centre
83.83,OD200,,Gel Burgundy,ingredient,external,30169,Gel Burgundy,,YCC-BUR-EAC,,,OD200 - Ayesha Centre
0,OD200,,Champagne Bottle,miscellaneous,external,30630,Champagne Bottle,,YCC-CHA-EAC,,,OD200 - Ayesha Centre
0,OD200,,Sub Cream Cheese,sub recipe,external,0,Sub Cream Cheese,,YCC-CRC-MX1,,,OD200 - Ayesha Centre
0,OD200,,Sub Cream Cheese,sub recipe,external,0,Sub Cream Cheese,,YCC-CRC-MX1,,,OD200 - Ayesha Centre
1765,OD200,,Cream Gun 500g,consumables,external,0,Cream Gun 500g,,YCC-CRG-EAC,,,OD200 - Ayesha Centre
1200,OD200,,Coffee Scale,equpment,external,0,Coffee Scale,,YCC-CSC-EAC,,,OD200 - Ayesha Centre
0.12,OD200,,Red Cupcakes Cup,packaging,external,30803,Red Cupcakes Cup,,YCC-CUP-EAC,,,OD200 - Ayesha Centre
91.6,OD200,,Gel Food Deep Pink,ingredient,external,0,Gel Food Deep Pink,,YCC-DEP-EAC,,,OD200 - Ayesha Centre
89.31,OD200,,Gel Food Deep Pink,ingredient,external,0,Gel Food Deep Pink,,YCC-DEP-EAC,,,OD200 - Ayesha Centre
71.36,OD200,,Electric Green Gel,ingredient,external,30165,Electric Green Gel,,YCC-ELE-EAC,,,OD200 - Ayesha Centre
87.83,OD200,,Gel Col. Elec Orange,ingredient,external,30660,Gel Col. Elec Orange,,YCC-EOR-EAC,,,OD200 - Ayesha Centre
0,OD200,,Electronic Scale,equpment,0,30677,Electronic Scale,,YCC-ESL-EAC,,,OD200 - Ayesha Centre
0,OD200,,Gel liquid gold /silver/ pearl,ingredient,external,30185,Gel liquid gold /silver/ pearl,,YCC-GEL-EAC,,,OD200 - Ayesha Centre
82.12,OD200,,Gel Food Col.Elec Purple,ingredient,external,30625,Gel Food Col.Elec Purple,,YCC-GEP-EAC,,,OD200 - Ayesha Centre
80.81,OD200,,Gel Food Col.Leaf Green,consumables,external,30626,Gel Food Col.Leaf Green,,YCC-GLG-EAC,,,OD200 - Ayesha Centre
82.23,OD200,,Gel Food Col. Lemon Yellow,ingredient,external,30628,Gel Food Col. Lemon Yellow,,YCC-GLY-EAC,,,OD200 - Ayesha Centre
0,OD200,,Glycerine,ingredient,external,30207,Glycerine,,YCC-GLY-KGR,,,OD200 - Ayesha Centre
113.39,OD200,,GlovesOven Mittens,consumables,external,30002,GlovesOven Mittens,,YCC-GOM-EAC,,,OD200 - Ayesha Centre
3.59,OD200,,Grease Proof Paper,consumables,external,30766,Grease Proof Paper,,YCC-GPP-EAC,,,OD200 - Ayesha Centre
93,OD200,,GP REAM,consumables,external,30740,GP REAM,,YCC-GPR-EAC,,,OD200 - Ayesha Centre
83.58,OD200,,Gel Food ColSky Blue,ingredient,external,30627,Gel Food ColSky Blue,,YCC-GSB-EAC,,,OD200 - Ayesha Centre
29.58,OD200,,Icing Sheet A4 New,ingredients,external,0,Icing Sheet A4 New,,YCC-ICS-EAC,,,OD200 - Ayesha Centre
28.84,OD200,,Icing Sheet A4 New,ingredients,external,0,Icing Sheet A4 New,,YCC-ICS-EAC,,,OD200 - Ayesha Centre
20.1,OD200,,Icing Sheet A4 Borderless,Ingredient,external,30235,Icing Sheet A4 Borderless,,YCC-ISH-EAC,,,OD200 - Ayesha Centre
1.39,OD200,,Leaves No.Large,miscellaneous,external,30624,Leaves No.Large,,YCC-LEA-EAC,,,OD200 - Ayesha Centre
0,OD200,,metallic nozzil 15mm star,consumables,external,30003,metallic nozzil 15mm star,,YCC-MET-EAC,,,OD200 - Ayesha Centre
0,OD200,,Mistletoe Garland ribbon,miscellaneous,external,30817,Mistletoe Garland ribbon,,YCC-MIS-EAC,,,OD200 - Ayesha Centre
0,OD200,,RICH MOIST XMAS CAKE,exotic cakes,internal,30831,RICH MOIST XMAS CAKE,,YCC-MMC-EAC,,,OD200 - Ayesha Centre
0.3,OD200,,Mop Hats,consumables,external,0,Mop Hats,,YCC-MOH-EAC,,,OD200 - Ayesha Centre
0.29,OD200,,Mop Hats,consumables,external,0,Mop Hats,,YCC-MOH-EAC,,,OD200 - Ayesha Centre
0,OD200,,Nozzels metallic,consumables,external,30014,Nozzels metallic,,YCC-NME-EAC,,,OD200 - Ayesha Centre
0,OD200,,Nozzles star tubes 5s ( 42),consumables,external,30004,Nozzles star tubes 5s ( 42),,YCC-NST-EAC,,,OD200 - Ayesha Centre
0,OD200,,Old Cakes Currant Square,miscellaneous,external,0,Old Cakes Currant Square,,YCC-OCC-KGR,,,OD200 - Ayesha Centre
0,OD200,,Old Cakes Currant Square,miscellaneous,external,0,Old Cakes Currant Square,,YCC-OCC-KGR,,,OD200 - Ayesha Centre
0,OD200,,Pastry Bag 13040 4 46cm,consumables,external,30006,Pastry Bag 13040 4 46cm,,YCC-PAS-EAC,,,OD200 - Ayesha Centre
0,OD200,,Pillars White,miscellaneous,external,30046,Pillars White,,YCC-PIL-EAC,,,OD200 - Ayesha Centre
71.36,OD200,,Pink Gel,ingredient,external,30166,Pink Gel,,YCC-PIN-EAC,,,OD200 - Ayesha Centre
93.28,OD200,,Piping Bags No 4,consumables,external,30674,Piping Bags No 4,,YCC-PIP-EAC,,,OD200 - Ayesha Centre
0.09,OD200,,Plastic Gloves,consumables,external,0,Plastic Gloves,,YCC-PLG-EAC,,,OD200 - Ayesha Centre
0.09,OD200,,Plastic Gloves,consumables,external,0,Plastic Gloves,,YCC-PLG-EAC,,,OD200 - Ayesha Centre
107.93,OD200,,Potassium Sorbate Granular,ingredient,external,30237,Potassium Sorbate Granular,,YCC-POT-KGR,,,OD200 - Ayesha Centre
0.97,OD200,,Paper Silicone Ream,consumables,external,30045,Paper Silicone Ream,,YCC-PSR-EAC,,,OD200 - Ayesha Centre
0,OD200,,Piping Tip Star Set,consumables,external,30008,Piping Tip Star Set,,YCC-PSS-EAC,,,OD200 - Ayesha Centre
0,OD200,,Pastry Bag 13040 5 50cm Export,consumables,external,30007,Pastry Bag 13040 5 50cm Export,,YCC-PST-EAC,,,OD200 - Ayesha Centre
0,OD200,,Gel Food Colouring Purple,ingredient,external,30543,Gel Food Colouring Purple,,YCC-PUR-EAC,,,OD200 - Ayesha Centre
87.65,OD200,,Gel Food Royal Blue,ingredient,external,0,Gel Food Royal Blue,,YCC-ROB-EAC,,,OD200 - Ayesha Centre
85.46,OD200,,Gel Food Royal Blue,ingredient,external,0,Gel Food Royal Blue,,YCC-ROB-EAC,,,OD200 - Ayesha Centre
2465,OD200,,Smartchef Heavy Duty Blender,equpment,external,0,Smartchef Heavy Duty Blender,,YCC-SHB-EAC,,,OD200 - Ayesha Centre
1.09,OD200,,Silicon Paper 500,consumables,external,30655,Silicon Paper 500,,YCC-SIL-EAC,,,OD200 - Ayesha Centre
0,OD200,,Soccer Set,miscellaneous,external,30701,Soccer Set,,YCC-SOS-EAC,,,OD200 - Ayesha Centre
83.49,OD200,,Gel Col.Super Red,ingredient,external,30657,Gel Col.Super Red,,YCC-SRD-EAC,,,OD200 - Ayesha Centre
81.18,OD200,,Gel Super Red,ingredient,external,30170,Gel Super Red,,YCC-SUP-EAC,,,OD200 - Ayesha Centre
13.34,OD200,,Gel Teal,ingredient,external,30172,Gel Teal,,YCC-TEA-EAC,,,OD200 - Ayesha Centre
66.3,OD200,,Thickflo 25kg,ingredient,external,0,Thickflo 25kg,,YCC-THF-KGR,,,OD200 - Ayesha Centre
48,OD200,,Vitap Starch 25kg,ingredient,external,0,Vitap Starch 25kg,,YCC-VIT-KGR,,,OD200 - Ayesha Centre
0,OD200,,Xmas Poinsettia Star Ribbon,miscellaneous,external,30815,Xmas Poinsettia Star Ribbon,,YCC-XPS-EAC,,,OD200 - Ayesha Centre
16.96,OD200,,Xmas stickers scroll,consumables,external,30834,Xmas stickers scroll,,YCC-XSS-EAC,,,OD200 - Ayesha Centre
0,OD200,,Sub-Banana Cake,sub recipe,internal,30748,Sub-Banana Cake,,YCK-BAN-MX1,,,OD200 - Ayesha Centre
0,OD200,,Sub Batter Christmas Windsor Plain,sub recipe,internal,30529,Sub Batter Christmas Windsor Plain,,YCK-FRC-MX1,,,OD200 - Ayesha Centre
15.92,OD200,,Bag Black Refuse HD,packaging,external,30048,Bag Black Refuse HD,,YCL-BAG-EAC,,,OD200 - Ayesha Centre
24,OD200,,Black Dip,consumables,external,0,Black Dip,,YCL-BLD-LTR,,,OD200 - Ayesha Centre
6.33,OD200,,Bleach 5L,consumables,external,30049,Bleach 5L,,YCL-BLE-EAC,,,OD200 - Ayesha Centre
20.89,OD200,,Empty Boxes,packaging,external,30052,Empty Boxes,,YCL-EMP-EAC,,,OD200 - Ayesha Centre
47.84,OD200,,Fat Solves,consumables,external,0,Fat Solves,,YCL-FAS-LTR,,,OD200 - Ayesha Centre
7.51,OD200,,Floor Cleaner Lav,consumables,external,30053,Floor Cleaner Lav,,YCL-FLO-EAC,,,OD200 - Ayesha Centre
0,OD200,,Household Gloves,consumables,external,30814,Household Gloves,,YCL-HHG-EAC,,,OD200 - Ayesha Centre
6.33,OD200,,Handy Household 5l,consumables,external,30054,Handy Household 5l,,YCL-HHH-EAC,,,OD200 - Ayesha Centre
16.81,OD200,,Mr min,consumables,external,30819,Mr min,,YCL-MRM-EAC,,,OD200 - Ayesha Centre
9.74,OD200,,Oven Cleaner,consumables,external,30055,Oven Cleaner,,YCL-OVC-EAC,,,OD200 - Ayesha Centre
450,OD200,,Pot Scourers,consumables,external,30056,Pot Scourers,,YCL-POT-EAC,,,OD200 - Ayesha Centre
32,OD200,,Hand Sanitiser 500ml,consumables,external,0,Hand Sanitiser 500ml,,YCL-SAN-500,,,OD200 - Ayesha Centre
245,OD200,,Speciality Cleaning Chemicals -Machine Cleaner 900,consumables,external,0,Speciality Cleaning Chemicals -Machine Cleaner 900,,YCL-SCC-KGR,,,OD200 - Ayesha Centre
3.75,OD200,,Steel Wool,consumables,external,30640,Steel Wool,,YCL-SLW-EAC,,,OD200 - Ayesha Centre
39.89,OD200,,Sponges,ingredient,external,30057,Sponges,,YCL-SPO-EAC,,,OD200 - Ayesha Centre
0,OD200,,Urnex Cafiza2 Detergent,consumables,external,0,Urnex Cafiza2 Detergent,,YCL-UCD-900G,,,OD200 - Ayesha Centre
0,OD200,,Sub Dough-Biscuit,sub recipe,internal,30463,Sub Dough-Biscuit,,YDO-BIS-MX1,,,OD200 - Ayesha Centre
2.86,OD200,,Sub Dough Brown Bread,sub recipe,internal,30413,Sub Dough Brown Bread,,YDO-BRB-MX1,,,OD200 - Ayesha Centre
0,OD200,,Sub Dough - Buns,sub recipe,internal,0,Sub Dough - Buns,,YDO-BUN-MX1,,,OD200 - Ayesha Centre
0,OD200,,Sub dough Croissants,sub recipe,internal,0,Sub dough Croissants,,YDO-CRO-MX1,,,OD200 - Ayesha Centre
0,OD200,,Sub dough Croissants,sub recipe,internal,0,Sub dough Croissants,,YDO-CRO-MX1,,,OD200 - Ayesha Centre
5.39,OD200,,Sub Dough - Butter Biscuits,sub recipe,internal,30794,Sub Dough - Butter Biscuits,,YDO-CUC-MX1,,,OD200 - Ayesha Centre
58.06,OD200,,Sub Dough -Danish,sub recipe,internal,30451,Sub Dough -Danish,,YDO-DAN-MX1,,,OD200 - Ayesha Centre
0,OD200,,Sub Dough-Doughnut,sub recipe,internal,30453,Sub Dough-Doughnut,,YDO-DOU-MX1,,,OD200 - Ayesha Centre
0,OD200,,Sub Dough Melting Moment Round 60g,sub recipe,internal,30464,Sub Dough Melting Moment Round 60g,,YDO-M3M-MX1,,,OD200 - Ayesha Centre
0,OD200,,Sub Dough Melting Moments Long 95g,sub recipe,internal,0,Sub Dough Melting Moments Long 95g,,YDO-MML-MX1,,,OD200 - Ayesha Centre
0,OD200,,Sub Dough Melting Moments Long 95g,sub recipe,internal,0,Sub Dough Melting Moments Long 95g,,YDO-MML-MX1,,,OD200 - Ayesha Centre
0,OD200,,Sub Dough - Naan,sub recipe,internal,30449,Sub Dough - Naan,,YDO-NAA-MX1,,,OD200 - Ayesha Centre
4.49,OD200,,Sub Dough - Rolls,sub recipe,internal,30450,Sub Dough - Rolls,,YDO-ROL-MX1,,,OD200 - Ayesha Centre
11.3,OD200,,Sub Lamington -Dip Chocolate,sub recipe,internal,30401,Sub Lamington -Dip Chocolate,,YDP-CHD-MX1,,,OD200 - Ayesha Centre
0,OD200,,Sub Raspberry Lamington - Dip,sub recipe,internal,30402,Sub Raspberry Lamington - Dip,,YDP-LAM-MX3,,,OD200 - Ayesha Centre
7.17,OD200,,Sub Snowball Dip,sub recipe,internal,30403,Sub Snowball Dip,,YDP-SNO-MX1,,,OD200 - Ayesha Centre
0.87,OD200,,Sub Snowball Eggless,sub recipe,internal,30767,Sub Snowball Eggless,,YEG-SNO-MX1,,,OD200 - Ayesha Centre
0,OD200,,Sub Fresh Cream,sub recipe,internal,30366,Sub Fresh Cream,,YFC-FRC-MX1,,,OD200 - Ayesha Centre
24.48,OD200,,Sub Chocolate Ganache,sub recipe,internal,30391,Sub Chocolate Ganache,,YFI-BOG-MX1,,,OD200 - Ayesha Centre
0,OD200,,Sub Choc Mousse Bar One,sub recipe,internal,30409,Sub Choc Mousse Bar One,,YFI-BOM-MX1,,,OD200 - Ayesha Centre
0,OD200,,Sub Choc Cream Cheese,sub recipe,internal,0,Sub Choc Cream Cheese,,YFI-CCC-KGR,,,OD200 - Ayesha Centre
8.06,OD200,,Sub Custard Filing,sub recipe,internal,30406,Sub Custard Filing,,YFI-CUS-MX1,,,OD200 - Ayesha Centre
0,OD200,,sub choc mousse ferrero,sub recipe,internal,0,sub choc mousse ferrero,,YFI-FEM-MX1,,,OD200 - Ayesha Centre
0,OD200,,sub choc mousse ferrero,sub recipe,internal,0,sub choc mousse ferrero,,YFI-FEM-MX1,,,OD200 - Ayesha Centre
8.77,OD200,,Sub Milk Tart Filling,sub recipe,internal,30408,Sub Milk Tart Filling,,YFI-MIL-MX1,,,OD200 - Ayesha Centre
0,OD200,,Sub Mousse Mix,sub recipe,internal,0,Sub Mousse Mix,,YFI-MOU-MX1,,,OD200 - Ayesha Centre
0,OD200,,Sub Mousse Mix,sub recipe,internal,0,Sub Mousse Mix,,YFI-MOU-MX1,,,OD200 - Ayesha Centre
0.67,OD200,,Sub Currant Square Filling,sub recipe,internal,30405,Sub Currant Square Filling,,YFI-SQF-MX1,,,OD200 - Ayesha Centre
0,OD200,,Sub Strawberry Jam Filling,sub recipe,internal,30410,Sub Strawberry Jam Filling,,YFI-STJ-MX1,,,OD200 - Ayesha Centre
36.21,OD200,,Sub Tiramisu,sub recipe,internal,30411,Sub Tiramisu,,YFI-TIR-MX1,,,OD200 - Ayesha Centre
466.47,OD200,,Gas 19kg,consumables,external,30061,Gas 19kg,,YGA-19K-EAC,,,OD200 - Ayesha Centre
0,OD200,,Air Filled  Stand 1550x500,miscellenous,external,0,Air Filled Stand 1550x500,,YGA-AFS-EAC,,,OD200 - Ayesha Centre
0,OD200,,Fire Extinguisher,equipment,external,30799,Fire Extinguisher,,YGA-FIR-EAC,,,OD200 - Ayesha Centre
0,OD200,,Sub Batter Eclairs,sub recipe,internal,30457,Sub Batter Eclairs,,YPA-ECL-MX1,,,OD200 - Ayesha Centre
8.67,OD200,,Sub Pastry-Puff,sub recipe,internal,30459,Sub Pastry-Puff,,YPA-PUF-MX1,,,OD200 - Ayesha Centre
10.29,OD200,,Sub Sweet Paste,sub recipe,internal,30461,Sub Sweet Paste,,YPA-SWE-MX1,,,OD200 - Ayesha Centre
132.43,OD200,,Sub Picture,sub recipe,internal,30646,Sub Picture,,YPI-PIC-MX1,,,OD200 - Ayesha Centre
0,OD200,,Sub Cocktail Rolls 12s,sub recipe,internal,30649,Sub Cocktail Rolls 12s,,YRO-COR-M12,,,OD200 - Ayesha Centre
0,OD200,,Sub- Pie Bottom Short Crust Pastry,sub recipe,internal,0,Sub- Pie Bottom Short Crust Pastry,,YSP-BSC-MX1,,,OD200 - Ayesha Centre
0,OD200,,Sub- Chicken & Mushroom Pie Filling,sub recipe,internal,0,Sub- Chicken & Mushroom Pie Filling,,YSP-SCM-MX1,,,OD200 - Ayesha Centre
88.78,OD200,,Sub Bar One Sponge - Sheets,sub recipe,internal,30389,Sub Bar One Sponge - Sheets,,YSP-SHE-MX1,,,OD200 - Ayesha Centre
0,OD200,,Sub- Mutton Curry Pie Filling,sub recipe,internal,0,Sub- Mutton Curry Pie Filling,,YSP-SMC-MX1,,,OD200 - Ayesha Centre
0,OD200,,Sub- Veg Curry Pie Filling,sub recipe,internal,0,Sub- Veg Curry Pie Filling,,YSP-SVP-MX1,,,OD200 - Ayesha Centre
2.69,OD200,,Sub -Sponge Trifle,sub recipe,internal,30355,Sub -Sponge Trifle,,YSP-TRI-MX1,,,OD200 - Ayesha Centre
181.06,OD200,,A4 PAPER,consumables,external,30066,A4 PAPER,,YST-A4P-EAC,,,OD200 - Ayesha Centre
2.8,OD200,,Absa Rolls,consumables,external,30745,Absa Rolls,,YST-ABR-EAC,,,OD200 - Ayesha Centre
200.88,OD200,,Battery,consumables,external,30837,Battery,,YST-BAT-EAC,,,OD200 - Ayesha Centre
1.02,OD200,,New Birthday Cake Invoices,consumables,external,0,New Birthday Cake Invoices,,YST-BCI-EAC,,,OD200 - Ayesha Centre
0,OD200,,Brother Toner Cart.7225N,consumables,external,30632,Brother Toner Cart.7225N,,YST-BRO-EAC,,,OD200 - Ayesha Centre
0,OD200,,Diwali Cake Box Plates,packaging,external,0,Diwali Cake Box Plates,,YST-DPL-EAC,,,OD200 - Ayesha Centre
149,OD200,,Epson Ribbon Cartridge,consumables,external,0,Epson Ribbon Cartridge,,YST-ERC-EAC,,,OD200 - Ayesha Centre
0,OD200,,A4 exercise book,consumables,external,30065,A4 exercise book,,YST-EXE-EAC,,,OD200 - Ayesha Centre
61.23,OD200,,High lighters,consumables,external,30843,High lighters,,YST-HLS-EAC,,,OD200 - Ayesha Centre
0,OD200,,Laminating Plastic,consumables,external,30797,Laminating Plastic,,YST-LMP-EAC,,,OD200 - Ayesha Centre
1.32,OD200,,Laser Payslips,consumables,external,30074,Laser Payslips,,YST-LPS-EAC,,,OD200 - Ayesha Centre
0,OD200,,paper file,consumables,external,30075,paper file,,YST-PFL-EAC,,,OD200 - Ayesha Centre
0,OD200,,Pritt,consumables,external,30750,Pritt,,YST-PRI-EAC,,,OD200 - Ayesha Centre
13.16,OD200,,square white paper,consumables,external,30078,square white paper,,YST-SQA-PAC,,,OD200 - Ayesha Centre
15.79,OD200,,Staples rexel no .56,consumables,external,30079,Staples rexel no .56,,YST-STA-BOX,,,OD200 - Ayesha Centre
13.9,OD200,,tape,consumables,external,30728,tape,,YST-TAP-EAC,,,OD200 - Ayesha Centre
11.92,OD200,,Till Rolls,consumables,external,30687,Till Rolls,,YST-TIL-EAC,,,OD200 - Ayesha Centre
43.47,OD200,,Tipex,consumables,external,30860,Tipex,,YST-TIP-EAC,,,OD200 - Ayesha Centre
7.57,OD200,,toilet roll,consumables,external,30059,toilet roll,,YST-TRL-EAC,,,OD200 - Ayesha Centre
1.11,OD200,,Wage Envelope,packaging,external,30733,Wage Envelope,,YST-WGE-EAC,,,OD200 - Ayesha Centre
2.45,OD200,,Sub Milk Tart Base Large,sub recipe,internal,30510,Sub Milk Tart Base Large,,YTB-MIL-MX1,,,OD200 - Ayesha Centre
0.55,OD200,,Sub Milk Tart Base Small,sub recipe,internal,30512,Sub Milk Tart Base Small,,YTB-MIS-MX1,,,OD200 - Ayesha Centre
0,OD200,,Sub No Bake Cake,sub recipe,internal,0,Sub No Bake Cake,,YTB-NOB-EAC,,,OD200 - Ayesha Centre
0,OD200,,Sub Belgica Crumbs,subrecipe,internal,30508,Sub Belgica Crumbs,,YTO-BLC-MX1,,,OD200 - Ayesha Centre
0,OD200,,Sub Bar One Filling,sub recipe,internal,0,Sub Bar One Filling,,YTO-BOF-KGR,,,OD200 - Ayesha Centre
0,OD200,,Sub- Bar One Ganache,sub recipe,internal,0,Sub- Bar One Ganache,,YTO-BOG-KGR,,,OD200 - Ayesha Centre
13.44,OD200,,Sub Buttercream Chocolate,sub recipe,internal,30398,Sub Buttercream Chocolate,,YTO-BUC-MX1,,,OD200 - Ayesha Centre
12.73,OD200,,Sub Buttercream- White,sub recipe,internal,30357,Sub Buttercream- White,,YTO-BUW-MX1,,,OD200 - Ayesha Centre
0,OD200,,Sub Buttercream Yellow,sub recipe,internal,30400,Sub Buttercream Yellow,,YTO-BUY-MX1,,,OD200 - Ayesha Centre
0,OD200,,Sub Fondant Chocolate,sub recipe,internal,30412,Sub Fondant Chocolate,,YTO-FOC-MX1,,,OD200 - Ayesha Centre
0,OD200,,Sub Naan topping,sub recipe,internal,30375,Sub Naan topping,,YTO-NAA-MX1,,,OD200 - Ayesha Centre
22.83,OD200,,Sub Snowball Coconut Topping,sub recipe,internal,30419,Sub Snowball Coconut Topping,,YTO-SNO-MX1,,,OD200 - Ayesha Centre
0,OD200,,Sub Sugar Syrup,sub recipe,internal,30417,Sub Sugar Syrup,,YTO-SUS-MX1,,,OD200 - Ayesha Centre
0,OD200,,Sub Glaze Sugar Water,sub recipe,internal,30416,Sub Glaze Sugar Water,,YTO-SUW-MX1,,,OD200 - Ayesha Centre
5.73,OD200,,Sub - White Fondant Icing,sub recipe,internal,30539,Sub - White Fondant Icing,,YTO-WFI-MX1,,,OD200 - Ayesha Centre
489.51,OD200,,Cutter Dough Wheel Divider,equipment,external,0,Cutter Dough Wheel Divider,,YUT-CDW-EAC,,,OD200 - Ayesha Centre
0,OD200,,Grunter Knife,consumables,external,30654,Grunter Knife,,YUT-GRU-EAC,,,OD200 - Ayesha Centre
152.3,OD200,,Piping Bag No 5,consumables,external,30594,Piping Bag No 5,,YUT-PIP-EAC,,,OD200 - Ayesha Centre
0,OD200,,Scale Electronic,equipment,external,30652,Scale Electronic,,YUT-SCA-EAC,,,OD200 - Ayesha Centre
0,OD200,,Whisks 350mm,equipment,external,0,Whisks 350mm,,YUT-WHI-EAC,,,OD200 - Ayesha Centre
3.23,OD200,,8*8*4,packaging,external,30738,8*8*4,,ZBX-884-EAC,,,OD200 - Ayesha Centre
3350,OD200,,Genus Eco 30 Flying Insect Catcher,pest control,external,0,Genus Eco 30 Flying Insect Catcher,,ZDB- FIC-EAC,,,OD200 - Ayesha Centre
23.28,OD200,,L 351 Domes,packaging,external,0,L 351 Domes,,ZDB-351-EAC,,,OD200 - Ayesha Centre
1.51,OD200,,Doyley Round 240mm,packaging,external,30320,Doyley Round 240mm,,ZDO-DOY-EAC,,,OD200 - Ayesha Centre
8.45,OD200,,KR 10,packaging,external,30501,KR 10,,ZFO-10-EAC,,,OD200 - Ayesha Centre
11.31,OD200,,KR14,packaging,external,30321,KR14,,ZFO-14-EAC,,,OD200 - Ayesha Centre
15.1,OD200,,KR16,packaging,external,30322,KR16,,ZFO-16-EAC,,,OD200 - Ayesha Centre
17.35,OD200,,KR18,packaging,external,30323,KR18,,ZFO-18-EAC,,,OD200 - Ayesha Centre
125,OD200,,KS 1MX500,packaging,external,0,KS 1MX500,,ZFO-1M5-EAC,,,OD200 - Ayesha Centre
118.75,OD200,,KS 1MX500,packaging,external,0,KS 1MX500,,ZFO-1M5-EAC,,,OD200 - Ayesha Centre
21.52,OD200,,KR20,packaging,external,30324,KR20,,ZFO-20-EAC,,,OD200 - Ayesha Centre
0,OD200,,20 Round Board,packaging,external,30742,20 Round Board,,ZFO-20R-EAC,,,OD200 - Ayesha Centre
8.7,OD200,,NR 10,packaging,external,30584,NR 10,,ZFO-NR1-EAC,,,OD200 - Ayesha Centre
6.94,OD200,,NR 12,packaging,external,30585,NR 12,,ZFO-NR2-EAC,,,OD200 - Ayesha Centre
5.54,OD200,,NS 10,packaging,external,30329,NS 10,,ZFO-NS1-EAC,,,OD200 - Ayesha Centre
7.85,OD200,,NS12,packaging,external,30330,NS12,,ZFO-NS2-EAC,,,OD200 - Ayesha Centre
15.13,OD200,,KS16,packaging,external,30325,KS16,,ZFO-S16-EAC,,,OD200 - Ayesha Centre
19.03,OD200,,KS18,packaging,external,30326,KS18,,ZFO-S18-EAC,,,OD200 - Ayesha Centre
21.39,OD200,,KS20,packaging,external,30328,KS20,,ZFO-S20-EAC,,,OD200 - Ayesha Centre
9.03,OD200,,NS14,packaging,external,30331,NS14,,ZFO-T14-EAC,,,OD200 - Ayesha Centre
3.85,OD200,,NR 6,packaging,external,30617,NR 6,,ZFO-TN6-EAC,,,OD200 - Ayesha Centre
0,OD200,,NS8,packaging,external,30332,NS8,,ZFO-TN8-EAC,,,OD200 - Ayesha Centre
0.04,OD200,,Label Real Butter,packaging,external,0,Label Real Butter,,ZLA- REA-EAC,,,OD200 - Ayesha Centre
0.05,OD200,,Oven Delights logo labels 50mmx40mm,packaging,external,0,Oven Delights logo labels 50mmx40mm,,ZLA-ALA-50MM,,,OD200 - Ayesha Centre
0.05,OD200,,Label Idhli Oven Delights Logo,packacing,external,,Label Idhli Oven Delights Logo,,ZLA-IDL-EAC,,,OD200 - Ayesha Centre
0.04,OD200,,Label 40x46 B/white Label,packaging,external,30333,Label 40x46 B/white Label,,ZLA-LAB-EAC,,,OD200 - Ayesha Centre
0.06,OD200,,Label Eggs,packacing,external,,Label Eggs,,ZLA-LEF-EAC,,,OD200 - Ayesha Centre
0.06,OD200,,Label Eggless,packacing,external,,Label Eggless,,ZLA-LEL-EAC,,,OD200 - Ayesha Centre
0.04,OD200,,Label White Keep In Fridge,packaging,external,0,Label White Keep In Fridge,,ZLA-LKI-EACH,,,OD200 - Ayesha Centre
0.06,OD200,,Label  For Platter Domes,packaging,external,0,Label For Platter Domes,,ZLA-LPL-EAC,,,OD200 - Ayesha Centre
0.06,OD200,,Label Oven Delights Logo 50x50mm,packaging,external,0,Label Oven Delights Logo 50x50mm,,ZLA-OLA-EAC,,,OD200 - Ayesha Centre
450,OD200,,Label Plates logo 50x50mm,packaging,external,0,Label Plates logo 50x50mm,,ZLA-PLA-EAC,,,OD200 - Ayesha Centre
0.06,OD200,,Label for Platters  Assorted Flavours,packaging,external,0,Label for Platters Assorted Flavours,,ZLA-PLL-EAC,,,OD200 - Ayesha Centre
0.04,OD200,,Label 40x29 White Label,packaging,external,0,Label 40x29 White Label,,ZLA-WLB-EACH,,,OD200 - Ayesha Centre
0.04,OD200,,Label 40x29 White Label,packaging,external,0,Label 40x29 White Label,,ZLA-WLB-EACH,,,OD200 - Ayesha Centre
0,OD200,,Stirrer Sticks Wooden,consumables,external,0,Stirrer Sticks Wooden,,ZPA- SSW-EAC,,,OD200 - Ayesha Centre
2.29,OD200,,4 Cup Drinkaway Carrier P2106,packaging,external,0,4 Cup Drinkaway Carrier P2106,,ZPA-CDA-EAC,,,OD200 - Ayesha Centre
1.38,OD200,,2 Cup Drinkaway Carrier P2105,packaging,external,0,2 Cup Drinkaway Carrier P2105,,ZPA-CDC-EAC,,,OD200 - Ayesha Centre
1.2,OD200,,250ml Double Wall Kraft Cup,packaging,external,0,250ml Double Wall Kraft Cup,,ZPA-DWK-250ML,,,OD200 - Ayesha Centre
1.45,OD200,,350ml Double Wall Kraft Cup,packaging,external,0,350ml Double Wall Kraft Cup,,ZPA-DWK-350ML,,,OD200 - Ayesha Centre
0.13,OD200,,Grease Proof 2(200*170),packaging,external,30302,Grease Proof 2(200*170),,ZPA-GRE-EAC,,,OD200 - Ayesha Centre
0.46,OD200,,250ml Ripple Sip Lid,packaging,external,0,250ml Ripple Sip Lid,,ZPA-RSL-250ML,,,OD200 - Ayesha Centre
0.72,OD200,,350ml Ripple Sip Lid,packaging,external,0,350ml Ripple Sip Lid,,ZPA-RSL-350ML,,,OD200 - Ayesha Centre
7.15,OD200,,Servittes 200x300,consumables,external,30315,Servittes 200x300,,ZPA-SER-BOX,,,OD200 - Ayesha Centre
0.07,OD200,,Stirrer Sticks Wooden,consumables,external,0,Stirrer Sticks Wooden,,ZPA-SSW-EAC,,,OD200 - Ayesha Centre
0.33,OD200,,Desert Spoons,consumables,external,30274,Desert Spoons,,ZPL-DES-EAC,,,OD200 - Ayesha Centre
0,OD200,,F70 BISCUIT CONTAINER,packaging,external,30279,F70 BISCUIT CONTAINER,,ZPL-F70-EAC,,,OD200 - Ayesha Centre
0.47,OD200,,Wrapped Straws,consumables,external,30317,Wrapped Straws,,ZPL-STR-BOX,,,OD200 - Ayesha Centre
70.26,OD200,,Trolley Cover,consumables,external,30316,Trolley Cover,,ZPL-TRO-EAC,,,OD200 - Ayesha Centre
