Col1,Col2,Col3,Col4,Col5,Col6,Col7,Col8,Col9,Col10,Col11,Treatment,Branch
Cost,Whse,Ingredients,Item Description,CATERGORY,item catergory,BARCODE,ITEM DESCRIPTION,,Item Code,Incl Price,,OD400 - Umhlanga
0,OD400,,BD Bar One Square 20,exotic,internal,,BD Bar One Square 20,,BD-BAR-020,1600,,OD400 - Umhlanga
0,OD400,,Biscuit Choc Chip,biscuit,internal,0,Biscuit Choc Chip,,BIS- CHC-EAC,85,,OD400 - Umhlanga
0,OD400,,Biscuit Choc Vanilla 300g,biscuit,internal,0,Biscuit Choc Vanilla 300g,,BIS-BCV-EAC,85,,OD400 - Umhlanga
0,OD400,,Biscuit Choc Chip Cookie,biscuit,internal,0,Biscuit Choc Chip Cookie,,BIS-CCC-EAC,85,,OD400 - Umhlanga
0,OD400,,Biscuit Choc Delights 300G,biscuit,internal,14079,Biscuit Choc Delights 300G,,BIS-CHD-EAC,85,,OD400 - Umhlanga
43.4783,OD400,,Biscuit Jam Nest 300G,biscuits,internal,14067,Biscuit Jam Nest 300G,,BIS-CJN-EAC,85,,OD400 - Umhlanga
0,OD400,,Biscuit Coconut,biscuit,internal,0,Biscuit Coconut,,BIS-COC-EAC,85,,OD400 - Umhlanga
0,OD400,,Biscuit Custard,biscuit,internal,16201,Biscuit Custard,,BIS-CUS-EAC,85,,OD400 - Umhlanga
0,OD400,,Biscuit Date Roll 300G,biscuit,internal,0,Biscuit Date Roll 300G,,BIS-DAT-EAC,100,,OD400 - Umhlanga
0,OD400,,Designer Biscuits 300G,biscuits,internal,14073,Designer Biscuits 300G,,BIS-DEB-EAC,100,,OD400 - Umhlanga
0,OD400,,Biscuit Fego 300G,biscuit,internal,16200,Biscuit Fego 300G,,BIS-FEB-EAC,85,,OD400 - Umhlanga
0,OD400,,Biscuit choc Fingers 300G,biscuit,internal,14068,Biscuit choc Fingers 300G,,BIS-FLF-EAC,85,,OD400 - Umhlanga
0,OD400,,Biscuit Horse Shoe 300G,biscuit,internal,14076,Biscuit Horse Shoe 300G,,BIS-HSB-EAC,85,,OD400 - Umhlanga
0,OD400,,Biscuit Naan Katai 300G,biscuit,internal,16077,Biscuit Naan Katai 300G,,BIS-NAK-EAC,85,,OD400 - Umhlanga
0,OD400,,Biscuit Pcn & almnd 300G,biscuit,internal,16203,Biscuit Pcn & almnd 300G,,BIS-PAO-EAC,85,,OD400 - Umhlanga
0,OD400,,Biscuit Pecan Nut Squares 300G,biscuit,internal,14069,Biscuit Pecan Nut Squares 300G,,BIS-PNS-EAC,85,,OD400 - Umhlanga
0,OD400,,Cafe Late short,drink,internal,,Cafe Late short,,Cafe Late short,28,,OD400 - Umhlanga
0,OD400,,Cafe Late Tall,drink,internal,,Cafe Late Tall,,Cafe Late Tall,33,,OD400 - Umhlanga
0,OD400,,Candles 10s- Silver,candle,external,0,Candles 10s- Silver,,CAN-CMS-EAC,20,,OD400 - Umhlanga
0,OD400,,Candle Numeral 0 Gold,candle,external,0,Candle Numeral 0 Gold,,CAN-GOL-000,22,,OD400 - Umhlanga
0,OD400,,Candle Numeral 1 Gold,candle,external,0,Candle Numeral 1 Gold,,CAN-GOL-001,22,,OD400 - Umhlanga
0,OD400,,Candle Numeral 2 Gold,candle,external,0,Candle Numeral 2 Gold,,CAN-GOL-002,22,,OD400 - Umhlanga
0,OD400,,Candle Numeral 3 Gold,candle,external,0,Candle Numeral 3 Gold,,CAN-GOL-003,22,,OD400 - Umhlanga
0,OD400,,Candle Numeral 4 Gold,candle,external,0,Candle Numeral 4 Gold,,CAN-GOL-004,22,,OD400 - Umhlanga
0,OD400,,Candle Numeral 5 Gold,candle,external,0,Candle Numeral 5 Gold,,CAN-GOL-005,22,,OD400 - Umhlanga
0,OD400,,Candle Numeral 6 Gold,candle,external,0,Candle Numeral 6 Gold,,CAN-GOL-006,22,,OD400 - Umhlanga
0,OD400,,Candle Numeral 7 Gold,candle,external,0,Candle Numeral 7 Gold,,CAN-GOL-007,22,,OD400 - Umhlanga
0,OD400,,Candle Numeral 8 Gold,candle,external,0,Candle Numeral 8 Gold,,CAN-GOL-008,22,,OD400 - Umhlanga
0,OD400,,Candle Numeral 9 Gold,candle,external,0,Candle Numeral 9 Gold,,CAN-GOL-009,22,,OD400 - Umhlanga
0,OD400,,Candle Magic Assorted,candle,external,8004,Candle Magic Assorted,,CAN-MAG-24S,30,,OD400 - Umhlanga
0,OD400,,Magic Candles,candle,external,30714,Magic Candles,,CAN-MCA-EAC,30,,OD400 - Umhlanga
0,OD400,,Candle Mixed - 24x24,candle,external,8005,Candle Mixed - 24x24,,CAN-MIX-24S,30,,OD400 - Umhlanga
0,OD400,,Candle Numeral 0 Rainbow,candle,external,8006,Candle Numeral 0 Rainbow,,CAN-RAI-000,22,,OD400 - Umhlanga
0,OD400,,Candle Numeral 1 Rainbow,candle,external,8007,Candle Numeral 1 Rainbow,,CAN-RAI-001,22,,OD400 - Umhlanga
43.5,OD400,,Candle Numeral 2 Rainbow,candle,external,8008,Candle Numeral 2 Rainbow,,CAN-RAI-002,22,,OD400 - Umhlanga
0,OD400,,Candle Numeral 4 Rainbow,candle,external,8010,Candle Numeral 4 Rainbow,,CAN-RAI-004,22,,OD400 - Umhlanga
0,OD400,,Candle Numeral 5 Rainbow,candle,external,8011,Candle Numeral 5 Rainbow,,CAN-RAI-005,22,,OD400 - Umhlanga
0,OD400,,Candle Numeral 6 Rainbow,candle,external,8012,Candle Numeral 6 Rainbow,,CAN-RAI-006,22,,OD400 - Umhlanga
0,OD400,,Candle Numeral 7 Rainbow,candle,external,8013,Candle Numeral 7 Rainbow,,CAN-RAI-007,22,,OD400 - Umhlanga
0,OD400,,Candle Numeral 8 Rainbow,candle,external,8014,Candle Numeral 8 Rainbow,,CAN-RAI-008,22,,OD400 - Umhlanga
0,OD400,,Candle Numeral 9 Rainbow,candle,external,8015,Candle Numeral 9 Rainbow,,CAN-RAI-009,22,,OD400 - Umhlanga
0,OD400,,Candle Numeral 0 Silver,candle,external,0,Candle Numeral 0 Silver,,CAN-SIL-000,22,,OD400 - Umhlanga
0,OD400,,Candle Numeral 1 Silver,candle,external,0,Candle Numeral 1 Silver,,CAN-SIL-001,22,,OD400 - Umhlanga
0,OD400,,Candle Numeral 2 Silver,candle,external,0,Candle Numeral 2 Silver,,CAN-SIL-002,22,,OD400 - Umhlanga
0,OD400,,Candle Numeral 3 Silver,candle,external,0,Candle Numeral 3 Silver,,CAN-SIL-003,22,,OD400 - Umhlanga
0,OD400,,Candle Numeral 4 Silver,candle,external,0,Candle Numeral 4 Silver,,CAN-SIL-004,22,,OD400 - Umhlanga
0,OD400,,Candle Numeral 5 Silver,candle,external,0,Candle Numeral 5 Silver,,CAN-SIL-005,22,,OD400 - Umhlanga
0,OD400,,Candle Numeral 6 Silver,candle,external,0,Candle Numeral 6 Silver,,CAN-SIL-006,22,,OD400 - Umhlanga
0,OD400,,Candle Numeral 7 Silver,candle,external,0,Candle Numeral 7 Silver,,CAN-SIL-007,22,,OD400 - Umhlanga
0,OD400,,Candle Numeral 8 Silver,candle,external,0,Candle Numeral 8 Silver,,CAN-SIL-008,22,,OD400 - Umhlanga
0,OD400,,Candle Numeral 9 Silver,candle,external,0,Candle Numeral 9 Silver,,CAN-SIL-009,22,,OD400 - Umhlanga
0,OD400,,Candle Numeral 0 White,candle,external,8025,Candle Numeral 0 White,,CAN-WHI-000,22,,OD400 - Umhlanga
0,OD400,,Candle Numeral 1 White,candle,external,8016,Candle Numeral 1 White,,CAN-WHI-001,22,,OD400 - Umhlanga
0,OD400,,Candle Numeral 2 White,candle,external,8017,Candle Numeral 2 White,,CAN-WHI-002,22,,OD400 - Umhlanga
0,OD400,,Candle Numeral 3 White,candle,external,8018,Candle Numeral 3 White,,CAN-WHI-003,22,,OD400 - Umhlanga
0,OD400,,Candle Numeral 4 White,candle,external,8019,Candle Numeral 4 White,,CAN-WHI-004,22,,OD400 - Umhlanga
0,OD400,,Candle Numeral 5 White,candle,external,8020,Candle Numeral 5 White,,CAN-WHI-005,22,,OD400 - Umhlanga
0,OD400,,Candle Numeral 6 White,candle,external,8021,Candle Numeral 6 White,,CAN-WHI-006,22,,OD400 - Umhlanga
0,OD400,,Candle Numeral 7 White,candle,external,8022,Candle Numeral 7 White,,CAN-WHI-007,22,,OD400 - Umhlanga
0,OD400,,Candle Numeral 8 White,candle,external,8023,Candle Numeral 8 White,,CAN-WHI-008,22,,OD400 - Umhlanga
0,OD400,,Candle Numeral 9 White,candle,external,8024,Candle Numeral 9 White,,CAN-WHI-009,22,,OD400 - Umhlanga
0,OD400,,BD 14'' Buttercream Alphabet Cake,novelty,internal,0,BD 14'' Buttercream Alphabet Cake,,CBA-BAC-014,640,,OD400 - Umhlanga
0,OD400,,BD 16'' Eggless Buttercream Alphabet Cake,novelty,internal,0,BD 16'' Eggless Buttercream Alphabet Cake,,CBA-BEA-016,830,,OD400 - Umhlanga
0,OD400,,BC Birthday Gateaux,buttercream cake,internal,11001,BC Birthday Gateaux,,CBC-BBG-EAC,120,,OD400 - Umhlanga
0,OD400,,Icing Cup Cakes,buttercream cake,internal,30337,Icing Cup Cakes,,CBC-BCC-EAC,20,,OD400 - Umhlanga
0,OD400,,BC Chocolate Delight,buttercream cake,internal,11004,BC Chocolate Delight,,CBC-BCD-EAC,22,,OD400 - Umhlanga
0,OD400,,BC Eggless Vanilla Gateaux,buttercream cake,internal,0,BC Eggless Vanilla Gateaux,,CBC-BCE-EAC,120,,OD400 - Umhlanga
0,OD400,,BC Chocolate Gateaux,buttercream cake,internal,11003,BC Chocolate Gateaux,,CBC-BCG-EAC,125,,OD400 - Umhlanga
0,OD400,,Icing Cup Cakes With Name,buttercream cake,internal,30339,Icing Cup Cakes With Name,,CBC-BCN-EAC,20,,OD400 - Umhlanga
0,OD400,,BC Chocolate Slice,buttercream cake,internal,11005,BC Chocolate Slice,,CBC-BCS-EAC,22,,OD400 - Umhlanga
0,OD400,,BC Doughnut,buttercream cake,internal,11016,BC Doughnut,,CBC-BDN-EAC,16,,OD400 - Umhlanga
0,OD400,,BC Eggless Birthday Gateaux,buttercream cake,internal,11040,BC Eggless Birthday Gateaux,,CBC-BEG-EAC,125,,OD400 - Umhlanga
0,OD400,,BC Smash Choc Rose Pattern Gateaux,buttercream cake,internal,11042,BC Smash Choc Rose Pattern Gateaux,,CBC-BRG-EAC,600,,OD400 - Umhlanga
0,OD400,,Christmas Buttercream Gateaux,buttercream cake,internal,11097,Christmas Buttercream Gateaux,,CBC-CBG-EAC,160,,OD400 - Umhlanga
0,OD400,,Chocolate Doughnut,buttercream cake,internal,11018,Chocolate Doughnut,,CBC-CDN-EAC,18,,OD400 - Umhlanga
0,OD400,,Coconut Tartlet,biuttercream cake,internal,11032,Coconut Tartlet,,CBC-CNL-EAC,20,,OD400 - Umhlanga
0,OD400,,Coconut Ring,buttercream cake,internal,11030,Coconut Ring,,CBC-CNR-EAC,20,,OD400 - Umhlanga
0,OD400,,Coconut Slice,buttercream cake,internal,11008,Coconut Slice,,CBC-CNS-EAC,18,,OD400 - Umhlanga
0,OD400,,Cream Puff,buttercream figure,internal,11034,Cream Puff,,CBC-CRP-EAC,18,,OD400 - Umhlanga
0,OD400,,Currant Square,buttercream cake,internal,11035,Currant Square,,CBC-CUS-EAC,18,,OD400 - Umhlanga
0,OD400,,BD 1MX500 BC Eggless,buttercream 1mx500,internal,0,BD 1MX500 BC Eggless,,CBC-EB1-1M,2400,,OD400 - Umhlanga
0,OD400,,Flakey Bits,buttercream cake,internal,11036,Flakey Bits,,CBC-FLA-EAC,18,,OD400 - Umhlanga
0,OD400,,Jam Puff,buttercream cake,internal,11037,Jam Puff,,CBC-JAP-EAC,17,,OD400 - Umhlanga
0,OD400,,Jam Doughnut,buttercream cake,internal,11019,Jam Doughnut,,CBC-JDN-EAC,15,,OD400 - Umhlanga
0,OD400,,Jam Turnover,buttercream cake,internal,11039,Jam Turnover,,CBC-JTO-EAC,18,,OD400 - Umhlanga
0,OD400,,Koeksuster 1s,buttercream cake,internal,11020,Koeksuster 1s,,CBC-KOE-EAC,18,,OD400 - Umhlanga
0,OD400,,Choc Lamington Plain,buttercream cake,internal,11009,Choc Lamington Plain,,CBC-LPC-EAC,18,,OD400 - Umhlanga
0,OD400,,Raspberry Lamington Plain,buttercream cake,internal,11010,Raspberry Lamington Plain,,CBC-LPR-EAC,18,,OD400 - Umhlanga
0,OD400,,Raspberry Lamington Plain,buttercream cake,internal,11010,Raspberry Lamington Plain,,CBC-LPR-EAC,18,,OD400 - Umhlanga
0,OD400,,Mini Buttercream D/N,buttercream,internal,11043,Mini Buttercream D/N,,CBC-MBD-EAC,12,,OD400 - Umhlanga
0,OD400,,Mothers Day Buttercream Gateaux,buttercream cake,internal,11098,Mothers Day Buttercream Gateaux,,CBC-MBG-EAC,140,,OD400 - Umhlanga
0,OD400,,Mini Chocolate D/N,buttercream cake,internal,11044,Mini Chocolate D/N,,CBC-MCD-EAC,13,,OD400 - Umhlanga
0,OD400,,Mini Lamington Chocolate Plain,shop front,internal,0,Mini Lamington Chocolate Plain,,CBC-MCL-EAC,13,,OD400 - Umhlanga
0,OD400,,Melting Moments 40g (Round),sweet,external,11021,Melting Moments 40g (Round),,CBC-MEL-40G,15,,OD400 - Umhlanga
0,OD400,,Melting Moments 60g (Long),buttercream cake,internal,11023,Melting Moments 60g (Long),,CBC-MEL-60G,18,,OD400 - Umhlanga
0,OD400,,Mini F/BITS,buttercream cake,internal,11045,Mini F/BITS,,CBC-MFL-EAC,13,,OD400 - Umhlanga
0,OD400,,Mini Lamington Raspberry Plain,buttercream cake,internal,0,Mini Lamington Raspberry Plain,,CBC-MRL-EAC,13,,OD400 - Umhlanga
0,OD400,,Mini S/B,buttercream cake,internal,11046,Mini S/B,,CBC-MSB-EACH,13,,OD400 - Umhlanga
0,OD400,,Muesli Slice,buttercream cake,internal,11007,Muesli Slice,,CBC-MUE-EAC,18,,OD400 - Umhlanga
0,OD400,,BD Picture Cup Cakes,buttercream cakes,internal,30338,BD Picture Cup Cakes,,CBC-PCC-EAC,24,,OD400 - Umhlanga
0,OD400,,Queen Cakes 1s,buttercream cake,internal,11011,Queen Cakes 1s,,CBC-QUC-EAC,12,,OD400 - Umhlanga
0,OD400,,Snowballs 1s,buttercream cake,internal,11013,Snowballs 1s,,CBC-SNO-EAC,18,,OD400 - Umhlanga
0,OD400,,BD Buttercream Figure 18,buttercream figure cake,internal,10088,BD Buttercream Figure 18,,CBF-BCF-018,850,,OD400 - Umhlanga
0,OD400,,BD Buttercream Figure 20,buttercream figure,internal,10090,BD Buttercream Figure 20,,CBF-BCF-020,900,,OD400 - Umhlanga
0,OD400,,BD 20 Buttercream Figure on Base Eggless,buttercream figure,internal,10199,BD 20 Buttercream Figure on Base Eggless,,CBF-BFE-020,1350,,OD400 - Umhlanga
0,OD400,,BD Buttercream Fig on SL 18,buttercream figure cake,internal,10092,BD Buttercream Fig on SL 18,,CBF-BFS-018,940,,OD400 - Umhlanga
0,OD400,,BD Buttercream Fig on SL 20,buttercream figure cake,internal,10094,BD Buttercream Fig on SL 20,,CBF-BFS-020,990,,OD400 - Umhlanga
0,OD400,,BD Freshcream 14 Black Forest,freshcream square black forest,internal,12001,BD Freshcream 14 Black Forest,,CBF-BLF-014,740,,OD400 - Umhlanga
0,OD400,,BD Freshcream 16 Blackforest,freshcream blackforest,internal,12020,BD Freshcream 16 Blackforest,,CBF-BLF-016,800,,OD400 - Umhlanga
0,OD400,,BD Freshcream 14 DL,freshcream square,internal,10039,BD Freshcream 14 DL,,CBF-FCD-014,470,,OD400 - Umhlanga
0,OD400,,BD Freshcream Figure 18,freshcream figure cake,internal,10089,BD Freshcream Figure 18,,CBF-FCF-018,900,,OD400 - Umhlanga
0,OD400,,BD Freshcream Figure 20,freshcream figure,internal,10091,BD Freshcream Figure 20,,CBF-FCF-020,950,,OD400 - Umhlanga
0,OD400,,BD 20 Freshcream Figure Only Eggless,freshcream figure,internal,0,BD 20 Freshcream Figure Only Eggless,,CBF-FF0-020,1300,,OD400 - Umhlanga
0,OD400,,BD Freshcream Figure on Base Eggless 20,freshcream figure cake,internal,10198,BD Freshcream Figure on Base Eggless 20,,CBF-FFE-020,1450,,OD400 - Umhlanga
0,OD400,,BD Freshcream Fig on SL 18,freshcream figure cake,internal,10093,BD Freshcream Fig on SL 18,,CBF-FFS-018,990,,OD400 - Umhlanga
0,OD400,,BD Freshcream Fig on SL 20,freshcream figure,internal,10095,BD Freshcream Fig on SL 20,,CBF-FFS-020,1040,,OD400 - Umhlanga
0,OD400,,BD 20 Buttercream Figure Only Eggless,buttercream figure,internal,0,BD 20 Buttercream Figure Only Eggless,,CBF-FOE-020,1250,,OD400 - Umhlanga
0,OD400,,BD Buttercream 1MX1M,novelty,internal,0,BD Buttercream 1MX1M,,CBN-B1M-EACH,5500,,OD400 - Umhlanga
0,OD400,,BD Freshcream 1M X1M,novelty,internal,0,BD Freshcream 1M X1M,,CBN-F1M-EACH,5700,,OD400 - Umhlanga
0,OD400,,BD Buttercream 12 Round,buttercream cake round,internal,10105,BD Buttercream 12 Round,,CBR-BCR-012,420,,OD400 - Umhlanga
0,OD400,,BD Buttercream 14 Round,buttercream cake round,internal,10107,BD Buttercream 14 Round,,CBR-BCR-014,450,,OD400 - Umhlanga
0,OD400,,BD Buttercream 16 Round,buttercream round,internal,10109,BD Buttercream 16 Round,,CBR-BCR-016,480,,OD400 - Umhlanga
0,OD400,,BD Buttercream 18 Round,buttercream cake round,internal,10104,BD Buttercream 18 Round,,CBR-BCR-018,570,,OD400 - Umhlanga
0,OD400,,BD Buttercream 20 Round,buttercream round,internal,10112,BD Buttercream 20 Round,,CBR-BCR-020,610,,OD400 - Umhlanga
0,OD400,,BD Freshcream 12 Round,freshcream cake round,internal,10106,BD Freshcream 12 Round,,CBR-FCR-012,460,,OD400 - Umhlanga
0,OD400,,BD Freshcream 14 Round,freshcream cake round,internal,10108,BD Freshcream 14 Round,,CBR-FCR-014,490,,OD400 - Umhlanga
0,OD400,,BD Freshcream 16 Round,freashcream round,internal,10110,BD Freshcream 16 Round,,CBR-FCR-016,520,,OD400 - Umhlanga
0,OD400,,BD Freshcream 18 Round,freshcream round,internal,10111,BD Freshcream 18 Round,,CBR-FCR-018,620,,OD400 - Umhlanga
0,OD400,,BD Freshcream 20 Round,freshcream round,internal,10113,BD Freshcream 20 Round,,CBR-FCR-020,660,,OD400 - Umhlanga
0,OD400,,BD Buttercream 12 DL,buttercream square,internal,10005,BD Buttercream 12 DL,,CBS-BCD-012,400,,OD400 - Umhlanga
0,OD400,,BD Buttercream 14 DL,buttercream square,internal,10007,BD Buttercream 14 DL,,CBS-BCD-014,430,,OD400 - Umhlanga
0,OD400,,BD Buttercream 16 DL,buttercream square,internal,10011,BD Buttercream 16 DL,,CBS-BCD-016,460,,OD400 - Umhlanga
0,OD400,,BD Buttercream 18 DL,buttercream square cake,internal,10015,BD Buttercream 18 DL,,CBS-BCD-018,550,,OD400 - Umhlanga
0,OD400,,BD Buttercream 20 DL,buttercream square,internal,10018,BD Buttercream 20 DL,,CBS-BCD-020,590,,OD400 - Umhlanga
0,OD400,,BD Buttercream 22 DL,buttercream square,internal,10031,BD Buttercream 22 DL,,CBS-BCD-022,770,,OD400 - Umhlanga
0,OD400,,BD 16 BC DL Eggless,buttercream square,internal,10033,BD 16 BC DL Eggless,,CBS-BCE-016,520,,OD400 - Umhlanga
0,OD400,,BD Freshcream 12 Black Forest,freshcream black forest,internal,10078,BD Freshcream 12 Black Forest,,CBS-BLF-012,670,,OD400 - Umhlanga
0,OD400,,BD Freshcream 12 DL,freshcream square,internal,10037,BD Freshcream 12 DL,,CBS-FCD-012,440,,OD400 - Umhlanga
0,OD400,,BD Freshcream 16 DL,freshcream square,internal,10041,BD Freshcream 16 DL,,CBS-FCD-016,500,,OD400 - Umhlanga
0,OD400,,BD Freshcream 18 DL,freshcream square,internal,10045,BD Freshcream 18 DL,,CBS-FCD-018,600,,OD400 - Umhlanga
0,OD400,,BD Freshcream 20 DL,frsshcream square,internal,10050,BD Freshcream 20 DL,,CBS-FCD-020,640,,OD400 - Umhlanga
0,OD400,,BD Freshcream 22 DL,freshcream square,internal,10054,BD Freshcream 22 DL,,CBS-FCD-022,830,,OD400 - Umhlanga
0,OD400,,BD 16 Freshcream Eggless,freshcream square,internal,10103,BD 16 Freshcream Eggless,,CBS-FCE-016,560,,OD400 - Umhlanga
0,OD400,,BD Buttercream 3 Tier Stacked,wedding cake,internal,10102,BD Buttercream 3 Tier Stacked,,CBW-CAK-003,2900,,OD400 - Umhlanga
0,OD400,,BD Buttercream 2Tier Stacked 12 16,wedding cake,internal,10289,BD Buttercream 2Tier Stacked 12 16,,CBW-STA-EAC,2100,,OD400 - Umhlanga
0,OD400,,New York Baked Cheese Cake Round,exotic cakes,internal,30665,New York Baked Cheese Cake Round,,CEX -NYW-EAC,400,,OD400 - Umhlanga
0,OD400,,Cheese Cake Dessert,exotic cakes,internal,14030,Cheese Cake Dessert,,CEX CCD-EAC,40,,OD400 - Umhlanga
0,OD400,,FC Bar One Eggless Drip,exotic cakes,internal,14050,FC Bar One Eggless Drip,,CEX- BEG-EAC,230,,OD400 - Umhlanga
0,OD400,,Moist Chocolate Pudding,exotic cakes,internal,14091,Moist Chocolate Pudding,,CEX- MCP-EAC,60,,OD400 - Umhlanga
0,OD400,,Buttercream 6 Layer Drip Cake with toppings,exotic cakes,internal,0,Buttercream 6 Layer Drip Cake with toppings,,CEX- MDB-EAC,1400,,OD400 - Umhlanga
0,OD400,,New York Blueberry Cheese Cake Slice,exotic,internal,0,New York Blueberry Cheese Cake Slice,,CEX- NBS-EAC,50,,OD400 - Umhlanga
0,OD400,,BC 12'' Round Triple Layer Rose Pattern,novelty,internal,0,BC 12'' Round Triple Layer Rose Pattern,,CEX- RTR-12,950,,OD400 - Umhlanga
0,OD400,,Apple Tart,exotic,internal,14025,Apple Tart,,CEX-APP-EAC,80,,OD400 - Umhlanga
0,OD400,,Apple Tartlet,exotic,internal,0,Apple Tartlet,,CEX-ATS-EAC,30,,OD400 - Umhlanga
0,OD400,,BD Bar One Square 12,exotic cakes,internal,10001,BD Bar One Square 12,,CEX-BAR-012,1000,,OD400 - Umhlanga
0,OD400,,BD Bar One Square 14,exotic cakes,internal,10002,BD Bar One Square 14,,CEX-BAR-014,1200,,OD400 - Umhlanga
0,OD400,,BD Bar One Square 16,exotic cakes,internal,10003,BD Bar One Square 16,,CEX-BAR-016,1400,,OD400 - Umhlanga
0,OD400,,BD Bar One Square 18,exotic cakes,internal,0,BD Bar One Square 18,,CEX-BAR-018,1700,,OD400 - Umhlanga
0,OD400,,Bar One Log,exotic cakes,internal,4005,Bar One Log,,CEX-BOL-EAC,185,,OD400 - Umhlanga
0,OD400,,Mothers Day Bar One Round with rose and leaves,exotic cakes,internal,14065,Mothers Day Bar One Round with rose and leaves,,CEX-BOM-EAC,290,,OD400 - Umhlanga
0,OD400,,Bar One Round,exotic cakes,internal,14003,Bar One Round,,CEX-BOR-EAC,290,,OD400 - Umhlanga
0,OD400,,Bar One Slice,exotic cakes,internal,4008,Bar One Slice,,CEX-BOS-EAC,45,,OD400 - Umhlanga
0,OD400,,BD 12 Carrot Cake square wit cream cheese,exotic,internal,0,BD 12 Carrot Cake square wit cream cheese,,CEX-CAC-012,1000,,OD400 - Umhlanga
0,OD400,,BD 14' Carrot cake square with cream cheese,exotic,internal,0,BD 14' Carrot cake square with cream cheese,,CEX-CAC-014,1300,,OD400 - Umhlanga
0,OD400,,BD 16' Carrot Cake Square with cream cheese,exotic cakes,internal,0,BD 16' Carrot Cake Square with cream cheese,,CEX-CAC-016,1400,,OD400 - Umhlanga
0,OD400,,BD 18 Carrot Cake Square with cream cheese,exotic cakes,internal,0,BD 18 Carrot Cake Square with cream cheese,,CEX-CAC-018,1700,,OD400 - Umhlanga
0,OD400,,BD 20 Carrot Cake Square with cream cheese,exotic,internal,0,BD 20 Carrot Cake Square with cream cheese,,CEX-CAC-020,1800,,OD400 - Umhlanga
0,OD400,,Carrot Cake Cupcake,exotic cakes,internal,0,Carrot Cake Cupcake,,CEX-CAC-EAC,25,,OD400 - Umhlanga
0,OD400,,Chocolate Bar One 6 Layer Drip Cake,exotic cakes,internal,0,Chocolate Bar One 6 Layer Drip Cake,,CEX-CBD-EAC,1400,,OD400 - Umhlanga
0,OD400,,Christmas Bar One Round,exotic cakes,internal,14006,Christmas Bar One Round,,CEX-CBO-EAC,280,,OD400 - Umhlanga
0,OD400,,Cheese Cake Slice,exotic cakes,internal,14007,Cheese Cake Slice,,CEX-CCS-EAC,50,,OD400 - Umhlanga
0,OD400,,Cheese Cake Tart,exotic cakes,internal,14008,Cheese Cake Tart,,CEX-CCT-EAC,67,,OD400 - Umhlanga
0,OD400,,Caramel Exotic Gateaux,exotic cakes,internal,14035,Caramel Exotic Gateaux,,CEX-CEG-EAC,230,,OD400 - Umhlanga
0,OD400,,Chocolate Fererro 6 Layer Drip Cake,exotic cakes,internal,0,Chocolate Fererro 6 Layer Drip Cake,,CEX-CFD-EAC,1400,,OD400 - Umhlanga
0,OD400,,Christmas Ferrero Cake,exotic cakes,internal,14010,Christmas Ferrero Cake,,CEX-CFE-EAC,280,,OD400 - Umhlanga
0,OD400,,Custard & Jelly,exotic cakes,internal,14042,Custard & Jelly,,CEX-CUS-EAC,19,,OD400 - Umhlanga
0,OD400,,Bar One Cupcake Eggless,exotic cakes,internal,0,Bar One Cupcake Eggless,,CEX-EBC-EACH,20,,OD400 - Umhlanga
0,OD400,,Mothers Day Ferrero Round with rose and leaves,exotic cakes,internal,14045,Mothers Day Ferrero Round with rose and leaves,,CEX-FEM-EAC,290,,OD400 - Umhlanga
0,OD400,,BD Ferrero Cake 12,exotic cakes,internal,10075,BD Ferrero Cake 12,,CEX-FER-012,1000,,OD400 - Umhlanga
0,OD400,,BD Ferrero Cake 14,exotic cakes,internal,10076,BD Ferrero Cake 14,,CEX-FER-014,1200,,OD400 - Umhlanga
0,OD400,,BD Ferrero Cake 16,exotic cakes,internal,10077,BD Ferrero Cake 16,,CEX-FER-016,1400,,OD400 - Umhlanga
0,OD400,,BD Ferrero Cake 18,exotic cakes,internal,0,BD Ferrero Cake 18,,CEX-FER-018,1700,,OD400 - Umhlanga
0,OD400,,BD Ferrero Cake 18,exotic cakes,internal,0,BD Ferrero Cake 18,,CEX-FER-018,1600,,OD400 - Umhlanga
0,OD400,,Ferrero Rocher Cake,exotic cakes,internal,14012,Ferrero Rocher Cake,,CEX-FRC-EAC,290,,OD400 - Umhlanga
0,OD400,,Lemon Meringue Tart Small,exotic,internal,0,Lemon Meringue Tart Small,,CEX-LMS-EAC,20,,OD400 - Umhlanga
0,OD400,,Lemon Meringue Tart Large,exotic cakes,internal,0,Lemon Meringue Tart Large,,CEX-LMT-EAC,60,,OD400 - Umhlanga
0,OD400,,Macaroons (4s),exotic cakes,internal,14047,Macaroons (4s),,CEX-MAC-EAC,60,,OD400 - Umhlanga
0,OD400,,Malva Pudding,exotic,internal,14048,Malva Pudding,,CEX-MAL-EAC,34,,OD400 - Umhlanga
10,OD400,,Macaroons (1s),exotic,internal,0,Macaroons (1s),,CEX-MAO-EAC,18,,OD400 - Umhlanga
0,OD400,,Milky Bar Exotic,exotic cakes,internal,14049,Milky Bar Exotic,,CEX-MBE-EAC,250,,OD400 - Umhlanga
0,OD400,,Bar One Swissroll Slice,exotic cakes,internal,0,Bar One Swissroll Slice,,CEX-MBS-EAC,40,,OD400 - Umhlanga
0,OD400,,Freshcream 6 Layer Drip Cake with Toppings,shop front,internal,0,Freshcream 6 Layer Drip Cake with Toppings,,CEX-MDF-EAC,1400,,OD400 - Umhlanga
0,OD400,,BD Milky Bar 12'',exotic,internal,0,BD Milky Bar 12'',,CEX-MIL-12,950,,OD400 - Umhlanga
0,OD400,,BD Milky Bar 14'',exotic cakes,internal,0,BD Milky Bar 14'',,CEX-MIL-14,1050,,OD400 - Umhlanga
0,OD400,,Milky Bar Swissroll Slice,exotic cakes,internal,0,Milky Bar Swissroll Slice,,CEX-MIL-EAC,36,,OD400 - Umhlanga
0,OD400,,Mini Pecan Nut Tart,exotic cakes,internal,0,Mini Pecan Nut Tart,,CEX-MPN-EAC,25,,OD400 - Umhlanga
0,OD400,,Malva Pudding Tartlet,exotic cakes,internal,0,Malva Pudding Tartlet,,CEX-MPT-EAC,16,,OD400 - Umhlanga
0,OD400,,Cream Cheese Rainbow Cake,exotic cakes,internal,0,Cream Cheese Rainbow Cake,,CEX-MRC-EAC,350,,OD400 - Umhlanga
0,OD400,,Cream Cheese Rainbow Slice,exotic cakes,internal,0,Cream Cheese Rainbow Slice,,CEX-MRS-EAC,43,,OD400 - Umhlanga
0,OD400,,Moist Vanilla Cake with Caramel Drizzle,exotic cakes,internal,14092,Moist Vanilla Cake with Caramel Drizzle,,CEX-MVC-EAC,75,,OD400 - Umhlanga
0,OD400,,New York Baked Blueberry Cheesecake Round,exotic cakes,internal,0,New York Baked Blueberry Cheesecake Round,,CEX-NBC-EAC,360,,OD400 - Umhlanga
0,OD400,,12'' Nibbed Nuts Only,miscellenous,internal,0,12'' Nibbed Nuts Only,,CEX-NUT-12,80,,OD400 - Umhlanga
0,OD400,,14'' Nibbed Nuts Only,miscellaneous,internal,0,14'' Nibbed Nuts Only,,CEX-NUT-14,80,,OD400 - Umhlanga
0,OD400,,16'' Nibbed Nuts Only,miscellenous,internal,0,16'' Nibbed Nuts Only,,CEX-NUT-16,120,,OD400 - Umhlanga
0,OD400,,18'' Nibbed Nuts Only,exotic,internal,0,18'' Nibbed Nuts Only,,CEX-NUT-18,120,,OD400 - Umhlanga
0,OD400,,20'' Nibbed Nuts Only,miscellenous,internal,0,20'' Nibbed Nuts Only,,CEX-NUT-20,180,,OD400 - Umhlanga
0,OD400,,22'' Nibbed Nuts Only,miscellenous,internal,0,22'' Nibbed Nuts Only,,CEX-NUT-22,180,,OD400 - Umhlanga
0,OD400,,New York Baked Cheese Cake Slice,exotic cakes,internal,0,New York Baked Cheese Cake Slice,,CEX-NYC-EAC,50,,OD400 - Umhlanga
10,OD400,,Portuguese Custard Tart,exotic,external,0,Portuguese Custard Tart,,CEX-PCT-EAC,22,,OD400 - Umhlanga
0,OD400,,12'' Peaches Slices Only,miscellenous,internal,0,12'' Peaches Slices Only,,CEX-PEA-12,80,,OD400 - Umhlanga
0,OD400,,14'' Peaches Slices Only,miscellaneous,internal,0,14'' Peaches Slices Only,,CEX-PEA-14,80,,OD400 - Umhlanga
0,OD400,,16'' Peaches Slices Only,miscellaneous,internal,0,16'' Peaches Slices Only,,CEX-PEA-16,120,,OD400 - Umhlanga
0,OD400,,18'' Peaches Slices Only,miscellenous,internal,0,18'' Peaches Slices Only,,CEX-PEA-18,180,,OD400 - Umhlanga
0,OD400,,20'' Peaches Slices Only,miscellenous,internal,0,20'' Peaches Slices Only,,CEX-PEA-20,180,,OD400 - Umhlanga
0,OD400,,22'' Peaches Slices Only,miscellaneous,internal,0,22'' Peaches Slices Only,,CEX-PEA-22,180,,OD400 - Umhlanga
0,OD400,,Pecan Nut Tartlet,exotic cakes,internal,0,Pecan Nut Tartlet,,CEX-PET-EACH,20,,OD400 - Umhlanga
0,OD400,,Pecan Nut Tart,exotic cakes,internal,14016,Pecan Nut Tart,,CEX-PNT-EAC,35,,OD400 - Umhlanga
0,OD400,,BD 16 Red Velvet Square,exotic cakes,internal,30778,BD 16 Red Velvet Square,,CEX-RED-016,1200,,OD400 - Umhlanga
0,OD400,,OREO CAKE,exotic cakes,internal,14059,OREO CAKE,,CEX-RMC-EAC,350,,OD400 - Umhlanga
0,OD400,,Red velvet Swissroll,exotic cakes,internal,14060,Red velvet Swissroll,,CEX-RSW-EAC,35,,OD400 - Umhlanga
0,OD400,,BC 14'' Round Triple Layer Rose Pattern,novelty,internal,0,BC 14'' Round Triple Layer Rose Pattern,,CEX-RTR-14,1000,,OD400 - Umhlanga
0,OD400,,BC 16'' Round Triple Layer Rose Pattern,novelty,internal,0,BC 16'' Round Triple Layer Rose Pattern,,CEX-RTR-16,1100,,OD400 - Umhlanga
0,OD400,,BC 18'' Round Triple Layer Rose Pattern,novelty,internal,0,BC 18'' Round Triple Layer Rose Pattern,,CEX-RTR-18,1250,,OD400 - Umhlanga
0,OD400,,BC 20'' Round Triple Layer Rose Pattern,novelty,internal,0,BC 20'' Round Triple Layer Rose Pattern,,CEX-RTR-20,1500,,OD400 - Umhlanga
0,OD400,,Red Velvet Cupcakes,exotic cakes,internal,14017,Red Velvet Cupcakes,,CEX-RVC-EAC,21,,OD400 - Umhlanga
0,OD400,,Red Velvet Gateaux,exotic cakes,internal,30776,Red Velvet Gateaux,,CEX-RVG-EAC,150,,OD400 - Umhlanga
0,OD400,,Red Velvet Log,exotic cakes,internal,14019,Red Velvet Log,,CEX-RVL-EAC,70,,OD400 - Umhlanga
0,OD400,,Red Velvet Slice,exotic cakes,internal,14020,Red Velvet Slice,,CEX-RVS-EAC,35,,OD400 - Umhlanga
0,OD400,,Cake Tiramisu,exotic cakes,internal,14021,Cake Tiramisu,,CEX-TIR-EAC,180,,OD400 - Umhlanga
0,OD400,,tirumisu slice,exotic cakes,internal,14022,tirumisu slice,,CEX-TIS-EAC,33,,OD400 - Umhlanga
0,OD400,,Tirumisu round,exotic cakes,internal,14023,Tirumisu round,,CEX-TRO-EAC,180,,OD400 - Umhlanga
0,OD400,,BD Milky Bar 16'',exotic cakes,internal,0,BD Milky Bar 16'',,CEZ-MIL-16,1200,,OD400 - Umhlanga
0,OD400,,BD 14''  Freshcream Alphabet Cake,novelty,internal,0,BD 14'' Freshcream Alphabet Cake,,CFA-FAC-014,630,,OD400 - Umhlanga
0,OD400,,BD 16'' Eggless Freshcream Alphabet Cake,novelty,internal,0,BD 16'' Eggless Freshcream Alphabet Cake,,CFA-FAE-016,800,,OD400 - Umhlanga
0,OD400,,Belgica Tart,freshcream cake,internal,12022,Belgica Tart,,CFC-BET-EAC,80,,OD400 - Umhlanga
0,OD400,,Belgica Tartlet,freshcream cake,internal,12023,Belgica Tartlet,,CFC-BTL-EAC,35,,OD400 - Umhlanga
0,OD400,,FC Black Forest Slice,freshcream cake,internal,12009,FC Black Forest Slice,,CFC-CBS-EAC,25,,OD400 - Umhlanga
0,OD400,,Carrot Cake With Cream Cheese,freshcream cake,internal,30866,Carrot Cake With Cream Cheese,,CFC-CCC-EAC,85,,OD400 - Umhlanga
0,OD400,,Custard Doughnut,freshcream cakes,internal,12035,Custard Doughnut,,CFC-CCD-EAC,20,,OD400 - Umhlanga
0,OD400,,Christmas Freshcream Eggless Gateaux,freshcream cake,internal,0,Christmas Freshcream Eggless Gateaux,,CFC-CFE-EACH,170,,OD400 - Umhlanga
0,OD400,,Custard Danish,freshcream cake,internal,12024,Custard Danish,,CFC-CUD-EAC,28,,OD400 - Umhlanga
0,OD400,,Custard Slice,freshcream cake ,internal,12025,Custard Slice,,CFC-CUS-EAC,28,,OD400 - Umhlanga
0,OD400,,BD 1M X500 FC Eggless,freshcream 1mx 500,internal,0,BD 1M X500 FC Eggless,,CFC-EF1-1M,3500,,OD400 - Umhlanga
0,OD400,,Eggless Milk Tartlet,freshcream cake,internal,0,Eggless Milk Tartlet,,CFC-EMT-EACH,28,,OD400 - Umhlanga
0,OD400,,FC Black Forest Gateaux,freshcream cake,internal,12004,FC Black Forest Gateaux,,CFC-FBF-EAC,290,,OD400 - Umhlanga
0,OD400,,FC Birthday Gateaux,freshcream cake,internal,12002,FC Birthday Gateaux,,CFC-FBG-EAC,130,,OD400 - Umhlanga
0,OD400,,Fresh Cream Doughnut,freshcream cake,internal,12015,Fresh Cream Doughnut,,CFC-FCD-EAC,20,,OD400 - Umhlanga
0,OD400,,FC Eclair Chocolate,freshcream cakes,internal,12027,FC Eclair Chocolate,,CFC-FCE-EAC,25,,OD400 - Umhlanga
0,OD400,,FC Chocolate Gateaux,freshcream cake,internal,12006,FC Chocolate Gateaux,,CFC-FCG-EAC,140,,OD400 - Umhlanga
0,OD400,,Christmas Freshcream Choc Gateaux,freshcream cake,internal,12037,Christmas Freshcream Choc Gateaux,,CFC-FCJ-EAC,180,,OD400 - Umhlanga
0,OD400,,FC Fresh Cream Slice,freshcream cake,internal,12010,FC Fresh Cream Slice,,CFC-FCL-EAC,25,,OD400 - Umhlanga
0,OD400,,FC Lamington Chocolate,freshcream cake,internal,12012,FC Lamington Chocolate,,CFC-FCM-EAC,25,,OD400 - Umhlanga
0,OD400,,FC Caramel Sponge,exotic cakes,internal,12030,FC Caramel Sponge,,CFC-FCP-EAC,80,,OD400 - Umhlanga
0,OD400,,FC Croissant 80g,freshcream cake,internal,12026,FC Croissant 80g,,CFC-FCR-EAC,25,,OD400 - Umhlanga
0,OD400,,FC Chocolate Swiss Roll,freshcream cake,internal,12014,FC Chocolate Swiss Roll,,CFC-FCS-EAC,95,,OD400 - Umhlanga
0,OD400,,Cake Freshcream In Dome Eggless,freshcream cake,internal,8102,Cake Freshcream In Dome Eggless,,CFC-FDD-EAC,100,,OD400 - Umhlanga
0,OD400,,Cake Buttercream In Dome Eggless,buttercream cake,internal,8101,Cake Buttercream In Dome Eggless,,CFC-FDI-EAC,80,,OD400 - Umhlanga
0,OD400,,FC Eggless Birthday Gateaux,freshcream cake,internal,30519,FC Eggless Birthday Gateaux,,CFC-FEB-EAC,180,,OD400 - Umhlanga
0,OD400,,FC Eggless Vanilla Gateaux,freshcream cake,internal,12007,FC Eggless Vanilla Gateaux,,CFC-FEG-EAC,160,,OD400 - Umhlanga
0,OD400,,FC Eggless Slice,freshcream cake,internal,30621,FC Eggless Slice,,CFC-FES-EAC,26,,OD400 - Umhlanga
0,OD400,,FC Milky Bar Slice,exotic cakes,internal,12011,FC Milky Bar Slice,,CFC-FMS-EAC,18,,OD400 - Umhlanga
0,OD400,,FC Lamington Raspberry,freshcream cake,internal,12013,FC Lamington Raspberry,,CFC-FRL-EAC,25,,OD400 - Umhlanga
0,OD400,,Mini Jam TurnOvers,buttercream cake,internal,0,Mini Jam TurnOvers,,CFC-FRM-EAC,13,,OD400 - Umhlanga
0,OD400,,BD Fruit Cake 10,fruit cake,internal,10079,BD Fruit Cake 10,,CFC-FRU-010,950,,OD400 - Umhlanga
0,OD400,,BDFruit Cake 12,fruit cake,internal,10080,BDFruit Cake 12,,CFC-FRU-012,1000,,OD400 - Umhlanga
0,OD400,,BD Fruit Cake 14,fruit cake,internal,10081,BD Fruit Cake 14,,CFC-FRU-014,1100,,OD400 - Umhlanga
0,OD400,,BD Fruit Cake 16,fruit cake,internal,10082,BD Fruit Cake 16,,CFC-FRU-016,1150,,OD400 - Umhlanga
0,OD400,,Fruit Cake Pieces Unwrapped,fruit cake,internal,0,Fruit Cake Pieces Unwrapped,,CFC-FRU-EAU,9,,OD400 - Umhlanga
0,OD400,,Fruit Cake Pieces Wrapped,fruit cake,internal,0,Fruit Cake Pieces Wrapped,,CFC-FRU-EAW,12,,OD400 - Umhlanga
0,OD400,,FC Strawberry Sponge,freshcream cake,internal,12031,FC Strawberry Sponge,,CFC-FSS-EAC,100,,OD400 - Umhlanga
0,OD400,,Mothers Day Eggless Freshcream Gateaux,freshcream cake,internal,12034,Mothers Day Eggless Freshcream Gateaux,,CFC-MEG-EAC,180,,OD400 - Umhlanga
0,OD400,,Mini FC D/N,freshcream cake,internal,0,Mini FC D/N,,CFC-MFD-EAC,14,,OD400 - Umhlanga
0,OD400,,Mini Freshcream Eclairs,freshcream cakes,internal,0,Mini Freshcream Eclairs,,CFC-MFE-EAC,14,,OD400 - Umhlanga
0,OD400,,Mothers Day FC Choc Gateaux with rose and leaves,freshcream cakes,internal,12033,Mothers Day FC Choc Gateaux with rose and leaves,,CFC-MFG-EAC,160,,OD400 - Umhlanga
0,OD400,,Mini CreamPuffs,buttercream cake,internal,0,Mini CreamPuffs,,CFC-MFL-EAC,13,,OD400 - Umhlanga
0,OD400,,Mini Milk Tart,freshcream cake,internal,0,Mini Milk Tart,,CFC-MMT-EAC,15,,OD400 - Umhlanga
0,OD400,,Milk Tart Large,freshcream cake,internal,12028,Milk Tart Large,,CFC-MTA-EAC,55,,OD400 - Umhlanga
0,OD400,,Milk Tartlet,freshcream cakes,internal,12029,Milk Tartlet,,CFC-MTL-EAC,24,,OD400 - Umhlanga
61.2,OD400,,No Bake Cake,freshcream cake,internal,12032,No Bake Cake,,CFC-NOB-EAC,24,,OD400 - Umhlanga
0,OD400,,BD Round Fruitcake 12,fruit cake round,internal,30340,BD Round Fruitcake 12,,CFR-CFR-012,1100,,OD400 - Umhlanga
0,OD400,,BD Round Fruitcake 14,fruit cak eround,internal,30363,BD Round Fruitcake 14,,CFR-CFR-014,1200,,OD400 - Umhlanga
0,OD400,,BD Round Fruitcake 16,fruit cake round,internal,30364,BD Round Fruitcake 16,,CFR-CFR-016,1300,,OD400 - Umhlanga
0,OD400,,BD WC Fruit 2 Layer,wedding cake,internal,10100,BD WC Fruit 2 Layer,,CFW-CAF-002,3900,,OD400 - Umhlanga
0,OD400,,BD WC Fruit 3 Layer,wedding cake,internal,10101,BD WC Fruit 3 Layer,,CFW-CAF-003,4900,,OD400 - Umhlanga
140,OD400,,Betasan Gel Sanitizer Refills,consumables,external,0,Betasan Gel Sanitizer Refills,,CLE-BGS-EAC,,,OD400 - Umhlanga
850,OD400,,Monthly Pest Control,pest control,external,0,Monthly Pest Control,,CLE-MPP-EAC,,,OD400 - Umhlanga
110,OD400,,Hx11 Soap Refills,-2146826246,-2146826246,-2146826246,-2146826246,,CLE-SOR-EAC,,,OD400 - Umhlanga
50,OD400,,Viper Boards,consumables,external,0,Viper Boards,,CLE-VIB-EAC,,,OD400 - Umhlanga
0,OD400,,BD Buttercream 1mx500,buttercream 1mx500,internal,10083,BD Buttercream 1mx500,,CNO-BC1-1X5,2400,,OD400 - Umhlanga
0,OD400,,BD Buttercream 16 Bible,novelty,internal,10060,BD Buttercream 16 Bible,,CNO-BCB-016,870,,OD400 - Umhlanga
0,OD400,,BD Buttercream 18 Bible,novelty,internal,10065,BD Buttercream 18 Bible,,CNO-BCB-018,920,,OD400 - Umhlanga
0,OD400,,BD Buttercream 20 Bible,novelty,internal,10068,BD Buttercream 20 Bible,,CNO-BCB-020,980,,OD400 - Umhlanga
0,OD400,,BD Buttercream 1mx500 Eggless,buttercream cake 1mx500,internal,0,BD Buttercream 1mx500 Eggless,,CNO-BCE-1X5,3100,,OD400 - Umhlanga
0,OD400,,BD Buttercream 16 Heart,novelty,internal,10063,BD Buttercream 16 Heart,,CNO-BCH-016,870,,OD400 - Umhlanga
0,OD400,,BD Buttercream 18 Heart,novelty,internal,10067,BD Buttercream 18 Heart,,CNO-BCH-018,920,,OD400 - Umhlanga
0,OD400,,BD Buttercream 20 Heart,novelty,internal,10036,BD Buttercream 20 Heart,,CNO-BCH-020,980,,OD400 - Umhlanga
0,OD400,,BD Buttercream 14 Soccer,novelty,internal,10059,BD Buttercream 14 Soccer,,CNO-BCS-014,720,,OD400 - Umhlanga
0,OD400,,BD Buttercream 16 Soccer,novelty,internal,10064,BD Buttercream 16 Soccer,,CNO-BCS-016,760,,OD400 - Umhlanga
0,OD400,,BD Mould On SL 18,novelty,internal,10085,BD Mould On SL 18,,CNO-BNY-018,1500,,OD400 - Umhlanga
0,OD400,,BD Buttercream 14 Butterfly,novelty,internal,10057,BD Buttercream 14 Butterfly,,CNO-BUT-014,950,,OD400 - Umhlanga
0,OD400,,BD Buttercream 16 Butterfly,novelty,internal,10062,BD Buttercream 16 Butterfly,,CNO-BUT-016,1000,,OD400 - Umhlanga
0,OD400,,BD Castle,novelty,internal,10087,BD Castle,,CNO-CAS-018,1700,,OD400 - Umhlanga
0,OD400,,BD Buttercream 20 Double Heart With Base,novelty,internal,10167,BD Buttercream 20 Double Heart With Base,,CNO-DHB-020,1400,,OD400 - Umhlanga
0,OD400,,BD Buttercream 14 Doll,novelty,internal,10058,BD Buttercream 14 Doll,,CNO-DOLL-014,870,,OD400 - Umhlanga
0,OD400,,BD Buttercream 16 Doll,novelty,internal,10061,BD Buttercream 16 Doll,,CNO-DOLL-016,920,,OD400 - Umhlanga
0,OD400,,BD Freshcream 1mx500,freshcream 1mx 500,internal,10084,BD Freshcream 1mx500,,CNO-FC1-1X5,2700,,OD400 - Umhlanga
0,OD400,,BD 16 Freshcream BIBLE,novelty,internal,30469,BD 16 Freshcream BIBLE,,CNO-FCB-016,920,,OD400 - Umhlanga
0,OD400,,BD Freshcream 18 Bible,novelty,internal,10071,BD Freshcream 18 Bible,,CNO-FCB-018,970,,OD400 - Umhlanga
0,OD400,,BD Freshcream 20 Bible,novelty,internal,10073,BD Freshcream 20 Bible,,CNO-FCB-020,1050,,OD400 - Umhlanga
0,OD400,,BD Freshcream 1m x 500 Eggless,freshcream cakes 1mx500 eggless,internal,0,BD Freshcream 1m x 500 Eggless,,CNO-FCE-1X5,3600,,OD400 - Umhlanga
0,OD400,,BD Freshcream 16 Heart,novelty,internal,10070,BD Freshcream 16 Heart,,CNO-FCH-016,920,,OD400 - Umhlanga
0,OD400,,BD Freshcream 18 Heart,novelty,internal,10072,BD Freshcream 18 Heart,,CNO-FCH-018,970,,OD400 - Umhlanga
0,OD400,,BD Freshcream 20 Heart,novelty,internal,10027,BD Freshcream 20 Heart,,CNO-FCH-020,1050,,OD400 - Umhlanga
0,OD400,,BD Freshcream 14 Soccer,novelty,internal,10069,BD Freshcream 14 Soccer,,CNO-FCS-014,760,,OD400 - Umhlanga
0,OD400,,BD Freshcream 16 Soccer,novelty,internal,10074,BD Freshcream 16 Soccer,,CNO-FCS-016,800,,OD400 - Umhlanga
0,OD400,,BD FC With Strawberries & Fence,novelty,internal,0,BD FC With Strawberries & Fence,,CNO-FSF-014,950,,OD400 - Umhlanga
0,OD400,,BD Spiderman On SL 18,novelty,internal,10086,BD Spiderman On SL 18,,CNO-SPI-018,1600,,OD400 - Umhlanga
6.4058,OD400,,Coke Zero 440ml can,drink,external,0,Coke Zero 440ml can,,DRI- CZE-440,18,,OD400 - Umhlanga
0,OD400,,Americano Short,drink,internal,0,Americano Short,,DRI-AME-250ML,25,,OD400 - Umhlanga
0,OD400,,Americano Tall,drink,internal,0,Americano Tall,,DRI-AME-350ML,30,,OD400 - Umhlanga
10.6737,OD400,,Appletiser 330ml CAN,drink,external,6001048004481,Appletiser 330ml CAN,,DRI-APT-330,20,,OD400 - Umhlanga
29.57,OD400,,Clover Bliss Double cream yogurt,ingredient,external,0,Clover Bliss Double cream yogurt,,DRI-BLI-EAC,15,,OD400 - Umhlanga
11.2862,OD400,,Cappy Breakfast Blend 330ml,drink,external,5449000256010,Cappy Breakfast Blend 330ml,,DRI-CBB-EAC,20,,OD400 - Umhlanga
0,OD400,,Coffee Freezo,drink,internal,0,Coffee Freezo,,DRI-CFR=EAC,4040,,OD400 - Umhlanga
0,OD400,,Chai Latte Short,drink,internal,0,Chai Latte Short,,DRI-CHA-350ML,32,,OD400 - Umhlanga
0,OD400,,Chocolate Freezo Short,drink,internal,0,Chocolate Freezo Short,,DRI-CHF-250ML,45,,OD400 - Umhlanga
0,OD400,,Chocolate Freezo Tall,drink,internal,0,Chocolate Freezo Tall,,DRI-CHF-350ML,50,,OD400 - Umhlanga
0,OD400,,Chai Latte Tall,drink,internal,0,Chai Latte Tall,,DRI-CHL-EACH,36,,OD400 - Umhlanga
0,OD400,,Coca-Cola 1250ml,drink,external,5449000009746,Coca-Cola 1250ml,,DRI-COC-125,12,,OD400 - Umhlanga
13.7316,OD400,,Coca-Cola 1L,drink,external,5449000054227,Coca-Cola 1L,,DRI-COC-1LT,22,,OD400 - Umhlanga
21.7246,OD400,,Coca-Cola 2l,drink,external,5449000009067,Coca-Cola 2l,,DRI-COC-2LT,30,,OD400 - Umhlanga
0,OD400,,Coca-Cola 300ml Bottle,drink,external,2003,Coca-Cola 300ml Bottle,,DRI-COC-300,7,,OD400 - Umhlanga
8.9783,OD400,,Coca-Cola 300ml Can,drink,external,5449000256805,Coca-Cola 300ml Can,,DRI-COC-330,15,,OD400 - Umhlanga
10.007,OD400,,Coca-Cola 440ml Buddy,drink,external,5449000664686,Coca-Cola 440ml Buddy,,DRI-COC-500,20,,OD400 - Umhlanga
9.665,OD400,,Coca-Cola Light 1250ml,drink,external,5449000140913,Coca-Cola Light 1250ml,,DRI-COL-125,12,,OD400 - Umhlanga
15.0966,OD400,,Coke Light 2250ml,drink,external,0,Coke Light 2250ml,,DRI-COL-225,28,,OD400 - Umhlanga
17.3333,OD400,,Coca-Cola Light 2l,drink,external,5449000050229,Coca-Cola Light 2l,,DRI-COL-2LT,30,,OD400 - Umhlanga
0,OD400,,Coke 300ml Can,drink,external,549000256805,Coke 300ml Can,,DRI-COL-300C,13,,OD400 - Umhlanga
9.1736,OD400,,Coca-Cola Light 330ml Can,drink,external,5449000050205,Coca-Cola Light 330ml Can,,DRI-COL-330,15,,OD400 - Umhlanga
10.007,OD400,,Coca-Cola Light 500ml,drink,external,5449000664709,Coca-Cola Light 500ml,,DRI-COL-500,18,,OD400 - Umhlanga
9.1737,OD400,,Coke 500ml can,drink,external,,Coke 500ml can,,DRI-COL-500ML,18,,OD400 - Umhlanga
0,OD400,,Cortado Short,drink,internal,0,Cortado Short,,DRI-COR-250ML,35,,OD400 - Umhlanga
0,OD400,,Coke Zero 2250ml,drink,external,0,Coke Zero 2250ml,,DRI-COZ-2250,28,,OD400 - Umhlanga
17.3433,OD400,,Coca-Cola Zero 2l,drink,external,5449000131843,Coca-Cola Zero 2l,,DRI-COZ-2LT,30,,OD400 - Umhlanga
0,OD400,,Coca-Cola Zero 300ml Can,drink,external,5449000256898,Coca-Cola Zero 300ml Can,,DRI-COZ-330,13,,OD400 - Umhlanga
10.007,OD400,,Coca-Cola Zero 500ml,ingredient,external,5449000131836,Coca-Cola Zero 500ml,,DRI-COZ-500,18,,OD400 - Umhlanga
11.2862,OD400,,Cappy Passion Peach,drink,external,5449000255792,Cappy Passion Peach,,DRI-CPP-EAC,20,,OD400 - Umhlanga
0,OD400,,Cappy Trop Punch 330ml,drink,external,5449000255693,Cappy Trop Punch 330ml,,DRI-CTP-330,18,,OD400 - Umhlanga
0,OD400,,Espresso  Short,drink,internal,0,Espresso Short,,DRI-ESS-250ML,22,,OD400 - Umhlanga
0,OD400,,Espresso Tall,drink,internal,0,Espresso Tall,,DRI-ESS-350ML,26,,OD400 - Umhlanga
10.29,OD400,,Fanta Grape,drink,external,54490000252346,Fanta Grape,,DRI-FAG-1LT,22,,OD400 - Umhlanga
18.0283,OD400,,Fanta Grape 2l,drink,external,5449000010070,Fanta Grape 2l,,DRI-FAG-2LT,30,,OD400 - Umhlanga
6.6258,OD400,,Fanta Grape 300ml Bottle,drink,external,2004,Fanta Grape 300ml Bottle,,DRI-FAG-300,9,,OD400 - Umhlanga
6.4058,OD400,,Fanta Grape 300ml CAN,drink,external,5449000257093,Fanta Grape 300ml CAN,,DRI-FAG-330,13,,OD400 - Umhlanga
8.8287,OD400,,Fanta Grape 440ml Buddy,drink,external,5449000664723,Fanta Grape 440ml Buddy,,DRI-FAG-500,20,,OD400 - Umhlanga
19.4783,OD400,,Fanta Orange 2l,drink,external,5449000010049,Fanta Orange 2l,,DRI-FAO-2LT,30,,OD400 - Umhlanga
0,OD400,,Fanta Orange 300ml Bottle,drink,external,2008,Fanta Orange 300ml Bottle,,DRI-FAO-300,7,,OD400 - Umhlanga
9.1737,OD400,,Fanta Orange 300ml Can,drink,external,5449000257000,Fanta Orange 300ml Can,,DRI-FAO-330,15,,OD400 - Umhlanga
10.007,OD400,,Fanta Orange 440ml Buddy,drink,external,5449000664754,Fanta Orange 440ml Buddy,,DRI-FAO-500,20,,OD400 - Umhlanga
18.7533,OD400,,Fanta Pineapple 2l,drink,external,5449000003768,Fanta Pineapple 2l,,DRI-FAP-2LT,30,,OD400 - Umhlanga
0,OD400,,Fanta Pine 300ml Bottle,drink,external,2007,Fanta Pine 300ml Bottle,,DRI-FAP-300,9,,OD400 - Umhlanga
0,OD400,,Fanta Pineapple 330ml Can,drink,external,5449000003201,Fanta Pineapple 330ml Can,,DRI-FAP-330,15,,OD400 - Umhlanga
9.2933,OD400,,Fanta Pineapple 440ml Buddy,drink,external,5449000664747,Fanta Pineapple 440ml Buddy,,DRI-FAP-500,20,,OD400 - Umhlanga
10.935,OD400,,Fanta 1 litre,drink,external,0,Fanta 1 litre,,DRI-FAS-125,22,,OD400 - Umhlanga
0,OD400,,Flat White Short,drink,internal,0,Flat White Short,,DRI-FLW-250ML,30,,OD400 - Umhlanga
0,OD400,,Flat White Tall,drink,internal,0,Flat White Tall,,DRI-FLW-350ML,35,,OD400 - Umhlanga
9.1737,OD400,,Fanta Orange Can 500ml,drink,external,5449000050809,Fanta Orange Can 500ml,,DRI-FOC-500ML,18,,OD400 - Umhlanga
0,OD400,,Five Roses Tea Short,drink,internal,0,Five Roses Tea Short,,DRI-FRT-250ML,25,,OD400 - Umhlanga
0,OD400,,Five Roses Tea Tall,drink,internal,0,Five Roses Tea Tall,,DRI-FRT-350ML,28,,OD400 - Umhlanga
10.6737,OD400,,Grapetiser 330ml Can,drink,external,6001048004511,Grapetiser 330ml Can,,DRI-GRA-330,20,,OD400 - Umhlanga
0,OD400,,Grapetiser Wht 330ml Can,drink,external,6001048003897,Grapetiser Wht 330ml Can,,DRI-GRW-330,20,,OD400 - Umhlanga
0,OD400,,Hot Chocolate Short,drink,internal,0,Hot Chocolate Short,,DRI-HOC-250ML,38,,OD400 - Umhlanga
0,OD400,,Hot Chocolate Tall,drink,internal,0,Hot Chocolate Tall,,DRI-HOC-350ML,45,,OD400 - Umhlanga
0,OD400,,Iron Brew1.25ml,drink,external,0,Iron Brew1.25ml,,DRI-IBR-125,12,,OD400 - Umhlanga
0,OD400,,Iced Cappuccino Short,drink,internal,0,Iced Cappuccino Short,,DRI-ICC-250ML,32,,OD400 - Umhlanga
0,OD400,,Iced Cappuccino Tall,drink,internal,0,Iced Cappuccino Tall,,DRI-ICC-350ML,38,,OD400 - Umhlanga
0,OD400,,Iced Coffee Freezo Short,drink,internal,0,Iced Coffee Freezo Short,,DRI-ICF-250ML,40,,OD400 - Umhlanga
0,OD400,,Iced Coffee Freezo Tall,drink,internal,0,Iced Coffee Freezo Tall,,DRI-ICF-350ML,45,,OD400 - Umhlanga
0,OD400,,Iced Chai Latte Short,drink,internal,0,Iced Chai Latte Short,,DRI-ICL-250ML,40,,OD400 - Umhlanga
0,OD400,,Iced Chai Latte Tall,drink,internal,0,Iced Chai Latte Tall,,DRI-ICL-350ML,45,,OD400 - Umhlanga
0,OD400,,Iron Brew 2l,drink,external,6001134297308,Iron Brew 2l,,DRI-IRO-2LT,30,,OD400 - Umhlanga
0,OD400,,Iron Brew 300ml,drink,external,2009,Iron Brew 300ml,,DRI-IRO-300,15,,OD400 - Umhlanga
0,OD400,,Iron Brew 330ml Can,drink,external,5449000106261,Iron Brew 330ml Can,,DRI-IRO-330,15,,OD400 - Umhlanga
16.52,OD400,,Clover Krush 100% Apple,juice,external,6001299049668,Clover Krush 100% Apple,,DRI-KAPP-500ML,25,,OD400 - Umhlanga
17.39,OD400,,Clover Krush 6 Fruit £ Fibre,juice,external,6001299045813,Clover Krush 6 Fruit £ Fibre,,DRI-KFF-500ML,25,,OD400 - Umhlanga
17.39,OD400,,Clover Krush 100% Orange,juice,external,6001299010101,Clover Krush 100% Orange,,DRI-KOR-500ML,25,,OD400 - Umhlanga
0,OD400,,Latte Short,drink,internal,0,Latte Short,,DRI-LATT-250ML,32,,OD400 - Umhlanga
0,OD400,,Macchiato Short,drink,internal,0,Macchiato Short,,DRI-MAC-250ML,26,,OD400 - Umhlanga
0,OD400,,Macchiato Tall,drink,internal,0,Macchiato Tall,,DRI-MAC-350ML,30,,OD400 - Umhlanga
0,OD400,,OD Bubblegum Milkshake,drink,internal,0,OD Bubblegum Milkshake,,DRI-MBU-EAC,40,,OD400 - Umhlanga
0,OD400,,OD Chocolate Milkshake,drink,internal,0,OD Chocolate Milkshake,,DRI-MCH-EAC,40,,OD400 - Umhlanga
15.6991,OD400,,Monster Engery 500ml,drink,external,5060166698874,Monster Engery 500ml,,DRI-MEN-500,25,,OD400 - Umhlanga
0,OD400,,OD Lime Milkshake,drink,internal,0,OD Lime Milkshake,,DRI-MLI-EAC,40,,OD400 - Umhlanga
15.6991,OD400,,Monster Mucho Logo 500ml,drink,external,5060517888299,Monster Mucho Logo 500ml,,DRI-MML-500,25,,OD400 - Umhlanga
0,OD400,,Mocha Short,drink,internal,0,Mocha Short,,DRI-MOC-250ML,40,,OD400 - Umhlanga
0,OD400,,Mocha Tall,drink,internal,0,Mocha Tall,,DRI-MOC-350ML,45,,OD400 - Umhlanga
0,OD400,,Mocha Freezo Short,drink,internal,0,Mocha Freezo Short,,DRI-MOF-250ML,50,,OD400 - Umhlanga
0,OD400,,Mocha Freezo Tall,drink,internal,0,Mocha Freezo Tall,,DRI-MOF-350ML,55,,OD400 - Umhlanga
15.6991,OD400,,Monster Original,drink,external,5060517888664,Monster Original,,DRI-MON-330,25,,OD400 - Umhlanga
0,OD400,,OD Strawberry Milkshake,drink,internal,0,OD Strawberry Milkshake,,DRI-MST-EAC,40,,OD400 - Umhlanga
0,OD400,,OD Vanilla Milkshake,drink,internal,0,OD Vanilla Milkshake,,DRI-MVA-EAC,40,,OD400 - Umhlanga
0,OD400,,OD Berry Smoothie,drink,internal,0,OD Berry Smoothie,,DRI-OBS-EAC,65,,OD400 - Umhlanga
0,OD400,,OD Mango Smoothie,drink,internal,0,OD Mango Smoothie,,DRI-OMS-EAC,65,,OD400 - Umhlanga
0,OD400,,OD Oreo Milkshake,drink,internal,0,OD Oreo Milkshake,,DRI-OOM-EAC,45,,OD400 - Umhlanga
0,OD400,,OD Peanut Butter Smoothie,drink,internal,0,OD Peanut Butter Smoothie,,DRI-OSP-EAC,65,,OD400 - Umhlanga
11.442,OD400,,Powerade Blueberry 500ml,drink,external,54490482,Powerade Blueberry 500ml,,DRI-PBB-EAC,20,,OD400 - Umhlanga
6.8045,OD400,,Predator Gold Energy Drink 500ml,drink,external,5060517888848,Predator Gold Energy Drink 500ml,,DRI-PGE-500,20,,OD400 - Umhlanga
11.442,OD400,,Powerade Jagged Ice,drink,external,90492488,Powerade Jagged Ice,,DRI-PJI-EAC,20,,OD400 - Umhlanga
10.6412,OD400,,Powerade Naartjie,drink,external,90492501,Powerade Naartjie,,DRI-PNA-500ML,20,,OD400 - Umhlanga
0,OD400,,Powerplay,drink,external,0,Powerplay,,DRI-PPL-EAC,20,,OD400 - Umhlanga
13.04,OD400,,Red Bull 250ml,drink,external,9002490100070,Red Bull 250ml,,DRI-REB-EAC,25,,OD400 - Umhlanga
0,OD400,,Red Cappuccino,drink,external,0,Red Cappuccino,,DRI-REC-350ML,40,,OD400 - Umhlanga
0,OD400,,Spar C/Soda 1250ml,drink,external,2017,Spar C/Soda 1250ml,,DRI-SCS-125,12,,OD400 - Umhlanga
16.8983,OD400,,Spar C\Soda 2lt,drink,external,6001134087305,Spar C\Soda 2lt,,DRI-SCS-2LT,30,,OD400 - Umhlanga
9.6704,OD400,,Spar C/Soda 300ml,drink,external,5449000257536,Spar C/Soda 300ml,,DRI-SCS-300,15,,OD400 - Umhlanga
8.0212,OD400,,Spar C/Soda 330ml Can,drink,external,5449000106322,Spar C/Soda 330ml Can,,DRI-SCS-330,15,,OD400 - Umhlanga
10.007,OD400,,Spar Cream Soda 440ml Buddy,drink,external,5449000664846,Spar Cream Soda 440ml Buddy,,DRI-SCS-500,20,,OD400 - Umhlanga
0,OD400,,Spar Iron Brew 1250ml,drink,external,2011,Spar Iron Brew 1250ml,,DRI-SIB-125,12,,OD400 - Umhlanga
9.1737,OD400,,Sprite 500ml Can,drink,external,,Sprite 500ml Can,,DRI-SPI-500,18,,OD400 - Umhlanga
0,OD400,,Spar Pine Nut 1250ml,drink,external,2012,Spar Pine Nut 1250ml,,DRI-SPN-125,12,,OD400 - Umhlanga
12.5883,OD400,,Spar Sparbry Pine Nut 2ltr,drink,external,5449000117977,Spar Sparbry Pine Nut 2ltr,,DRI-SPN-2LT,30,,OD400 - Umhlanga
10.935,OD400,,Sprite 1 litre,drink,external,5449000234612,Sprite 1 litre,,DRI-SPR-125,22,,OD400 - Umhlanga
19.4783,OD400,,Sprite 2l,drink,external,5449000234636,Sprite 2l,,DRI-SPR-2LT,30,,OD400 - Umhlanga
8.2862,OD400,,Sprite 300ml Can,drink,external,5449000257222,Sprite 300ml Can,,DRI-SPR-300,15,,OD400 - Umhlanga
8.4675,OD400,,Sprite 330ml Can,drink,external,5449000014535,Sprite 330ml Can,,DRI-SPR-330,15,,OD400 - Umhlanga
9.1737,OD400,,Sprite 400ml can,drink,external,5449000257239,Sprite 400ml can,,DRI-SPR-440,15,,OD400 - Umhlanga
10.007,OD400,,Sprite 440ml Buddy,drink,external,5449000234643,Sprite 440ml Buddy,,DRI-SPR-500,20,,OD400 - Umhlanga
0,OD400,,Sprite Zero 2l,drink,external,5449000104885,Sprite Zero 2l,,DRI-SPZ-2LT,30,,OD400 - Umhlanga
0,OD400,,Sprite Zero 330ml Can,5rink,external,5449000106704,Sprite Zero 330ml Can,,DRI-SPZ-330,15,,OD400 - Umhlanga
8.4675,OD400,,Sprite Zero 500ml,drink,external,5449000109613,Sprite Zero 500ml,,DRI-SPZ-500,18,,OD400 - Umhlanga
10.007,OD400,,Sparletta Raspberry 440ml Buddy,drink,external,5449000664853,Sparletta Raspberry 440ml Buddy,,DRI-SRB-500,20,,OD400 - Umhlanga
0,OD400,,Sparletta 1250ml,drink,external,6001134005507,Sparletta 1250ml,,DRI-SSB-125,12,,OD400 - Umhlanga
16.8983,OD400,,Spar Sparberry 2LTR,drink,external,6001134687307,Spar Sparberry 2LTR,,DRI-SSB-2LT,30,,OD400 - Umhlanga
9.6704,OD400,,Spar Sparbry 300ml Can,drink,external,5449000257628,Spar Sparbry 300ml Can,,DRI-SSB-330,13,,OD400 - Umhlanga
7.2841,OD400,,Spar Stoney 330ml Can,drink,external,5449000106421,Spar Stoney 330ml Can,,DRI-SST-330,15,,OD400 - Umhlanga
10.935,OD400,,Stoney 1 litre,drink,external,5449000064950,Stoney 1 litre,,DRI-STO-125,22,,OD400 - Umhlanga
19.4783,OD400,,Stoney Ginger Beer 2lt,drink,external,6001134707302,Stoney Ginger Beer 2lt,,DRI-STO-2LT,30,,OD400 - Umhlanga
9.1737,OD400,,Stoney 400ml can,drink,external,5449000257413,Stoney 400ml can,,DRI-STO-440,15,,OD400 - Umhlanga
10.007,OD400,,Stoney -gingerbeer 440ml Buddy,drink,external,5449000664808,Stoney -gingerbeer 440ml Buddy,,DRI-STO-500,20,,OD400 - Umhlanga
0,OD400,,Still Water,drink,external,30607,Still Water,,DRI-STW-EAC,15,,OD400 - Umhlanga
12.5883,OD400,,Twist Gran 2l,drink,external,5449000098580,Twist Gran 2l,,DRI-TWG-2LT,30,,OD400 - Umhlanga
0,OD400,,Twist Gran 300ml,drink,external,2016,Twist Gran 300ml,,DRI-TWG-300,15,,OD400 - Umhlanga
6.6258,OD400,,Twist Gran 300ml Can,drink,external,5449000257567,Twist Gran 300ml Can,,DRI-TWG-330,15,,OD400 - Umhlanga
9.2933,OD400,,Twist Gran 440ml Buddy,drink,external,5449000664839,Twist Gran 440ml Buddy,,DRI-TWG-500,20,,OD400 - Umhlanga
12.5883,OD400,,Twist Lemon 2l,drink,external,5449000060082,Twist Lemon 2l,,DRI-TWL-2LT,30,,OD400 - Umhlanga
8.2862,OD400,,Twist Lemon 300ml Can,drink,external,5449000257505,Twist Lemon 300ml Can,,DRI-TWL-330,15,,OD400 - Umhlanga
9.2933,OD400,,Twist Lemon 500ml,drink,external,40822747,Twist Lemon 500ml,,DRI-TWL-500,18,,OD400 - Umhlanga
0,OD400,,Vanilla Freezo,drink,internal,0,Vanilla Freezo,,DRI-VAF-EAC,40,,OD400 - Umhlanga
0,OD400,,Fanta What The Flavour 2litre,drink,external,5449000308146,Fanta What The Flavour 2litre,,DRI-WTF-2LTR,30,,OD400 - Umhlanga
0,OD400,,Juice Krush Fruit Nectar 500ml,juice,external,6001299024634,Juice Krush Fruit Nectar 500ml,,JUI- FNB-500ML,25,,OD400 - Umhlanga
8.3329,OD400,,Energade 500ml Blueberry,drink,external,6001324254371,Energade 500ml Blueberry,,JUI-EBL-500,20,,OD400 - Umhlanga
9.4204,OD400,,Energade 500ml Grape,drink,external,6001324238098,Energade 500ml Grape,,JUI-EGR-500,20,,OD400 - Umhlanga
0,OD400,,Energade 500ml Lemon & Lime,drink,external,6001324217338,Energade 500ml Lemon & Lime,,JUI-ELL-500,20,,OD400 - Umhlanga
8.3329,OD400,,Energade 500ml Mixed Berry,drink,external,6001324299556,Energade 500ml Mixed Berry,,JUI-EMB-500,20,,OD400 - Umhlanga
7.2458,OD400,,Energade 500ml Naartjie,drink,external,6001324217253,Energade 500ml Naartjie,,JUI-ENA-500,20,,OD400 - Umhlanga
0,OD400,,Energade 500ml Orange,drink,external,6001324217178,Energade 500ml Orange,,JUI-ENO-500,20,,OD400 - Umhlanga
8.3329,OD400,,Energade 500ml Tropical,drink,external,6001324238173,Energade 500ml Tropical,,JUI-ETR-500,20,,OD400 - Umhlanga
17.39,OD400,,Clover Krush  100% Mango,juice,external,6001299010118,Clover Krush 100% Mango,,JUI-KRM-500ML,25,,OD400 - Umhlanga
20.86,OD400,,Juice 2l Orange Nectar,juice,external,6001299043079,Juice 2l Orange Nectar,,JUI-ORA-2LT,32,,OD400 - Umhlanga
11.3,OD400,,Juice 500ml Orange Nectar,juice,external,6001299007521,Juice 500ml Orange Nectar,,JUI-ORA-500,16,,OD400 - Umhlanga
12.17,OD400,,Tropika 500ml Orange,juice,external,6001299007965,Tropika 500ml Orange,,JUI-TRO-500,20,,OD400 - Umhlanga
12.17,OD400,,Tropika 500ml Pineapple,juice,external,6001299007972,Tropika 500ml Pineapple,,JUI-TRP-500,20,,OD400 - Umhlanga
0,OD400,,Lamb Samoosa,savoury,external,,Lamb Samoosa,,Lamb Samoosa,8,,OD400 - Umhlanga
0,OD400,,Almond Milk,ingredient,external,0,Almond Milk,,MIL-ALM-EAC,10,,OD400 - Umhlanga
19,OD400,,Milk 1l Full Cream,ingredient,external,6001299025402,Milk 1l Full Cream,,MIL-MFC-1LT,30,,OD400 - Umhlanga
9.5,OD400,,Milk 250ml Full Cream,ingredients,external,6001299025419,Milk 250ml Full Cream,,MIL-MFC-250,18,,OD400 - Umhlanga
11.71,OD400,,Milk 500ml Full Cream,miscellaneous,external,6001299025440,Milk 500ml Full Cream,,MIL-MFC-500,16,,OD400 - Umhlanga
0,OD400,,Oat Milk,ingredient,external,0,Oat Milk,,MIL-OAT-EAC,10,,OD400 - Umhlanga
11.3,OD400,,Super M 300ml Banana,drink,external,6001299044540,Super M 300ml Banana,,MIL-SMB-EAC,18,,OD400 - Umhlanga
11.3,OD400,,Super M 300ml Chocolate,drink,external,6001299044601,Super M 300ml Chocolate,,MIL-SMC-EAC,18,,OD400 - Umhlanga
11.3,OD400,,Super M 300ml Cream Soda,drink,external,6001299044663,Super M 300ml Cream Soda,,MIL-SMO-EAC,18,,OD400 - Umhlanga
11.3,OD400,,Super M 300ml Strawberry,drink,external,6001299044519,Super M 300ml Strawberry,,MIL-SMS-EAC,18,,OD400 - Umhlanga
0,OD400,,Soy Milk,ingredient,external,0,Soy Milk,,MIL-SOY-EAC,10,,OD400 - Umhlanga
0,OD400,,Colour Cream - 12'',miscellaneous,internal,0,Colour Cream - 12'',,MIS - CCB-12,80,,OD400 - Umhlanga
0,OD400,,Solid Colour Buttercream,miscellaneous,internal,0,Solid Colour Buttercream,,MIS - SCB-KGR,100,,OD400 - Umhlanga
0,OD400,,Colour Cream - 14'',miscellenous,internal,0,Colour Cream - 14'',,MIS- CCB-14,80,,OD400 - Umhlanga
52.174,OD400,,Happy Anniversary Cake Topper,miscellaneous,external,0,Happy Anniversary Cake Topper,,MIS- FIT-EAC,100,,OD400 - Umhlanga
0,OD400,,Fondant Writing,miscellenous,internal,0,Fondant Writing,,MIS- FON-EAC,150,,OD400 - Umhlanga
0,OD400,,Plastic Icing Baby Accessory Set,miscellaneous,external,0,Plastic Icing Baby Accessory Set,,MIS-ACC-EAC,60,,OD400 - Umhlanga
0,OD400,,Additional Espresso Shot,miscellenous,internal,0,Additional Espresso Shot,,MIS-AES-EACH,10,,OD400 - Umhlanga
0,OD400,,Picture,ingredient,external,30421,Picture,,MIS-API-EAC,90,,OD400 - Umhlanga
0,OD400,,Plastic icing Baby with blanket,miscellaneous,internal,0,Plastic icing Baby with blanket,,MIS-BAB-EAC,40,,OD400 - Umhlanga
0,OD400,,Bride & Groom Meduim,miscellaneous,external,30540,Bride & Groom Meduim,,MIS-BGM-EAC,80,,OD400 - Umhlanga
0,OD400,,Bride & Groom Small,miscellenous,external,30541,Bride & Groom Small,,MIS-BGS-EAC,60,,OD400 - Umhlanga
0,OD400,,Plastic icing Booties,miscellenous,internal,0,Plastic icing Booties,,MIS-BOO-EAC,60,,OD400 - Umhlanga
0,OD400,,Cancellation,miscellaneous,internal,30516,Cancellation,,MIS-CAN-EAC,30,,OD400 - Umhlanga
52.174,OD400,,Cake Toppers Acyrlic,miscellenous,external,0,Cake Toppers Acyrlic,,MIS-CAT-EAC,120,,OD400 - Umhlanga
0,OD400,,Chocolate Buttercream -Birthday Cake,miscellaneous,internal,0,Chocolate Buttercream -Birthday Cake,,MIS-CBC-BDC,30,,OD400 - Umhlanga
0,OD400,,Colour Cream - 16'',miscellenous,internal,0,Colour Cream - 16'',,MIS-CCB-16,120,,OD400 - Umhlanga
0,OD400,,Colour Cream - 18'',miscellenous,internal,0,Colour Cream - 18'',,MIS-CCB-18,120,,OD400 - Umhlanga
0,OD400,,Colour Cream - 20'',miscellenous,internal,0,Colour Cream - 20'',,MIS-CCB-20,180,,OD400 - Umhlanga
0,OD400,,Colour Cream - 22'',miscellaneous,internal,0,Colour Cream - 22'',,MIS-CCB-22,180,,OD400 - Umhlanga
0,OD400,,Service Charge for Changes,miscellaneous,internal,0,Service Charge for Changes,,MIS-CHA-EAC,20,,OD400 - Umhlanga
0,OD400,,Figure Cake Topper,miscellenous,external,0,Figure Cake Topper,,MIS-CHT-EAC,100,,OD400 - Umhlanga
0,OD400,,Choc Writing,miscellaneous,internal,30523,Choc Writing,,MIS-CHW-EAC,20,,OD400 - Umhlanga
0,OD400,,Candle Assorted Sparkle (6s),candle,external,0,Candle Assorted Sparkle (6s),,MIS-CSA-(6S),100,,OD400 - Umhlanga
0,OD400,,Candle Sparkle Gold (6s),candle,external,0,Candle Sparkle Gold (6s),,MIS-CSG-(6s),100,,OD400 - Umhlanga
0.3,OD400,,Foam Cups 250ml,miscellaneous,external,8016,Foam Cups 250ml,,MIS-CUP-EAC,1,,OD400 - Umhlanga
0,OD400,,Customised Writing,miscellaneous,internal,0,Customised Writing,,MIS-CWR-EAC,10,,OD400 - Umhlanga
0,OD400,,Day Old Cakes,miscellenous,internal,0,Day Old Cakes,,MIS-DAO-EAC,8,,OD400 - Umhlanga
0,OD400,,Dbl Choc 12,miscellaneous,internal,23002,Dbl Choc 12,,MIS-DBC-012,20,,OD400 - Umhlanga
0,OD400,,Dbl Choc 14,miscellaneous,internal,24002,Dbl Choc 14,,MIS-DBC-014,20,,OD400 - Umhlanga
0,OD400,,Dbl Choc 16,miscellaneous,internal,25002,Dbl Choc 16,,MIS-DBC-016,20,,OD400 - Umhlanga
0,OD400,,Dbl Choc 18,miscellaneous,internal,26002,Dbl Choc 18,,MIS-DBC-018,25,,OD400 - Umhlanga
0,OD400,,Dbl Choc 20,miscellaneous,internal,27002,Dbl Choc 20,,MIS-DBC-020,25,,OD400 - Umhlanga
0,OD400,,Dbl Choc 22,miscellaneous,internal,28002,Dbl Choc 22,,MIS-DBC-022,25,,OD400 - Umhlanga
30.43,OD400,,Delivery,miscellaneous,internal,0,Delivery,,MIS-DEL-EAC,0,,OD400 - Umhlanga
800,OD400,,Oven Delights Flags,consumables,internal,30856,Oven Delights Flags,,MIS-DOR-EAC,15,,OD400 - Umhlanga
0,OD400,,Day Old Scones,miscellaneous,internal,8202,Day Old Scones,,MIS-DOS-EAC,17,,OD400 - Umhlanga
0,OD400,,Edible Picture Only,miscellaneous,external,30422,Edible Picture Only,,MIS-EPO-EAC,200,,OD400 - Umhlanga
0,OD400,,Balloons -Foil Character,miscellenous,external,0,Balloons -Foil Character,,MIS-FCB-EAC,50,,OD400 - Umhlanga
0,OD400,,Fresh Flowers  Each,miscellenous,external,0,Fresh Flowers Each,,MIS-FFL-EAC,30,,OD400 - Umhlanga
0,OD400,,Balloons-Foil General,miscellaneous,external,0,Balloons-Foil General,,MIS-FGB-EAC,50,,OD400 - Umhlanga
0,OD400,,Balloons- Foil Number Gold,miscellenous,external,0,Balloons- Foil Number Gold,,MIS-FMG-EAC,100,,OD400 - Umhlanga
0,OD400,,Balloons- Foil Number Rose Gold,miscellenous,external,0,Balloons- Foil Number Rose Gold,,MIS-FNG-EAC,100,,OD400 - Umhlanga
0,OD400,,Balloons-Foil Number Rainbow Splash,miscellenous,external,0,Balloons-Foil Number Rainbow Splash,,MIS-FNR-EAC,100,,OD400 - Umhlanga
0,OD400,,Balloons- Foil Number Silver,miscellaneous,external,0,Balloons- Foil Number Silver,,MIS-FNS-EAC,100,,OD400 - Umhlanga
0,OD400,,Balloons-Foil Number White Gold,packaging,external,0,Balloons-Foil Number White Gold,,MIS-FNW-EAC,100,,OD400 - Umhlanga
0,OD400,,Gold Beads,miscellaneous,external,8017,Gold Beads,,MIS-GBE-EAC,10,,OD400 - Umhlanga
0,OD400,,Gold Writing,miscellaneous,external,30521,Gold Writing,,MIS-GWR-EAC,20,,OD400 - Umhlanga
52.17,OD400,,Happy Birthday Cake Topper,miscellaneous,external,0,Happy Birthday Cake Topper,,MIS-HBT-EAC,100,,OD400 - Umhlanga
0,OD400,,Heluim Small Cylinder,consumables,external,0,Heluim Small Cylinder,,MIS-HEL-5LTR,,,OD400 - Umhlanga
24.35,OD400,,Heluim Large,miscellaneous,external,0,Heluim Large,,MIS-HEL-LAR,100,,OD400 - Umhlanga
14.78,OD400,,Heluim Small,miscellenous,external,0,Heluim Small,,MIS-HEL-SML,50,,OD400 - Umhlanga
0,OD400,,Leaves,miscellaneous,external,8018,Leaves,,MIS-LEA-EAC,3,,OD400 - Umhlanga
34,OD400,,Matches,consumables,external,60069795,Matches,,MIS-MAT-EAC,1,,OD400 - Umhlanga
0,OD400,,Rib Metallic Gold,miscellaneous,external,8035,Rib Metallic Gold,,MIS-MGR-EAC,20,,OD400 - Umhlanga
0,OD400,,Rib Metallic Silver,miscellaneous,external,8036,Rib Metallic Silver,,MIS-MSR-EAC,20,,OD400 - Umhlanga
0,OD400,,Mvutu,miscellaneous,external,8032,Mvutu,,MIS-MVU-EAC,6,,OD400 - Umhlanga
0,OD400,,Novelities Sets,miscellaneous,external,30524,Novelities Sets,,MIS-NOV-EAC,120,,OD400 - Umhlanga
0,OD400,,Overheads,consumables,external,0,Overheads,,MIS-OOH-EACH,,,OD400 - Umhlanga
0,OD400,,Plasters,consumables,external,8019,Plasters,,MIS-PLA-EAC,0.8,,OD400 - Umhlanga
20,OD400,,Rakhi String,miscellenous,external,0,Rakhi String,,MIS-RAS-EACH,30,,OD400 - Umhlanga
0,OD400,,Ribbon Picture,ingredient,external,10299,Ribbon Picture,,MIS-RIP-EAC,150,,OD400 - Umhlanga
0,OD400,,Mvutu Rainbow,miscellaneous,external,8033,Mvutu Rainbow,,MIS-RMV-EAC,5,,OD400 - Umhlanga
0,OD400,,Roses,miscellaneous,external,8020,Roses,,MIS-ROS-EAC,12,,OD400 - Umhlanga
0,OD400,,Silver Beads,miscellaneous,external,8030,Silver Beads,,MIS-SBE-EAC,10,,OD400 - Umhlanga
0,OD400,,Balloons- Stick Character,miscellenous,external,0,Balloons- Stick Character,,MIS-SCB-EAC,50,,OD400 - Umhlanga
0,OD400,,Same Day Charge,miscellaneous,external,30515,Same Day Charge,,MIS-SDC-EAC,30,,OD400 - Umhlanga
0,OD400,,Sign H.A. Gold,miscellaneous,external,8026,Sign H.A. Gold,,MIS-SGA-EAC,10,,OD400 - Umhlanga
0,OD400,,Sign H.B. Gold,miscellaneous,external,8028,Sign H.B. Gold,,MIS-SGB-EAC,10,,OD400 - Umhlanga
0,OD400,,Balloons-Stick General,miscellaneous,external,0,Balloons-Stick General,,MIS-STG-EAC,50,,OD400 - Umhlanga
0,OD400,,Silver Writing,miscellaneous,external,30522,Silver Writing,,MIS-SWR-EAC,15,,OD400 - Umhlanga
0,OD400,,Additional Whipped Cream,miscellaneous,external,0,Additional Whipped Cream,,MIS-WHC-EAC,7,,OD400 - Umhlanga
0,OD400,,Xmas Sticker Scroll English,miscellaneous,external,0,Xmas Sticker Scroll English,,MIS-XSR-EAC,,,OD400 - Umhlanga
0,OD400,,F3 Double Wall Pie box,packaging,external,0,F3 Double Wall Pie box,,PAC -F3D-EAC,,,OD400 - Umhlanga
2.396,OD400,,Bag Brown Thrifty Paper Bag Large,packaging,external,0,Bag Brown Thrifty Paper Bag Large,,PAC- BTL-EACH,,,OD400 - Umhlanga
0,OD400,,Cup Clear 350ML,packaging,external,0,Cup Clear 350ML,,PAC- CUC-350ML,,,OD400 - Umhlanga
0.24,OD400,,Hamburger Base Black F60,packaging,external,0,Hamburger Base Black F60,,PAC- HAB-EAC,,,OD400 - Umhlanga
0,OD400,,Lids Clear 350ML,packaging,external,0,Lids Clear 350ML,,PAC- LIC- 350ML,,,OD400 - Umhlanga
0,OD400,,Cup Cake Boxes With Inserts,packaging,external,0,Cup Cake Boxes With Inserts,,PAC- MIN-EAC,,,OD400 - Umhlanga
20,OD400,,Name Badges,consumables,external,0,Name Badges,,PAC- NAB-EAC,,,OD400 - Umhlanga
1.017,OD400,,Square Desert Lid,packaging,external,0,Square Desert Lid,,PAC- SDL-EAC,,,OD400 - Umhlanga
0.3457,OD400,,83X54X300 30mic,packaging,external,0,83X54X300 30mic,,PAC-083-EAC,0,,OD400 - Umhlanga
0.3457,OD400,,83X54X300 30mic,packaging,external,0,83X54X300 30mic,,PAC-083-EAC,,,OD400 - Umhlanga
12.8609740576497,OD400,,12x12x6,packaging,external,30254,12x12x6,,PAC-12X-EAC,,,OD400 - Umhlanga
13.3490218031821,OD400,,14X14X6,packaging,external,30255,14X14X6,,PAC-14X-EAC,,,OD400 - Umhlanga
15.7878264001441,OD400,,16x16x6,packaging,external,30256,16x16x6,,PAC-16X-EAC,,,OD400 - Umhlanga
14.44,OD400,,18X18X5 High,packaging,external,30257,18X18X5 High,,PAC-18H-EAC,,,OD400 - Umhlanga
19.271746031746,OD400,,18X18X6,packaging,external,30258,18X18X6,,PAC-18X-EAC,,,OD400 - Umhlanga
1.84550327957331,OD400,,196T swissroll folder,packaging,external,30267,196T swissroll folder,,PAC-196-EAC,,,OD400 - Umhlanga
0.32012358974359,OD400,,Foil Container 100 (200IL),packaging,external,30291,Foil Container 100 (200IL),,PAC-200-EAC,,,OD400 - Umhlanga
0,OD400,,20X20X5 High,packaging,external,30266,20X20X5 High,,PAC-20H-EAC,,,OD400 - Umhlanga
28.5702102102102,OD400,,20X20X6,packaging,external,30259,20X20X6,,PAC-20X-EAC,,,OD400 - Umhlanga
3.01837786002077,OD400,,214 Gateaux Dome,packaging,external,0,214 Gateaux Dome,,PAC-214-EAC,,,OD400 - Umhlanga
1.61098455591212,OD400,,215 Gateaux Base,packaging,external,30706,215 Gateaux Base,,PAC-215-EAC,,,OD400 - Umhlanga
0.268499999999999,OD400,,225X270X30MIC Scone bag medium,packaging,external,30804,225X270X30MIC Scone bag medium,,PAC-225-EAC,,,OD400 - Umhlanga
0.217491696969697,OD400,,260*450*25mic,packaging,external,30806,260*450*25mic,,PAC-260-EAC,,,OD400 - Umhlanga
1.266855,OD400,,Foil Container 100 (3001P),packaging,external,30292,Foil Container 100 (3001P),,PAC-300-EAC,,,OD400 - Umhlanga
0.5306,OD400,,310*450*30mic,packaging,external,30808,310*450*30mic,,PAC-310-EAC,,,OD400 - Umhlanga
3.29691433455551,OD400,,315 bar one dome,packaging,external,30268,315 bar one dome,,PAC-315-EAC,,,OD400 - Umhlanga
1.99907605751198,OD400,,317 bar one base,packaging,external,30269,317 bar one base,,PAC-317-EAC,,,OD400 - Umhlanga
0.4795,OD400,,250*400*40mic Rolls large,packaging,external,30807,250*400*40mic Rolls large,,PAC-400-EAC,,,OD400 - Umhlanga
1.11934,OD400,,4051 foil container,packaging,external,30287,4051 foil container,,PAC-405-EAC,,,OD400 - Umhlanga
0,OD400,,4191 Foil Container,packaging,external,30692,4191 Foil Container,,PAC-419-EAC,,,OD400 - Umhlanga
0.4007,OD400,,250*450*30mic Naan exlarge,packaging,external,30805,250*450*30mic Naan exlarge,,PAC-450-EAC,,,OD400 - Umhlanga
1.34465610925469,OD400,,5*5*2.5,packaging,external,30801,5*5*2.5,,PAC-552-EAC,,,OD400 - Umhlanga
1.52036289224835,OD400,,5*5*2.5,packaging,external,30737,5*5*2.5,,PAC-572-EAC,,,OD400 - Umhlanga
1.66793674262486,OD400,,5*7*3,packaging,external,30827,5*7*3,,PAC-573-EAC,,,OD400 - Umhlanga
0.345395783635949,OD400,,No 73D Foam Tray,packaging,external,30725,No 73D Foam Tray,,PAC-73D-EAC,,,OD400 - Umhlanga
2.6288,OD400,,7*7*3 Diwali Boxes,packaging,external,30800,7*7*3 Diwali Boxes,,PAC-773-EAC,,,OD400 - Umhlanga
0,OD400,,Bag 1000 83*54*300mm,packaging,external,30303,Bag 1000 83*54*300mm,,PAC-835-EAC,,,OD400 - Umhlanga
2.15489116705815,OD400,,8X8X2,packaging,external,0,8X8X2,,PAC-882-EAC,,,OD400 - Umhlanga
3.599,OD400,,8X8X4,packaging,external,30486,8X8X4,,PAC-884-EAC,,,OD400 - Umhlanga
1.80367032258065,OD400,,A34 Round Cake Dome,packaging,external,30587,A34 Round Cake Dome,,PAC-A34-EAC,,,OD400 - Umhlanga
1.05039982246611,OD400,,A35 Round Cake Base,packaging,external,30588,A35 Round Cake Base,,PAC-A35-EAC,,,OD400 - Umhlanga
2.0235,OD400,,K75 Base,packaging,external,0,K75 Base,,PAC-B75-EAC,,,OD400 - Umhlanga
0.739,OD400,,Bags 1000 White Midi,packaging,external,6009681740704,Bags 1000 White Midi,,PAC-BAG-EAC,1,,OD400 - Umhlanga
0.739,OD400,,Bags 1000 White Midi,packaging,external,6009681740704,Bags 1000 White Midi,,PAC-BAG-EAC,,,OD400 - Umhlanga
1.05,OD400,,Bags 1000 White Jumbo,packaging,external,6009681740705,Bags 1000 White Jumbo,,PAC-BAG-JUM,1,,OD400 - Umhlanga
0.85549443138014,OD400,,Bags 1000 White Jumbo,packaging,external,6009681740705,Bags 1000 White Jumbo,,PAC-BAG-JUM,,,OD400 - Umhlanga
1.9444,OD400,,Bon Bon Biscuit Container,packaging,external,0,Bon Bon Biscuit Container,,PAC-BBC-EAC,0,,OD400 - Umhlanga
1.9444,OD400,,Bon Bon Biscuit Lid,packaging,external,0,Bon Bon Biscuit Lid,,PAC-BBL-EAC,0,,OD400 - Umhlanga
8,OD400,,Empty Bandini Box,packaging,external,0,Empty Bandini Box,,PAC-BEB-EAC,,,OD400 - Umhlanga
0.0768364901502008,OD400,,Bag on Roll (30x45),packaging,external,30308,Bag on Roll (30x45),,PAC-BOR-EAC,,,OD400 - Umhlanga
2.419,OD400,,Bag Brown Thrifty Paper Bag meduim,packaging,external,0,Bag Brown Thrifty Paper Bag meduim,,PAC-BPB-EAC,3,,OD400 - Umhlanga
2.419,OD400,,Bag Brown Thrifty Paper Bag meduim,packaging,external,0,Bag Brown Thrifty Paper Bag meduim,,PAC-BPB-EAC,,,OD400 - Umhlanga
0,OD400,,Packaging New 76x91 Black Refuse,packaging,external,30533,Packaging New 76x91 Black Refuse,,PAC-BRE-EAC,,,OD400 - Umhlanga
3.32313521867808,OD400,,Oven Delight Cake Box Choc,packaging,external,30249,Oven Delight Cake Box Choc,,PAC-CHO-EAC,,,OD400 - Umhlanga
3.23815,OD400,,7119P Foil container,packaging,external,0,7119P Foil container,,PAC-CON-EAC,,,OD400 - Umhlanga
0,OD400,,Cup Clear 500ML,packaging,external,0,Cup Clear 500ML,,PAC-CUC-500ML,,,OD400 - Umhlanga
1.4545,OD400,,K75  Dome,packaging,external,0,K75 Dome,,PAC-D75-EAC,,,OD400 - Umhlanga
50,OD400,,High Window Box For Drip cake,packaging,external,0,High Window Box For Drip cake,,PAC-DCW-EAC,,,OD400 - Umhlanga
20.9,OD400,,Faze 3 Boxes Empty for Pies,packaging,external,0,Faze 3 Boxes Empty for Pies,,PAC-EPI-EAC,,,OD400 - Umhlanga
1.8308,OD400,,F50 High Cake Base,packaging,external,0,F50 High Cake Base,,PAC-F5B-EAC,0,,OD400 - Umhlanga
1.8308,OD400,,F50 High Cake Base,packaging,external,0,F50 High Cake Base,,PAC-F5B-EAC,,,OD400 - Umhlanga
2.7051,OD400,,F50 High Cake Dome,packaging,external,0,F50 High Cake Dome,,PAC-F5D-EAC,0,,OD400 - Umhlanga
2.7051,OD400,,F50 High Cake Dome,packaging,external,0,F50 High Cake Dome,,PAC-F5D-EAC,,,OD400 - Umhlanga
2.253,OD400,,Foil - Loaf Pan 4161P,packaging,external,0,Foil - Loaf Pan 4161P,,PAC-FLP-EAC,,,OD400 - Umhlanga
1.395,OD400,,Foil Buns 4051D,packaging,external,30290,Foil Buns 4051D,,PAC-FOI-EAC,,,OD400 - Umhlanga
0.1145,OD400,,Bag GP 2,packaging,external,30300,Bag GP 2,,PAC-GP2-EAC,,,OD400 - Umhlanga
1.104,OD400,,Hamburger Dome F60,packaging,external,0,Hamburger Dome F60,,PAC-HAM-EAC,,,OD400 - Umhlanga
2.17649582263917,OD400,,K 96 milk tart domes,packaging,external,30280,K 96 milk tart domes,,PAC-K96-EAC,,,OD400 - Umhlanga
0,OD400,,Laser Cut Box Only,packaging,external,0,Laser Cut Box Only,,PAC-LCB-EAC,,,OD400 - Umhlanga
0,OD400,,EPR LEVY,packaging,external,0,EPR LEVY,,PAC-LEV-EACH,,,OD400 - Umhlanga
0,OD400,,Lid Clear 500ML,packaging,external,0,Lid Clear 500ML,,PAC-LIC-500ML,,,OD400 - Umhlanga
2.07488740740741,OD400,,7119P Clear lids,packaging,external,0,7119P Clear lids,,PAC-LID-EAC,,,OD400 - Umhlanga
1.587,OD400,,Large Log Base,packaging,external,0,Large Log Base,,PAC-LLB-EAC,,,OD400 - Umhlanga
2.4005,OD400,,Large Log Dome,packaging,external,0,Large Log Dome,,PAC-LLD-EAC,,,OD400 - Umhlanga
0,OD400,,Madeira Packaging Small B,packaging,external,0,Madeira Packaging Small B,,PAC-MAD-EAC,0,,OD400 - Umhlanga
0,OD400,,Madeira Packaging Small B,packaging,external,0,Madeira Packaging Small B,,PAC-MAD-EAC,,,OD400 - Umhlanga
1280,OD400,,Milkshake Cup 350ml,packaging,external,0,Milkshake Cup 350ml,,PAC-MCC-350ML,,,OD400 - Umhlanga
460,OD400,,Milkshake Cup Lids 350ml,packaging,external,0,Milkshake Cup Lids 350ml,,PAC-MCL-350ML,,,OD400 - Umhlanga
0.264226554285714,OD400,,Mince pie foil,packaging,external,30282,Mince pie foil,,PAC-MFO-EAC,,,OD400 - Umhlanga
0.1949,OD400,,Foil Container Mince Pie Tray,packaging,external,30293,Foil Container Mince Pie Tray,,PAC-MIN-EAC,,,OD400 - Umhlanga
0,OD400,,New Diwali Cake Boxes,packacing,external,0,New Diwali Cake Boxes,,PAC-NDI-EAC,,,OD400 - Umhlanga
10.3336452655889,OD400,,P45 Round platter,packaging,external,0,P45 Round platter,,PAC-P45-EAC,,,OD400 - Umhlanga
11,OD400,,Platter base,packaging,external,0,Platter foil base,,PAC-PFB-EAC,0,,OD400 - Umhlanga
8,OD400,,Platter Dome,packaging,external,0,Platter Dome,,PAC-PLD-EAC,30,,OD400 - Umhlanga
0.8125,OD400,,Paper Tulip Cups giant cup cakes,packaging,external,0,Paper Tulip Cups giant cup cakes,,PAC-PTC-EAC,0,,OD400 - Umhlanga
0.55,OD400,,Rectangle Pie Foil,packaging,external,0,Rectangle Pie Foil,,PAC-REC-EAC,,,OD400 - Umhlanga
0,OD400,,Packaging Black Refuse,packaging,external,30492,Packaging Black Refuse,,PAC-REF-EAC,,,OD400 - Umhlanga
1.253,OD400,,Square Desert Tub,packaging,external,0,Square Desert Tub,,PAC-SDT-EAC,,,OD400 - Umhlanga
0.22,OD400,,Sauce Lids 70ml,packaging,external,0,Sauce Lids 70ml,,PAC-SLI-70ML,,,OD400 - Umhlanga
0.368584378070348,OD400,,Bag Brown BB3,packaging,external,30299,Bag Brown BB3,,PAC-SO6-EAC,,,OD400 - Umhlanga
2.87191289536301,OD400,,Oven Delight Cake Box Strbery,packaging,external,30250,Oven Delight Cake Box Strbery,,PAC-STR-EAC,,,OD400 - Umhlanga
0.35,OD400,,Sauce Tub 70ml,packaging,external,0,Sauce Tub 70ml,,PAC-STU-70ML,,,OD400 - Umhlanga
5.502903162422,OD400,,Swissroll Box,packaging,external,30826,Swissroll Box,,PAC-SWI-EAC,,,OD400 - Umhlanga
25,OD400,,GLUTEN FREE CHOC MOUSSE CAKE TUB,exotic cakes,internal,0,GLUTEN FREE CHOC MOUSSE CAKE TUB,,PAC-TAL-EAC,45,,OD400 - Umhlanga
0,OD400,,Vinyl Print Coffee Boards,consumables,external,0,Vinyl Print Coffee Boards,,PAC-VPC-EAC,,,OD400 - Umhlanga
0,OD400,,Windsor X-Small B,packaging,external,0,Windsor X-Small B,,PAC-WIN-EAC,,,OD400 - Umhlanga
0.7375,OD400,,Wrist Guard,consumables,external,0,Wrist Guard,,PAC-WRG-EAC,,,OD400 - Umhlanga
0,OD400,,Ziplock Bags,packaging,external,0,Ziplock Bags,,PAC-ZIP-EACH,,,OD400 - Umhlanga
12.77,OD400,,OD Premium Chicken Tikka Sausage Roll,pie,external,15002,OD Premium Chicken Tikka Sausage Roll,,PIE -CSR-EAC,28,,OD400 - Umhlanga
74.9,OD400,,Pie Apple,ingredient,external,0,Pie Apple,,PIE-APP-KG,0,,OD400 - Umhlanga
13.5,OD400,,Pie OD Chicken & Mushroom,pie,internal,15103,Pie OD Chicken & Mushroom,,PIE-COD-EAC,30,,OD400 - Umhlanga
16.8469,OD400,,Pie Chicken Peri Peri,pie,external,15007,Pie Chicken Peri Peri,,PIE-CPP-EAC,30,,OD400 - Umhlanga
7.8039,OD400,,OD Premium Mutton Oriental Sausage Roll,pie,external,15001,OD Premium Mutton Oriental Sausage Roll,,PIE-MSR-EAC,28,,OD400 - Umhlanga
0,OD400,,Pie OD Mutton Curry,pie,internal,15101,Pie OD Mutton Curry,,PIE-ODM-EAC,35,,OD400 - Umhlanga
16.8469,OD400,,Pie Pepper Steak,pie,internal,15009,Pie Pepper Steak,,PIE-PPS-EAC,30,,OD400 - Umhlanga
14.95,OD400,,Pie Spinach & Feta,pie,external,15005,Pie Spinach & Feta,,PIE-SAF-EAC,30,,OD400 - Umhlanga
16.8469,OD400,,Pie Steak & Kidney,pie,external,15010,Pie Steak & Kidney,,PIE-SAK-EAC,30,,OD400 - Umhlanga
16.847,OD400,,Pie Sausage Roll( Beef),pie,external,15105,Pie Sausage Roll( Beef),,PIE-SRB-EACH,30,,OD400 - Umhlanga
13.5041,OD400,,Pie OD Vegetable,pie,internal,15004,Pie OD Vegetable,,PIE-VEG-EAC,30,,OD400 - Umhlanga
0,OD400,,Platter Scone Delight 18s,platter,internal,0,Platter Scone Delight 18s,,PLA -SCO-EAC,400,,OD400 - Umhlanga
0,OD400,,Platter Mixy Delight,platter,internal,0,Platter Mixy Delight,,PLA- MIX-EAC,650,,OD400 - Umhlanga
0,OD400,,Platter Mini Pecan Nut Tarts 24s,platter,internal,0,Platter Mini Pecan Nut Tarts 24s,,PLA- PEM-EAC,620,,OD400 - Umhlanga
0,OD400,,Platter Cheeky Delight,platter,internal,0,Platter Cheeky Delight,,PLA-CHE-EAC,650,,OD400 - Umhlanga
0,OD400,,Platter Mini Cream Puffs 24s,platter,internal,0,Platter Mini Cream Puffs 24s,,PLA-CRM-EAC,350,,OD400 - Umhlanga
0,OD400,,Platter Croissant Delight 20s,platter,internal,0,Platter Croissant Delight 20s,,PLA-CRO-EAC,400,,OD400 - Umhlanga
0,OD400,,Platter Mini Freshcream Eclairs,platter,internal,0,Platter Mini Freshcream Eclairs,,PLA-ECM-EAC,380,,OD400 - Umhlanga
0,OD400,,Platter Mini Flakey Bits 24s,platter,internal,0,Platter Mini Flakey Bits 24s,,PLA-FLM-EAC,350,,OD400 - Umhlanga
0,OD400,,Platter Mini Freshcream Donuts,platter,internal,0,Platter Mini Freshcream Donuts,,PLA-FRM-EAC,380,,OD400 - Umhlanga
0,OD400,,Platter Mini Jam Turnovers 24s,platter,internal,0,Platter Mini Jam Turnovers 24s,,PLA-JAM-EAC,350,,OD400 - Umhlanga
0,OD400,,Platter Mini Buttercream Donuts 24s,platter,internal,0,Platter Mini Buttercream Donuts 24s,,PLA-MBD-EAC,320,,OD400 - Umhlanga
0,OD400,,Platter Mini Chocolate Donut 24s,platter,internal,0,Platter Mini Chocolate Donut 24s,,PLA-MCD-EAC,350,,OD400 - Umhlanga
0,OD400,,Platter Meaty Delight,platter,internal,0,Platter Meaty Delight,,PLA-MEA-EAC,650,,OD400 - Umhlanga
0,OD400,,Platter Mini Milk Tarts 24S,platter,internal,0,Platter Mini Milk Tarts 24S,,PLA-MIM-EAC,400,,OD400 - Umhlanga
0,OD400,,Platter Mini Lamingtons 24s,platter,internal,0,Platter Mini Lamingtons 24s,,PLA-MLP-EAC,350,,OD400 - Umhlanga
0,OD400,,Platter Muffin Delight 30s,platter,internal,0,Platter Muffin Delight 30s,,PLA-MUFF- EAC,380,,OD400 - Umhlanga
0,OD400,,Platter Snacky Delight,platter,internal,0,Platter Snacky Delight,,PLA-SMA-EAC,650,,OD400 - Umhlanga
0,OD400,,Platter Mini Snowballs 24s,platter,internal,0,Platter Mini Snowballs 24s,,PLA-SNM-EAC,350,,OD400 - Umhlanga
0,OD400,,Platter Veggy Delights,platter,internal,0,Platter Veggy Delights,,PLA-VEG-EAC,600,,OD400 - Umhlanga
0,OD400,,Plain Croissant (3's),savoury,-2146826246,,Plain Croissant (3's),,Plain Croissant,45,,OD400 - Umhlanga
0,OD400,,Puri and Patha (3's),savoury,-2146826246,,Puri and Patha (3's),,Puri and Patha,45,,OD400 - Umhlanga
0,OD400,,Bread Slicer Blades,equipment,external,0,Bread Slicer Blades,,REP-BRE-EAC,45,,OD400 - Umhlanga
0,OD400,,Crumbed Chicken Samoosa,savoury,internal,0,Crumbed Chicken Samoosa,,SAV-CCS-EAC,12,,OD400 - Umhlanga
0,OD400,,Frozen Cheese And Jalapeno,savoury,internal,0,Frozen Cheese And Jalapeno,,SAV-CJF-EAC,15,,OD400 - Umhlanga
0,OD400,,Chicken & Jalapeno Rissoles,savoury,internal,0,Chicken & Jalapeno Rissoles,,SAV-CJR-EAC,8,,OD400 - Umhlanga
0,OD400,,Chicken Samoosa,savoury,internal,0,Chicken Samoosa,,SAV-CSA-EAC,8,,OD400 - Umhlanga
0,OD400,,Frozen Chicken Sausage Rolls,savoury,internal,0,Frozen Chicken Sausage Rolls,,SAV-FCR-EAC,15,,OD400 - Umhlanga
0,OD400,,Frozen Fish Cake,savoury,internal,0,Frozen Fish Cake,,SAV-FFI-EAC,15,,OD400 - Umhlanga
0,OD400,,Fish Cake,savoury,internal,0,Fish Cake,,SAV-FIS-EAC,8,,OD400 - Umhlanga
0,OD400,,Frozen Chicken And Jalapeno,savoury,internal,0,Frozen Chicken And Jalapeno,,SAV-FJC-EAC,15,,OD400 - Umhlanga
0,OD400,,Frozen  Kebabs,savoury,internal,0,Frozen Kebabs,,SAV-FKE-EAC,15,,OD400 - Umhlanga
0,OD400,,Frozen Mix Veg Pie,savoury,internal,0,Frozen Mix Veg Pie,,SAV-FMV-EAC,15,,OD400 - Umhlanga
0,OD400,,Frozen  Patha Wheel,savoury,internal,0,Frozen Patha Wheel,,SAV-FPA-EACH,15,,OD400 - Umhlanga
0,OD400,,Lamb Mince Samoosa,savoury,internal,0,Lamb Mince Samoosa,,SAV-LMS-EAC,8,,OD400 - Umhlanga
0,OD400,,Patha Samoosa,savoury,internal,0,Patha Samoosa,,SAV-PAS-EAC,12,,OD400 - Umhlanga
0,OD400,,Puri Plain,savoury,internal,0,Puri Plain,,SAV-PUP-EAC,8,,OD400 - Umhlanga
0,OD400,,Cheese & Jalapeno Rissoles,savoury,internal,0,Cheese & Jalapeno Rissoles,,SAV-RCJ-EAC,8,,OD400 - Umhlanga
0,OD400,,Roti Roll Chicken,savoury,internal,0,Roti Roll Chicken,,SAV-RRC-EAC,25,,OD400 - Umhlanga
0,OD400,,Roti Roll Potatoe,savoury,internal,0,Roti Roll Potatoe,,SAV-RRP-EAC,25,,OD400 - Umhlanga
0,OD400,,Samoosa  3s,savoury,internal,0,Samoosa 3s,,SAV-SAM-EAC,20,,OD400 - Umhlanga
0,OD400,,Cheese And Corn Samoosa,savoury,internal,0,Cheese And Corn Samoosa,,SAV-SCC-EAC,12,,OD400 - Umhlanga
70,OD400,,Jalebi 250g,shop front,external,9009,Jalebi 250g,,SHP - JAL-EACH,100,,OD400 - Umhlanga
199,OD400,,Banana Loaf,shop front,internal,16055,Banana Loaf,,SHP- BAN-EAC,50,,OD400 - Umhlanga
0,OD400,,Roti Chicken Wrap,savoury,internal,0,Roti Chicken Wrap,,SHP- CRW-EAC,20,,OD400 - Umhlanga
190,OD400,,Gulab Jamun 1kg,shop front,external,0,Gulab Jamun 1kg,,SHP- GUL-1KG,280,,OD400 - Umhlanga
0,OD400,,Gulab Jamun 4s Pure Butter,shop front,external,60001,Gulab Jamun 4s Pure Butter,,SHP- GUL-4S,60,,OD400 - Umhlanga
0,OD400,,Idhli Platter 32s,platter,internal,0,Idhli Platter 32s,,SHP- IDH-32S,350,,OD400 - Umhlanga
65,OD400,,DC Deluxe Mini Wooden  Laser Cut,shop front,external,0,DC Sweetmeats Mini Oval Laser Cut Wooden (6s),,SHP- MOL-6S,170,,OD400 - Umhlanga
0,OD400,,Roti Potatoe Wrap,savoury,internal,0,Roti Potatoe Wrap,,SHP- PRW-EAC,15,,OD400 - Umhlanga
0,OD400,,Eggless Rainbow Sponge Log,shop front,internal,16058,Eggless Rainbow Sponge Log,,SHP- RAE-EAC,85,,OD400 - Umhlanga
62,OD400,,DC Sweet Meats Assorted 250g,shop front,external,0,DC Sweet Meats Assorted 250g,,SHP- SWEE-250G,80,,OD400 - Umhlanga
0,OD400,,DC Timeless Box,shop front,external,,DC Timeless Box,,SHP- TID-EAC,180,,OD400 - Umhlanga
110,OD400,,DC Authentic Assorted Sweetmeats 11 pieces,shop front,external,9008,DC Authentic Assorted Sweetmeats 11 pieces,,SHP-AUA-EAC,200,,OD400 - Umhlanga
190,OD400,,Authentic Ladoo,shop front,external,0,Authentic Ladoo,,SHP-AUT-EAC,160,,OD400 - Umhlanga
0,OD400,,Buttercream Christmas cakes,shop front,internal,16041,Buttercream Christmas cakes,,SHP-BCC-EAC,50,,OD400 - Umhlanga
0,OD400,,ButterCream Christmas Gateaux,shop front,internal,16042,ButterCream Christmas Gateaux,,SHP-BCG-EAC,150,,OD400 - Umhlanga
0,OD400,,DC Designer Diya Box,-2146826246,-2146826246,-2146826246,-2146826246,,SHP-BDD-EAC,220,,OD400 - Umhlanga
0,OD400,,Bread Brown 400g,shop front,internal,30370,Bread Brown 400g,,SHP-BRB-400,10,,OD400 - Umhlanga
0,OD400,,Bread Bunny Loaf 400g,shop front,internal,0,Bread Bunny Loaf 400g,,SHP-BRB-400G,12,,OD400 - Umhlanga
0,OD400,,Sun Bread Brown 800g,shop front,internal,13005,Sun Bread Brown 800g,,SHP-BRB-800,15,,OD400 - Umhlanga
0,OD400,,Bread Garlic 300g,shop front,internal,16003,Bread Garlic 300g,,SHP-BRG-EAC,29,,OD400 - Umhlanga
0,OD400,,Butter Roti (6s),shop front,internal,0,Butter Roti (6s),,SHP-BRO-EAC,45,,OD400 - Umhlanga
0,OD400,,Bread Tea Ring,shop front,internal,16004,Bread Tea Ring,,SHP-BRR-500,36,,OD400 - Umhlanga
0,OD400,,Bread Tea Loaf 500g,shop front ,internal,16005,Bread Tea Loaf 500g,,SHP-BRT-500,40,,OD400 - Umhlanga
0,OD400,,Bread White 400g,shop front,internal,30372,Bread White 400g,,SHP-BRW-400,10,,OD400 - Umhlanga
0,OD400,,Sun Bread White 800,shop front,internal,13003,Sun Bread White 800,,SHP-BRW-800,15,,OD400 - Umhlanga
0,OD400,,Butter Scones (4s),shop front,internal,16044,Butter Scones (4s),,SHP-BSC-EAC,42,,OD400 - Umhlanga
0,OD400,,Butter Scone Platter 24s,platter,internal,0,Butter Scone Platter 24s,,SHP-BSP-24S,500,,OD400 - Umhlanga
0,OD400,,Bread 500g Twist,shop front,internal,16007,Bread 500g Twist,,SHP-BTW-500,19,,OD400 - Umhlanga
0,OD400,,Buns 100g Soft 6s,shop front,internal,16008,Buns 100g Soft 6s,,SHP-BUN-EAC,27,,OD400 - Umhlanga
220,OD400,,Burfee 1kg,shop front,internal,0,Burfee 1kg,,SHP-BUR-1KG,300,,OD400 - Umhlanga
72,OD400,,Burfee 9pc,shop front,internal,0,Burfee 9pc,,SHP-BUR-KGR,100,,OD400 - Umhlanga
0,OD400,,BC Vanilla Swiss Roll,buttercream cake,internal,16009,BC Vanilla Swiss Roll,,SHP-BVS-EAC,50,,OD400 - Umhlanga
0,OD400,,Christmas fruit Cake Round Iced,shop front,internal,16015,Christmas fruit Cake Round Iced,,SHP-CFI-EAC,140,,OD400 - Umhlanga
0,OD400,,Christmas Fruit Cake Round Plain,shop front,internal,16016,Christmas Fruit Cake Round Plain,,SHP-CFP-EAC,120,,OD400 - Umhlanga
220,OD400,,Chana Magaj 1kg,shop front,internal,0,Chana Magaj 1kg,,SHP-CHA-1KG,300,,OD400 - Umhlanga
0,OD400,,Chelsea Buns (6s),shop front,internal,30755,Chelsea Buns (6s),,SHP-CHB-04S,45,,OD400 - Umhlanga
0,OD400,,Chocolate Gateaux Plain,shop front,internal,16013,Chocolate Gateaux Plain,,SHP-CHO-PLN,28,,OD400 - Umhlanga
0,OD400,,Carrot and Pecan Nut Slab,shop front,internal,16014,Carrot and Pecan Nut Slab,,SHP-CPN-EAC,50,,OD400 - Umhlanga
0,OD400,,Cream Buns 6s,shop front,internal,16017,Cream Buns 6s,,SHP-CRB-06S,45,,OD400 - Umhlanga
0,OD400,,Christmas Round Mini Cake,shop front,internal,0,Christmas Round Mini Cake,,SHP-CRM-EAC,60,,OD400 - Umhlanga
0,OD400,,Rolls 70g Soft Hotdog Cheese 6,shop front,internal,16018,Rolls 70g Soft Hotdog Cheese 6,,SHP-CRO-06S,40,,OD400 - Umhlanga
0,OD400,,Chocolate Sponge Cake,shop front,internal,6001651011913,Chocolate Sponge Cake,,SHP-CSC-EAC,50,,OD400 - Umhlanga
0,OD400,,Christmas Steamed Pudding,shop front,internal,0,Christmas Steamed Pudding,,SHP-CTP-EAC,180,,OD400 - Umhlanga
0,OD400,,Cocktail Rolls,shop front,internal,16020,Cocktail Rolls,,SHP-CTR-EAC,30,,OD400 - Umhlanga
0,OD400,,Christmas Windsor Plain,shop front,internal,16038,Christmas Windsor Plain,,SHP-CWP-EAC,140,,OD400 - Umhlanga
0,OD400,,Christmas Windsor Slice,shop front,internal,16049,Christmas Windsor Slice,,SHP-CWS-EAC,110,,OD400 - Umhlanga
62,OD400,,DC  Bandhani Box (8s),shop front,external,0,DC Diwali Bandhani Box,,SHP-DBB-EAC,95,,OD400 - Umhlanga
0,OD400,,DC Classic Box,shop front,external,,DC Classic Box,,SHP-DCL-EAC,120,,OD400 - Umhlanga
0,OD400,,DC Diwali Designer Biscuit,shop front,external,0,DC Diwali Designer Biscuit,,SHP-DDB-EAC,100,,OD400 - Umhlanga
220,OD400,,DC Diwali Designer Burfee,shop front,external,0,DC Diwali Designer Burfee,,SHP-DDD-EAC,160,,OD400 - Umhlanga
0,OD400,,DC Exclusive Box,shop front,external,,DC Exclusive Box,,SHP-DEB-EAC,380,,OD400 - Umhlanga
0,OD400,,DC Diwali Eggless Cake,shop front,internal,0,DC Diwali Eggless Cake,,SHP-DEG-EAC,60,,OD400 - Umhlanga
100,OD400,,DC Elegant  Boxes,shop front,external,,DC Elegant  Boxes,,SHP-DEM-EAC,230,,OD400 - Umhlanga
145,OD400,,DC Authentic Diya Boxes,shop front,external,0,DC Authentic Diya Boxes,,SHP-DIB-EACH,200,,OD400 - Umhlanga
70,OD400,,DC Diwali Jalebi,shop front,external,0,DC Diwali Jalebi,,SHP-DJA-EAC,100,,OD400 - Umhlanga
77,OD400,,DC Diwali Large Bag,shop front,external,0,DC Diwali Large Bag,,SHP-DLB-EAC,40,,OD400 - Umhlanga
115,OD400,,DC Diwali Large Designer Box,shop front,external,0,DC Diwali Large Designer Box,,SHP-DLD-EAC,180,,OD400 - Umhlanga
65,OD400,,DC Diwali Macaroons (5s),shop front,external,0,DC Majestic Box,,SHP-DMA-EAC,100,,OD400 - Umhlanga
0,OD400,,DC Majestic Box,shop front,external,,DC Majestic Jewels Ganesha 595g,,SHP-DMB-EAC,90,,OD400 - Umhlanga
270,OD400,,DC Majestic Jewels Ganesha 595g,shop front,external,,-2146826246,,SHP-DMJ-EAC,450,,OD400 - Umhlanga
18,OD400,,DC Diwali Peacock Box,shop front,external,0,DC Diwali Peacock Box,,SHP-DPB-EAC,80,,OD400 - Umhlanga
0,OD400,,Dhall Roti (6s),shop front,external,16045,Dhall Roti (6s),,SHP-DRO-EAC,40,,OD400 - Umhlanga
50,OD400,,DC Diwali Small Bag,shop front,external,0,DC Diwali Small Bag,,SHP-DSB-EAC,30,,OD400 - Umhlanga
100,OD400,,DC Velvet Box n Bag Set,shop front,external,,DC Velvet Box n Bag Set,,SHP-DVB-EAC,200,,OD400 - Umhlanga
0,OD400,,Christmas Fruit Cake Eggless Round,shop front,internal,0,Christmas Fruit Cake Eggless Round,,SHP-FCE-EAC,190,,OD400 - Umhlanga
110,OD400,,DC Floral Large Box,shop front,external,,DC Floral Large Box,,SHP-FLB-EAC,320,,OD400 - Umhlanga
75,OD400,,DC Floral Medium Box,shop front,external,,DC Floral Medium Box,,SHP-FMB-EAC,150,,OD400 - Umhlanga
0,OD400,,Five Roses Tea Tall,drink,external,0,Five Roses Tea Tall,,SHP-FRT-LRG,28,,OD400 - Umhlanga
0,OD400,,Five Roses Tea Small,drink,external,0,Five Roses Tea Small,,SHP-FRT-SML,23,,OD400 - Umhlanga
0,OD400,,DC Diwali Gold Laser Cut,shop front,external,0,DC Diwali Gold Laser Cut,,SHP-GLC-EAC,100,,OD400 - Umhlanga
27.61,OD400,,Hot x Buns 6s,shop front,internal,16022,Hot x Buns 6s,,SHP-HBU-EAC,32,,OD400 - Umhlanga
0,OD400,,Iced Coffee Large,drink,internal,0,Iced Coffee Large,,SHP-ICL-LRG,40,,OD400 - Umhlanga
0,OD400,,Idhli Pure Butter (4s),platter,internal,60071,Idhli Pure Butter (4s),,SHP-IDH-EACH,40,,OD400 - Umhlanga
220,OD400,,Ladoo  9 piece,shop front,internal,0,Ladoo 9 piece,,SHP-LAD-EAC,95,,OD400 - Umhlanga
45,OD400,,DC Lotus Box,shop front,external,,DC Lotus Box,,SHP-LBS-EAC,90,,OD400 - Umhlanga
0,OD400,,Lemon Loaf,shop front,internal,0,Lemon Loaf,,SHP-LEM-EAC,60,,OD400 - Umhlanga
0,OD400,,DC Large Hexagonal Deluxe Sweetmeats 375g,shop front,external,9003,DC Large Hexagonal Deluxe Sweetmeats 375g,,SHP-LHS-375,270,,OD400 - Umhlanga
0,OD400,,DC Large Jewels Deluxe Sweetmeats 350g,shop front,external,9004,DC Large Jewels Deluxe Sweetmeats 350g,,SHP-LJS-350,250,,OD400 - Umhlanga
0.456,OD400,,Madeira,shop front,internal,16023,Madeira,,SHP-MAD-EAC,50,,OD400 - Umhlanga
0,OD400,,DC Mini Hexagonal Deluxe Sweetmeats 165g,shop front,external,9001,DC Mini Hexagonal Deluxe Sweetmeats 165g,,SHP-MHS-165,140,,OD400 - Umhlanga
0,OD400,,Mince Pies,shop front,internal,16024,Mince Pies,,SHP-MIN-EAC,50,,OD400 - Umhlanga
130,OD400,,DC Mini Jewels Deluxe Sweetmeats 250g,shop front,external,9002,DC Mini Jewels Deluxe Sweetmeats 250g,,SHP-MJS-250,180,,OD400 - Umhlanga
0,OD400,,Brown Roti (6s),shop front,internal,16048,Brown Roti (6s),,SHP-MRO-EACH,30,,OD400 - Umhlanga
0,OD400,,Naan 300g,shop front,internal,16026,Naan 300g,,SHP-NAA-EAC,20,,OD400 - Umhlanga
0,OD400,,Poli With Fresh Coconut 4s,shop front,external,60074,Poli With Fresh Coconut 4s,,SHP-PFC-4S,60,,OD400 - Umhlanga
7.0486,OD400,,Poli (4s),shop front,external,60072,Poli (4s),,SHP-POL-EAC,50,,OD400 - Umhlanga
0,OD400,,Puri Patha Platter 30s,shop front,internal,0,Puri Patha Platter 30s,,SHP-PPP-30S,480,,OD400 - Umhlanga
0,OD400,,Rainbow Sponge Log,shop front,internal,16027,Rainbow Sponge Log,,SHP-RAI-EAC,65,,OD400 - Umhlanga
0,OD400,,Raisin Loaf,shop front,internal,16028,Raisin Loaf,,SHP-RAL-EAC,18,,OD400 - Umhlanga
60,OD400,,DC Ribbon Box,shop,external,-2146826246,DC Ribbon Box,,SHP-RBS-EAC,120,,OD400 - Umhlanga
0,OD400,,Rooibos Tea Tall,drink,internal,0,Rooibos Tea Tall,,SHP-RBT-LRG,28,,OD400 - Umhlanga
0,OD400,,DC Rajasthani Jewel Sweetmeats 595g,shop front,external,9006,DC Rajasthani Jewel Sweetmeats 595g,,SHP-RJS-595,360,,OD400 - Umhlanga
120,OD400,,DC Diwali PVC Sweetmeat with Bow n Sticker,shop front,external,0,DC Diwali Round Clear Assorted,,SHP-RLC-EAC,160,,OD400 - Umhlanga
0,OD400,,Rolls 60g Soft Hotdog 6s,shop front,internal,16029,Rolls 60g Soft Hotdog 6s,,SHP-ROLL-06S,18,,OD400 - Umhlanga
0,OD400,,Rolls 60g Soft Hotdog 12s,shop front,internal,16030,Rolls 60g Soft Hotdog 12s,,SHP-ROLL-12S,36,,OD400 - Umhlanga
0,OD400,,Rotis 12s,shpo front,internal,16046,Rotis 12s,,SHP-ROT-EAC,45,,OD400 - Umhlanga
77,OD400,,DC Bandhani Burfee Box (9s),shop front,external,0,DC Sweetmeats Boujee Burfee,,SHP-SBB-EACH,100,,OD400 - Umhlanga
0,OD400,,Burfee Soji Cake,shop front,internal,8050,Burfee Soji Cake,,SHP-SBC-EAC,130,,OD400 - Umhlanga
0,OD400,,Scones Fruit 4s,shop front,internal,16032,Scones Fruit 4s,,SHP-SCF-EAC,40,,OD400 - Umhlanga
0,OD400,,Dome Buttercream Christmas Cake,shop front,internal,16034,Dome Buttercream Christmas Cake,,SHP-SCG-EAC,40,,OD400 - Umhlanga
0,OD400,,Scones 4s,shop front,internal,16033,Scones 4s,,SHP-SCO-EAC,38,,OD400 - Umhlanga
75,OD400,,DC Diwali Small Designer Box,shop front,external,0,DC Diwali Small Designer Box,,SHP-SDB-EAC,130,,OD400 - Umhlanga
7.0486,OD400,,Soji Poli (5s),shop front,external,60073,Soji Poli (5s),,SHP-SPO-EACH,60,,OD400 - Umhlanga
0,OD400,,Strawberry Sponge Cake,shop front,internal,6001651009125,Strawberry Sponge Cake,,SHP-SSC-EAC,50,,OD400 - Umhlanga
0,OD400,,Eggless Trifle Sponge,shop front,internal,0,Eggless Trifle Sponge,,SHP-STE-EAC,90,,OD400 - Umhlanga
0,OD400,,DC Traingle Lotus Box,shop front,external,0,DC Traingle Lotus Box,,SHP-TLB-EAC,210,,OD400 - Umhlanga
0,OD400,,Trifle Sponge,shop front,internal,16035,Trifle Sponge,,SHP-TRI-EAC,30,,OD400 - Umhlanga
0,OD400,,Christmas Windsor iced,shop front,internal,16037,Christmas Windsor iced,,SHP-WIC-EAC,70,,OD400 - Umhlanga
44,OD400,,Maya Spices Chevda 250g,snack,external,16047,Maya Spices Chevda 250g,,SNA-CHE-EAC,60,,OD400 - Umhlanga
9,OD400,,Kashmiri Murkoo,snack,external,6009659190678,Kashmiri Murkoo,,SNA-KMU-EAC,25,,OD400 - Umhlanga
23,OD400,,Murkoo Extra Large Plain,snack,external,13007,Murkoo Extra Large Plain,,SNA-LMP-EAC,50,,OD400 - Umhlanga
23,OD400,,Murkoo Extra Large,snack,external,0,Murkoo Extra Large,,SNA-LMS-EAC,50,,OD400 - Umhlanga
0,OD400,,Murkoo Original Crunch,snack,external,6001651026986,Murkoo Original Crunch,,SNA-MOC-EAC,30,,OD400 - Umhlanga
0,OD400,,Murkoo sticks flavoured,snack,external,30781,Murkoo sticks flavoured,,SNA-MSF-EAC,20,,OD400 - Umhlanga
7.5,OD400,,Murkoo Sticks,snack,external,5010,Murkoo Sticks,,SNA-MUS-EAC,20,,OD400 - Umhlanga
0,OD400,,ralphies nutties 60g,snack,external,6002849000177,ralphies nutties 60g,,SNA-NUT-60G,7,,OD400 - Umhlanga
25,OD400,,Papdi Ganthiya,snack,external,4001,Papdi Ganthiya,,SNA-PGA-EAC,45,,OD400 - Umhlanga
9,OD400,,PNS Murkoo,snack,external,30491,PNS Murkoo,,SNA-PNM-EAC,11.8,,OD400 - Umhlanga
7.4,OD400,,PNS Traditional Murkoo,snack,external,6002415000501,PNS Traditional Murkoo,,SNA-PNT-EAC,9.5,,OD400 - Umhlanga
26,OD400,,Serve and Nuts 400g,snack,external,,Serve and Nuts 400g,,SNA-SAN-400,50,,OD400 - Umhlanga
6,OD400,,Serv & Nuts,snack,external,0,Serv & Nuts,,SNA-SAN-EAC,20,,OD400 - Umhlanga
0,OD400,,Soft Gantia,snack,external,0,Soft Gantia,,SNA-SGA-EAC,55,,OD400 - Umhlanga
0,OD400,,Spice- Whole Black Pepper,ingredient,external,0,Spice- Whole Black Pepper,,SPI-BPE-KGR,,,OD400 - Umhlanga
0,OD400,,Spice Cook In Bag,ingredient,external,0,Spice Cook In Bag,,SPI-CIB-EAC,,,OD400 - Umhlanga
0,OD400,,Spice - Cinnamon Sticks,ingredient,external,0,Spice - Cinnamon Sticks,,SPI-CIS-EAC,,,OD400 - Umhlanga
180,OD400,,Spice- Dhania Powder,ingredient,external,0,Spice- Dhania Powder,,SPI-DHA-KGR,,,OD400 - Umhlanga
300,OD400,,Spice-Garum Masala,ingredient,external,0,Spice-Garum Masala,,SPI-GAR-KGR,,,OD400 - Umhlanga
78.2609,OD400,,Ginger & Garlic,ingredient,external,0,Ginger & Garlic,,SPI-GIN-KGR,,,OD400 - Umhlanga
110,OD400,,Spice - Mayas Jeera Powder,ingredient,external,0,Spice - Mayas Jeera Powder,,SPI-JEE-KGR,,,OD400 - Umhlanga
0,OD400,,Spice Jeera Powder,ingredient,external,0,Spice Jeera Powder,,SPI-JEP-KGR,,,OD400 - Umhlanga
0,OD400,,Spice- Knorrx Mutton Flavour 12s,ingredient,external,0,Spice- Knorrx Mutton Flavour 12s,,SPI-KNO-EAC,,,OD400 - Umhlanga
0,OD400,,Spice- Chilli Powder,ingredient,external,0,Spice- Chilli Powder,,SPI-MAS-KGR,,,OD400 - Umhlanga
0,OD400,,Spice - Mint,ingredient,external,0,Spice - Mint,,SPI-MIN-EAC,,,OD400 - Umhlanga
150,OD400,,Spice- Mayas Mixed Masala,ingredient,external,0,Spice- Mayas Mixed Masala,,SPI-MIX-KGR,,,OD400 - Umhlanga
0,OD400,,Manilal Special Mix Masala,ingredient,external,0,Manilal Special Mix Masala,,SPI-MSM-KGR,,,OD400 - Umhlanga
0,OD400,,Nola Mayonaise,ingredient,external,0,Nola Mayonaise,,SPI-NOL-KGR,,,OD400 - Umhlanga
0,OD400,,Parsley,ingredient,external,0,Parsley,,SPI-PAR-EAC,,,OD400 - Umhlanga
0,OD400,,SVS Spices 100g,ingredient,external,0,SVS Spices 100g,,SPI-SVS-100G,35,,OD400 - Umhlanga
0,OD400,,SVS Spices 100g,ingredient,external,0,SVS Spices 100g,,SPI-SVS-100G,,,OD400 - Umhlanga
0,OD400,,SVS Spices 150g,-2146826246,-2146826246,-2146826246,-2146826246,,SPI-SVS-150G,40,,OD400 - Umhlanga
0,OD400,,SVS Spices 150g,-2146826246,-2146826246,-2146826246,-2146826246,,SPI-SVS-150G,,,OD400 - Umhlanga
0,OD400,,SVS Spices 50g,ingredient,external,0,SVS Spices 50g,,SPI-SVS-50G,25,,OD400 - Umhlanga
0,OD400,,SVS Spices 50g,ingredient,external,0,SVS Spices 50g,,SPI-SVS-50G,,,OD400 - Umhlanga
0,OD400,,Spice - Fresh Thyme,ingredient,external,0,Spice - Fresh Thyme,,SPI-THY-EACH,,,OD400 - Umhlanga
80,OD400,,Spice Tumeric,ingredient,external,0,Spice Tumeric,,SPI-TUM-KGR,,,OD400 - Umhlanga
0,OD400,,BD20 Buttercream Eggless Cake,buttercream square ,internal,0,BD20 Buttercream Eggless Cake,,SRN-BCE-020,1040,,OD400 - Umhlanga
0,OD400,,Cream colour cream only - 16,miscellaneous,internal,0,Cream colour cream only - 16,,SRN-CRM-016,100,,OD400 - Umhlanga
0,OD400,,BD 20 Fresh Cream Eggless cake,freshcream square eggless,internal,0,BD 20 Fresh Cream Eggless cake,,SRN-FCE-020,1120,,OD400 - Umhlanga
0,OD400,,Strawberry Jam only - 12,miscellaneous,internal,0,Strawberry Jam only - 12,,SRN-JAM-012,100,,OD400 - Umhlanga
0,OD400,,Strawberry Jam only - 14,miscellaneous,internal,0,Strawberry Jam only - 14,,SRN-JAM-014,120,,OD400 - Umhlanga
0,OD400,,Strawberry Jam only - 16,miscellaneous,internal,0,Strawberry Jam only - 16,,SRN-JAM-016,140,,OD400 - Umhlanga
0,OD400,,Strawberry Jam Only-20,miscellenous,internal,0,Strawberry Jam Only-20,,SRN-JAM-20,220,,OD400 - Umhlanga
0,OD400,,Painting on Roses,miscellaneous,internal,0,Painting on Roses,,SRN-PAI-EAC,5,,OD400 - Umhlanga
0,OD400,,Peach Slices Only 14,miscellaneous,internal,0,Peach Slices Only 14,,SRN-PEA-014,75,,OD400 - Umhlanga
0,OD400,,BD14' Round covered in plastic icing and daisies,novelty,internal,0,BD14' Round covered in plastic icing and daisies,,SRN-PID-014,0,,OD400 - Umhlanga
0,OD400,,Plastic Icing Covering Only 12,miscellaneous,internal,0,Plastic Icing Covering Only 12,,SRN-PLI-012,500,,OD400 - Umhlanga
0,OD400,,Plastic Icing Covering Only 16,miscellenous,internal,0,Plastic Icing Covering Only 16,,SRN-PLI-016,500,,OD400 - Umhlanga
0,OD400,,BD2 Tier Stack Sponge- Plastic Icing-12&14,novelty,internal,0,BD2 Tier Stack Sponge- Plastic Icing-12&14,,SRN-STA-2TI,2500,,OD400 - Umhlanga
0,OD400,,BD 3 Tier Stack Sponge- Plastic Icing 101214,novelty,internal,,BD 3 Tier Stack Sponge- Plastic Icing 101214,,SRN-STA-3TI,3600,,OD400 - Umhlanga
0,OD400,,Masala Bor,sweet,external,6009625510592,Masala Bor,,SWE-BOR-EAC,6,,OD400 - Umhlanga
0,OD400,,Chocolate Rocher,sweet,external,6009614200558,Chocolate Rocher,,SWE-CRO-EAC,8,,OD400 - Umhlanga
0,OD400,,Green Chillies,ingredient,external,0,Green Chillies,,VEG-CHI-KGR,,,OD400 - Umhlanga
0,OD400,,Water,ingredient,external,0,Water,,Water,,,OD400 - Umhlanga
1,OD400,,Fruit Banana,ingredient,external,30094,Fruit Banana,,XBF-BAN-EAC,,,OD400 - Umhlanga
214.5,OD400,,Banana Essence,ingredient,external,0,Banana Essence,,XBF-BAN-KGR,0,,OD400 - Umhlanga
211.2825,OD400,,Banana Essence,ingredient,external,0,Banana Essence,,XBF-BAN-KGR,,,OD400 - Umhlanga
40.9019503547258,OD400,,Chellies Red Alpine,ingredient,external,30084,Chellies Red Alpine,,XBF-CHL-KGR,,,OD400 - Umhlanga
64.21332,OD400,,Fruit Cut Peel,ingredient,external,30086,Fruit Cut Peel,,XBF-CUT-KGR,,,OD400 - Umhlanga
26.3771065367735,OD400,,Fruit Mix (Chipkins),ingredient,external,30089,Fruit Mix (Chipkins),,XBF-FMX-KGR,,,OD400 - Umhlanga
0,OD400,,Pitted Dates,ingredient,external,0,Pitted Dates,,XBF-PDA-KGR,,,OD400 - Umhlanga
16.4,OD400,,Fruit Pie Apples,ingredient,external,30092,Fruit Pie Apples,,XBF-PIE-KGR,,,OD400 - Umhlanga
71.2122448979592,OD400,,Red Whole Cherries,ingredient,external,30669,Red Whole Cherries,,XBF-RWC-KGR,,,OD400 - Umhlanga
67.65,OD400,,Berries Blend,ingredient,external,0,Berries Blend,,XBR-BEB-1KGR,,,OD400 - Umhlanga
97.92,OD400,,Mango Diced Fruit,ingredient,external,0,Mango Diced Fruit,,XBR-MDF-1KGR,,,OD400 - Umhlanga
0,OD400,,Tomatoe Paste 3.06kg,ingredient,external,0,Tomatoe Paste 3.06kg,,XBR-TOM-KGR,,,OD400 - Umhlanga
48.945,OD400,,Chocolate Choco Blocks,ingredient,external,30158,Chocolate Choco Blocks,,XCH-CCB-KGR,,,OD400 - Umhlanga
66.6592330722367,OD400,,Chocolate Chockex Chips Milk,ingredient,external,30157,Chocolate Chockex Chips Milk,,XCH-CCM-KGR,,,OD400 - Umhlanga
66.5664305300917,OD400,,Chocolate Chockex Chips White,ingredient,external,30159,Chocolate Chockex Chips White,,XCH-CCW-KGR,,,OD400 - Umhlanga
18.7232,OD400,,Chocolate Peppermint Crisp,ingredient,external,,Chocolate Peppermint Crisp,,XCH-PMC-EAC,,,OD400 - Umhlanga
125.837733607595,OD400,,Powder Cocoa,ingredient,external,30238,Powder Cocoa,,XCH-POW-KGR,,,OD400 - Umhlanga
55.6248,OD400,,Tin Glide 5kg,ingredient,external,0,Tin Glide 5kg,,XCH-TIN-KG,,,OD400 - Umhlanga
52.0394485950413,OD400,,Vermicelli Chocolate,ingredients,external,30163,Vermicelli Chocolate,,XCH-VER-KGR,,,OD400 - Umhlanga
123.573108108108,OD400,,Aniseed Essence,ingredients,external,0,Aniseed Essence,,XCO-AES-LTR,,,OD400 - Umhlanga
210.55,OD400,,Bread Crumbs,ingredient,external,0,Bread Crumbs,,XCO-BCR-KGR,,,OD400 - Umhlanga
41.7390730909091,OD400,,Black Jack,ingredient,external,30225,Black Jack,,XCO-BLA-KGR,,,OD400 - Umhlanga
160.29,OD400,,Coloured Powder Lemon Yellow,ingredient,external,30164,Coloured Powder Lemon Yellow,,XCO-LEM-KGR,,,OD400 - Umhlanga
159.695,OD400,,powder food colouring blue,ingredient,external,30176,powder food colouring blue,,XCO-PBL-KGR,,,OD400 - Umhlanga
160,OD400,,Powder colouring green,ingredient,external,30175,Powder colouring green,,XCO-PGN-KGR,,,OD400 - Umhlanga
124.1383,OD400,,Pillar Box Red,ingredient,external,30173,Pillar Box Red,,XCO-PIL-KGR,,,OD400 - Umhlanga
0,OD400,,Red piping gel,ingredient,external,30177,Red piping gel,,XCO-REG-EAC,,,OD400 - Umhlanga
68.305,OD400,,Vanilla Essence,ingredient,external,30708,Vanilla Essence,,XCO-VES-LTR,0,,OD400 - Umhlanga
68.305,OD400,,Vanilla Essence,ingredient,external,30708,Vanilla Essence,,XCO-VES-LTR,,,OD400 - Umhlanga
78.2625,OD400,,Berg Cheese,ingredient,external,0,Berg Cheese,,XDA-BERG-KGR,,,OD400 - Umhlanga
40.3564,OD400,,Buttermilk,ingredient,external,30756,Buttermilk,,XDA-BUT-EAC,,,OD400 - Umhlanga
49.49,OD400,,Chicken Breast Fillet,ingredient,external,0,Chicken Breast Fillet,,XDA-CBF-KGR,0,,OD400 - Umhlanga
49.49,OD400,,Chicken Breast Fillet,ingredient,external,0,Chicken Breast Fillet,,XDA-CBF-KGR,,,OD400 - Umhlanga
95.4323387771964,OD400,,Cheese Cottage Smooth,ingredient,external,30179,Cheese Cottage Smooth,,XDA-CCS-KGR,,,OD400 - Umhlanga
101.665926860314,OD400,,Cheddar Cheese,ingredient,external,30562,Cheddar Cheese,,XDA-CHE-KGR,,,OD400 - Umhlanga
82.6087,OD400,,Chicken Wings Drumettes,ingredient,external,0,Chicken Wings Drumettes,,XDA-CHI-EAC,0,,OD400 - Umhlanga
105,OD400,,Chicken Wings Drumettes,ingredient,external,0,Chicken Wings Drumettes,,XDA-CHI-EAC,,,OD400 - Umhlanga
93.3725,OD400,,Cheese Feta,ingredient,external,,Cheese Feta,,XDA-CMO-KGR,,,OD400 - Umhlanga
38.05,OD400,,Crab Sticks,ingredient,external,0,Crab Sticks,,XDA-CRA-1KG,0,,OD400 - Umhlanga
38.05,OD400,,Crab Sticks,ingredient,external,0,Crab Sticks,,XDA-CRA-1KG,,,OD400 - Umhlanga
123.869766926503,OD400,,Cream Cheese,ingredient,external,30848,Cream Cheese,,XDA-CRE-250,,,OD400 - Umhlanga
47.6375387702525,OD400,,Cream Fresh 500ml,ingredient,external,30180,Cream Fresh 500ml,,XDA-CRF-500,,,OD400 - Umhlanga
95.6522,OD400,,Chicken Salsa Snack Wings 6kg,ingredient,external,0,Chicken Salsa Snack Wings 6kg,,XDA-CSS-KGR,0,,OD400 - Umhlanga
95.6522,OD400,,Chicken Salsa Snack Wings 6kg,ingredient,external,0,Chicken Salsa Snack Wings 6kg,,XDA-CSS-KGR,,,OD400 - Umhlanga
60.8696,OD400,,Chicken Tikka Sausage,ingredient,external,0,Chicken Tikka Sausage,,XDA-CTS-KGR,,,OD400 - Umhlanga
13.5,OD400,,Cream Fresh 250ml,ingredient,external,0,Cream Fresh 250ml,,XDA-FCR-250ML,,,OD400 - Umhlanga
73.7857142857143,OD400,,Flora light,consumables,external,0,Flora light,,XDA-FLO-KGR,,,OD400 - Umhlanga
138.45,OD400,,Hake Fillet -fish,ingredient,external,0,Hake Fillet -fish,,XDA-HAK-1KG,0,,OD400 - Umhlanga
35.6,OD400,,Jalapenos,ingredient,external,0,Jalapenos,,XDA-JAL-KGR,0,,OD400 - Umhlanga
35.6,OD400,,Jalapenos,ingredient,external,0,Jalapenos,,XDA-JAL-KGR,,,OD400 - Umhlanga
86.087,OD400,,Lamb Mince,ingredient,external,0,Lamb Mince,,XDA-LAM- KGR,,,OD400 - Umhlanga
1.0833,OD400,,Mini Butter Portions 8grams,ingredient,external,0,Mini Butter Portions 8grams,,XDA-MBP-EAC,0,,OD400 - Umhlanga
1.0833,OD400,,Mini Butter Portions 8grams,ingredient,external,0,Mini Butter Portions 8grams,,XDA-MBP-EAC,,,OD400 - Umhlanga
0,OD400,,Mutton Cheese Patties,ingredient,external,0,Mutton Cheese Patties,,XDA-MCP-KGR,,,OD400 - Umhlanga
1.15,OD400,,Mini Jam Portions 15Grams,ingredient,external,0,Mini Jam Portions 15Grams,,XDA-MJP-EAC,0,,OD400 - Umhlanga
37.108,OD400,,Mix Veggies Mcain,ingredient,external,0,Mix Veggies Mcain,,XDA-MVE-KGR,0,,OD400 - Umhlanga
37.108,OD400,,Mix Veggies Mcain,ingredient,external,0,Mix Veggies Mcain,,XDA-MVE-KGR,,,OD400 - Umhlanga
46.0948400024886,OD400,,Non Dairy Cream,ingredient,external,30183,Non Dairy Cream,,XDA-NON-KGR,,,OD400 - Umhlanga
22.28,OD400,,Nutriday Yogurt Plain,ingredient,external,30597,Nutriday Yogurt Plain,,XDA-NUT-LTR,,,OD400 - Umhlanga
50,OD400,,Cream Fresh Orange Grove 1litre,ingredient,external,0,Cream Fresh Orange Grove 1litre,,XDA-OGC-LTR,,,OD400 - Umhlanga
85.2174,OD400,,Oriental Mutton Sausage,ingredient,external,0,Oriental Mutton Sausage,,XDA-OMU-KGR,,,OD400 - Umhlanga
18.3333,OD400,,Unbaked Patha Rolls,ingredient,external,0,Unbaked Patha Rolls,,XDA-PAR-EAC,,,OD400 - Umhlanga
42.12,OD400,,Peas Frozen 10kg,ingredient,external,0,Peas Frozen 10kg,,XDA-PEA-KGR,,,OD400 - Umhlanga
0,OD400,,Fathimas Puff Pastry 1kg,ingredient,external,0,Fathimas Puff Pastry 1kg,,XDA-PUP-KGR,,,OD400 - Umhlanga
27.5362,OD400,,Saldanha Middlecut Tin Fish 400g,ingredient,external,0,Saldanha Middlecut Tin Fish 400g,,XDA-SMF-EAC,,,OD400 - Umhlanga
0,OD400,,Tommy Marinated Mince,ingredient,external,0,Tommy Marinated Mince,,XDA-SOY-KGR,,,OD400 - Umhlanga
123.5294,OD400,,Tuna Chunks In Brine 1.7kg,ingredient,external,0,Tuna Chunks In Brine 1.7kg,,XDA-TUC-KGR,,,OD400 - Umhlanga
132.7176,OD400,,Tuna Shredded In Brine 1.7kg,ingredient,external,0,Tuna Shredded In Brine 1.7kg,,XDA-TUS-KGR,,,OD400 - Umhlanga
18.4,OD400,,Tomato Whole Peeled,ingredient,external,0,Tomato Whole Peeled,,XDA-TWP-KGR,,,OD400 - Umhlanga
90,OD400,,Yeast Dry,ingredient,external,0,Yeast Dry,,XDA-YDR-KGR,,,OD400 - Umhlanga
0,OD400,,Astd roses,miscellaneous,external,30836,Astd roses,,XDE-AST-EAC,,,OD400 - Umhlanga
426.51,OD400,,Gold Beads per Kg,ingredient,external,30187,Gold Beads per Kg,,XDE-GBD-KGR,,,OD400 - Umhlanga
17,OD400,,Glitter,ingredient,external,30186,Glitter,,XDE-GLI-EAC,,,OD400 - Umhlanga
51.687875,OD400,,Non Pareil,ingredient,external,30195,Non Pareil,,XDE-NOP-KGR,,,OD400 - Umhlanga
211.4563,OD400,,Powder Metallic Gold,ingredient,external,30196,Powder Metallic Gold,,XDE-PMG-KGR,,,OD400 - Umhlanga
184.6,OD400,,Powder Metallic Silver,ingredient,external,30197,Powder Metallic Silver,,XDE-PMS-KGR,,,OD400 - Umhlanga
24.4831,OD400,,Ribbon,consumables,external,30198,Ribbon,,XDE-RIB-EAC,,,OD400 - Umhlanga
0,OD400,,Ribbon tear 1 Roll,miscellaneous,external,30201,Ribbon tear 1 Roll,,XDE-TEA-EAC,,,OD400 - Umhlanga
21.49,OD400,,Bakers Tennis Biscuit 200g,ingredient,external,0,Bakers Tennis Biscuit 200g,,XDO-BTE-200G,,,OD400 - Umhlanga
0,OD400,,Cooking Oil 5ltrs,ingredient,external,0,Cooking Oil 5ltrs,,XFA-COO-LTR,,,OD400 - Umhlanga
35.6125,OD400,,Crispa Oil,ingredient,external,30615,Crispa Oil,,XFA-CRI-LTR,0,,OD400 - Umhlanga
46.6666,OD400,,Eggs,ingredient,external,0,Eggs,,XFA-EGG-KGR,0,,OD400 - Umhlanga
46.6666,OD400,,Eggs,ingredient,external,0,Eggs,,XFA-EGG-KGR,,,OD400 - Umhlanga
26.9851074074074,OD400,,Fat Pastrex Super,ingredient,external,30206,Fat Pastrex Super,,XFA-FPS-KGR,,,OD400 - Umhlanga
48.5781263157895,OD400,,Margarine Marvello Yellow,ingredient,external,30208,Margarine Marvello Yellow,,XFA-MAR-KGR,,,OD400 - Umhlanga
31.92,OD400,,Margarine Mastercraft White,ingredient,external,30209,Margarine Mastercraft White,,XFA-MAS-KGR,0,,OD400 - Umhlanga
31.4412,OD400,,Margarine Mastercraft White,ingredient,external,30209,Margarine Mastercraft White,,XFA-MAS-KGR,,,OD400 - Umhlanga
61.4204708723212,OD400,,Mooi river butter,ingredient,external,30780,Mooi river butter,,XFA-MOO-KGR,,,OD400 - Umhlanga
19.1741454545455,OD400,,Margarine Mr G,ingredient,external,30210,Margarine Mr G,,XFA-MRG-KGR,,,OD400 - Umhlanga
24.45,OD400,,Oil Crispa Gold,ingredients,external,30211,Oil Crispa Gold,,XFA-OIL-LTR,0,,OD400 - Umhlanga
22.4105409090909,OD400,,Oil Crispa Gold,ingredients,external,30211,Oil Crispa Gold,,XFA-OIL-LTR,,,OD400 - Umhlanga
41.5992215598944,OD400,,Ovalette,ingredient,external,30212,Ovalette,,XFA-OVA-KGR,,,OD400 - Umhlanga
33.142969874477,OD400,,Pastrex Super,ingredient,external,30672,Pastrex Super,,XFA-PTX-KGR,,,OD400 - Umhlanga
0,OD400,,Rama,ingredient,external,30810,Rama,,XFA-RAM-KGR,,,OD400 - Umhlanga
18.9110301602262,OD400,,Release,ingredient,external,30213,Release,,XFA-REL-LTR,,,OD400 - Umhlanga
39.524,OD400,,Sunflower Sunfoil 5 Ltr,ingredient,external,0,Sunflower Sunfoil 5 Ltr,,XFA-SOI-LTR,,,OD400 - Umhlanga
19.2044990276382,OD400,,Sorbitol 30LTR,ingredient,external,30242,Sorbitol 30LTR,,XFA-SOR-LRT,,,OD400 - Umhlanga
33.9428617378049,OD400,,Yeast Wet,ingredient,external,30244,Yeast Wet,,XFA-YWT-KGR,,,OD400 - Umhlanga
6.16513476923077,OD400,,Flour Brown,packaging,external,30215,Flour Brown,,XFL-BRF-125,,,OD400 - Umhlanga
11.9192,OD400,,FlourCake,ingredients,external,30217,FlourCake,,XFL-CAF-125,,,OD400 - Umhlanga
13.232,OD400,,Complete Mix - Brown Bread Flour,ingredients,external,0,Complete Mix - Brown Bread Flour,,XFL-CMB-125,0,,OD400 - Umhlanga
13.09968,OD400,,Complete Mix - Brown Bread Flour,ingredients,external,0,Complete Mix - Brown Bread Flour,,XFL-CMB-125,,,OD400 - Umhlanga
13.4344,OD400,,Complete Mix - White Bread Flour,ingredient,external,0,Complete Mix - White Bread Flour,,XFL-CMW-125,0,,OD400 - Umhlanga
13.300056,OD400,,Complete Mix - White Bread Flour,ingredient,external,0,Complete Mix - White Bread Flour,,XFL-CMW-125,,,OD400 - Umhlanga
16.869,OD400,,Semolina Golden Cloud 1kg,ingredient,external,0,Semolina Golden Cloud 1kg,,XFL-GSE-KGR,,,OD400 - Umhlanga
10.399,OD400,,Nyala Maize Meal 10kg,ingredient,external,0,Nyala Maize Meal 10kg,,XFL-NYA-KGR,,,OD400 - Umhlanga
19.6784,OD400,,Premix Bread S6002 5%,ingredient,external,0,Premix Bread S6002 5%,,XMO-BS6-KGR,,,OD400 - Umhlanga
44.296,OD400,,Premix Butter Flavoured Madeira 12.5kg,ingredient,external,0,Premix Butter Flavoured Madeira 12.5kg,,XMP -BFM-KGR,,,OD400 - Umhlanga
12.8,OD400,,Premix S6002 Bread,ingredient,external,0,Premix S6002 Bread,,XMP-S60-KGR,0,,OD400 - Umhlanga
12.544,OD400,,Premix S6002 Bread,ingredient,external,0,Premix S6002 Bread,,XMP-S60-KGR,,,OD400 - Umhlanga
53.7334,OD400,,Sponge Chocolate Coastal,ingredient,external,0,Sponge Chocolate Coastal,,XMP-SCC-KGR,,,OD400 - Umhlanga
190.9,OD400,,Soft Roll Alpaga Improver,ingredient,external,0,Soft Roll Alpaga Improver,,XMP-SRA-KGR,0,,OD400 - Umhlanga
187.082,OD400,,Soft Roll Alpaga Improver,ingredient,external,0,Soft Roll Alpaga Improver,,XMP-SRA-KGR,,,OD400 - Umhlanga
49.931392,OD400,,Sponge Redvelvet Premix,ingredient,external,0,Sponge Redvelvet Premix,,XMP-SRE-EAC,,,OD400 - Umhlanga
18.7,OD400,,Premix bread 5%,ingredient,external,0,Premix bread 5%,,XPM-5PB-KGR,0,,OD400 - Umhlanga
18.7,OD400,,Premix bread 5%,ingredient,external,0,Premix bread 5%,,XPM-5PB-KGR,,,OD400 - Umhlanga
49.053,OD400,,Apricot Flan Gel,ingredient,external,0,Apricot Flan Gel,,XPM-AFG-KGR,,,OD400 - Umhlanga
87.9508538461538,OD400,,Mix Chocomousse,ingredient,external,30110,Mix Chocomousse,,XPM-CCM-KGR,,,OD400 - Umhlanga
75.264,OD400,,Sponge Ebony Moist Choc Mix,ingredient,external,0,Sponge Ebony Moist Choc Mix,,XPM-EMC-KGR,,,OD400 - Umhlanga
37.24,OD400,,Premix 15% Sweet Fairglen,ingredient,external,30118,Premix 15% Sweet Fairglen,,XPM-FAI-KGR,,,OD400 - Umhlanga
50,OD400,,Fond Suisse,ingredient,external,30233,Fond Suisse,,XPM-FON-5KG,,,OD400 - Umhlanga
34.6577800563958,OD400,,Fruit Mince,ingredient,external,30088,Fruit Mince,,XPM-FRU-KGR,,,OD400 - Umhlanga
30.470843902439,OD400,,Hot x bun full premix,ingredient,external,30104,Hot x bun full premix,,XPM-HXB-KGR,,,OD400 - Umhlanga
60.0370913978494,OD400,,Kokomix Pettina,ingredient,external,,Kokomix Pettina,,XPM-KOK-KGR,,,OD400 - Umhlanga
37.1928571428571,OD400,,Mix Muesli Slice,ingredient,external,30113,Mix Muesli Slice,,XPM-MUE-KGR,,,OD400 - Umhlanga
67.3909078907436,OD400,,No-bake premix,ingredient,external,0,No-bake premix,,XPM-NOB-KGR,,,OD400 - Umhlanga
14.2369325153374,OD400,,Paste 4.5% Standard Bread,ingredient,external,30116,Paste 4.5% Standard Bread,,XPM-PAS-KGR,,,OD400 - Umhlanga
33.8844169597798,OD400,,Sponge Chocolate,ingredient,external,30099,Sponge Chocolate,,XPM-SCH-KGR,,,OD400 - Umhlanga
37.5820517786561,OD400,,Stabiliser Pettina Cream,ingredient,external,30243,Stabiliser Pettina Cream,,XPM-SPC-KGR,,,OD400 - Umhlanga
84.2776096124392,OD400,,Sponge Eggless,ingredient,external,30128,Sponge Eggless,,XPM-SPE-KGR,,,OD400 - Umhlanga
22.5086475095785,OD400,,Sponge Pettina Instant,ingredient,external,30100,Sponge Pettina Instant,,XPM-SPI-KGR,,,OD400 - Umhlanga
43.7472,OD400,,Sponge Instant Coastal,ingredient,external,0,Sponge Instant Coastal,,XPM-SVC-KGR,,,OD400 - Umhlanga
33.7244875283446,OD400,,Premix 20% Sweet Red,ingredient,external,30119,Premix 20% Sweet Red,,XPM-SWE-KGR,,,OD400 - Umhlanga
0,OD400,,Specialty-Chai,ingredient,external,0,Specialty-Chai,,XPO-BCS-KGR,,,OD400 - Umhlanga
0,OD400,,Monin Hazelnut Syrup,ingredient,external,0,Monin Hazelnut Syrup,,XPO-MHS-LTR,,,OD400 - Umhlanga
0,OD400,,Monin Vanilla Syrup,ingredient,external,0,Monin Vanilla Syrup,,XPO-MVS-LTR,,,OD400 - Umhlanga
0,OD400,,Specialty - Coffee Freezo,ingredient,external,0,Specialty - Coffee Freezo,,XPO-SCF-KGR,,,OD400 - Umhlanga
0,OD400,,Salted Caramel Milkshake Syrup,ingredient,external,0,Salted Caramel Milkshake Syrup,,XPO-SCM-LTR,,,OD400 - Umhlanga
0,OD400,,Specialty -Indonesian Coffee,ingredient,external,0,Specialty -Indonesian Coffee,,XPO-SIC-KGR,,,OD400 - Umhlanga
0,OD400,,Monin Caramel Sauce,ingredient,external,0,Monin Caramel Sauce,,XPO-SMC-EAC,,,OD400 - Umhlanga
0,OD400,,Monin Caramel Syrup,ingredient,external,0,Monin Caramel Syrup,,XPO-SMC-LTR,,,OD400 - Umhlanga
0,OD400,,Strawberry Milkshake Syrup,ingredient,external,0,Strawberry Milkshake Syrup,,XPO-SMS-LTR,,,OD400 - Umhlanga
103.874703832753,OD400,,Aniseed,ingredient,external,30479,Aniseed,,XSN-ANI-KGR,,,OD400 - Umhlanga
176.315,OD400,,Flaked Almonds 1Kg,ingredient,external,0,Flaked Almonds 1Kg,,XSN-FLA-KGR,,,OD400 - Umhlanga
46.5957115374314,OD400,,Nuts Nibb,ingredient,external,30131,Nuts Nibb,,XSN-NUT-KGR,,,OD400 - Umhlanga
134.925471153846,OD400,,Pecan Nut kg,ingredient,external,,Pecan Nut kg,,XSN-PEA-KGR,,,OD400 - Umhlanga
110,OD400,,Pecan Nut Halves,ingredient,external,0,Pecan Nut Halves,,XSN-PEH-KGR,,,OD400 - Umhlanga
159.790887407407,OD400,,seed poppy,ingredient,external,30135,seed poppy,,XSN-SDP-KGR,,,OD400 - Umhlanga
79.0504291666667,OD400,,Sesame Seed,Ingredient,external,30499,Sesame Seed,,XSN-SES-KGR,,,OD400 - Umhlanga
87.79,OD400,,Spice Jeera Whole,ingredient,external,0,Spice Jeera Whole,,XSN-SJEE-KGR,,,OD400 - Umhlanga
135.6125,OD400,,Spice Mixed Herbs,ingredient,external,0,Spice Mixed Herbs,,XSN-SMI-KGR,,,OD400 - Umhlanga
156.52,OD400,,Spice Origanum,ingredient,external,0,Spice Origanum,,XSN-SOR-KGR,,,OD400 - Umhlanga
0,OD400,,Whole Somph,ingredient,external,0,Whole Somph,,XSN-WHS-KGR,,,OD400 - Umhlanga
0,OD400,,Spice- Dhania,ingredient,external,0,Spice- Dhania,,XSP- DHA-EAC,,,OD400 - Umhlanga
173,OD400,,Ground Almonds,ingredient,external,0,Ground Almonds,,XSP-ALG-KGR,0,,OD400 - Umhlanga
170.405,OD400,,Ground Almonds,ingredient,external,0,Ground Almonds,,XSP-ALG-KGR,,,OD400 - Umhlanga
50.6473602316603,OD400,,Baking Powder (Hercules),ingredient,external,30239,Baking Powder (Hercules),,XSP-BAK-KGR,,,OD400 - Umhlanga
20.3412359550562,OD400,,Bicarbonate Soda,ingredient,external,30224,Bicarbonate Soda,,XSP-BIC-KGR,,,OD400 - Umhlanga
72.1766666666667,OD400,,Cinnamon Ground,ingredient,external,30506,Cinnamon Ground,,XSP-CIN-KGR,,,OD400 - Umhlanga
21.2887602407788,OD400,,CornFlour,ingredient,external,30633,CornFlour,,XSP-COR-KGR,,,OD400 - Umhlanga
4.40827058823529,OD400,,Salt Bale,ingredient,external,30240,Salt Bale,,XSP-SAL-EAC,,,OD400 - Umhlanga
0,OD400,,Spice Bunspice,ingredient,external,30142,Spice Bunspice,,XSP-SBN-KGR,,,OD400 - Umhlanga
440.2375,OD400,,Spice Nutmeg Ground 800g,ingredient,external,0,Spice Nutmeg Ground 800g,,XSP-SNU-800G,,,OD400 - Umhlanga
169.285714285714,OD400,,Whole Nutmeg,ingredient,external,1034,Whole Nutmeg,,XSP-WNM-KGR,,,OD400 - Umhlanga
186.4,OD400,,Equisweet Sucralose Sachets,ingredient,external,0,Equisweet Sucralose Sachets,,XSU-ESS-KGR,,,OD400 - Umhlanga
35.6,OD400,,Hullets Brown Sugar Tubes,ingredient,external,0,Hullets Brown Sugar Tubes,,XSU-IBS-KGR,,,OD400 - Umhlanga
35.6,OD400,,Huletts White Sugar Tubes,ingredient,external,0,Huletts White Sugar Tubes,,XSU-IWS-KGR,,,OD400 - Umhlanga
11.5823111111111,OD400,,Sugar Brown,ingredient,external,30148,Sugar Brown,,XSU-SBN-KGR,,,OD400 - Umhlanga
24.76,OD400,,Sugar Castor Huletts,ingredients,external,30149,Sugar Castor Huletts,,XSU-SCH-KGR,0,,OD400 - Umhlanga
24.3886,OD400,,Sugar Castor Huletts,ingredients,external,30149,Sugar Castor Huletts,,XSU-SCH-KGR,,,OD400 - Umhlanga
23.16,OD400,,Sugar Icing Huletts,ingredient,external,30150,Sugar Icing Huletts,,XSU-SIC-KGR,0,,OD400 - Umhlanga
22.8126,OD400,,Sugar Icing Huletts,ingredient,external,30150,Sugar Icing Huletts,,XSU-SIC-KGR,,,OD400 - Umhlanga
16.0881708737864,OD400,,Sugar White Huletts,ingredient,external,30151,Sugar White Huletts,,XSU-SWH-KGR,,,OD400 - Umhlanga
0,OD400,,Pineapple Rings 440g,ingredient,external,0,Pineapple Rings 440g,,XTO - PIR-KGR,,,OD400 - Umhlanga
0,OD400,,Espresso Grind Slojo Spiced Chai,ingredient,external,0,Espresso Grind Slojo Spiced Chai,,XTO- ESG-KGR,,,OD400 - Umhlanga
240.6,OD400,,Espresso Coffee Beans Decaf,ingredient,external,0,Espresso Coffee Beans Decaf,,XTO- ESP-KGR,,,OD400 - Umhlanga
0,OD400,,Green Tea,drink,external,0,Green Tea,,XTO- GRT-EAC,,,OD400 - Umhlanga
0,OD400,,Gatti Vanilla Ice Cream,ingredient,external,0,Gatti Vanilla Ice Cream,,XTO- VIC-LTR,,,OD400 - Umhlanga
36.4728320925996,OD400,,Jam Apricot (All Gold),ingredient,external,30219,Jam Apricot (All Gold),,XTO-AJM-KGR,,,OD400 - Umhlanga
0,OD400,,Almond Essence,ingredient,external,0,Almond Essence,,XTO-ALE-KGR,,,OD400 - Umhlanga
29.6666666666667,OD400,,Almond Icing,ingredient,external,30188,Almond Icing,,XTO-ALM-KGR,,,OD400 - Umhlanga
0,OD400,,Ayesha Samoosa Strips,ingredient,external,0,Ayesha Samoosa Strips,,XTO-ASA-KGR,,,OD400 - Umhlanga
110.683631826568,OD400,,Bar One Spread,ingredient,external,30651,Bar One Spread,,XTO-BAR-KGR,,,OD400 - Umhlanga
134,OD400,,Officemate Creamy Chai Latte,ingredient,external,0,Officemate Creamy Chai Latte,,XTO-CCL-KGR,,,OD400 - Umhlanga
89.272,OD400,,Cereal Choc Future Life 1.25kg,ingredient,external,0,Cereal Choc Future Life 1.25kg,,XTO-CFU-KGR,,,OD400 - Umhlanga
79.1520376799999,OD400,,Pie Filling Black Forest Pie Filling,ingredient,external,30222,Pie Filling Black Forest Pie Filling,,XTO-CHE-KGR,,,OD400 - Umhlanga
0.57,OD400,,Sauce Chilli 2lt,ingredient,external,0,Sauce Chilli 2lt,,XTO-CHI-LTR,,,OD400 - Umhlanga
270,OD400,,Coffee Beans,ingredient,external,0,Coffee Beans,,XTO-COB-KGR,,,OD400 - Umhlanga
67.5,OD400,,Carte D Toffee Sauce,ingredient,external,0,Carte D Toffee Sauce,,XTO-CTS-EAC,0,,OD400 - Umhlanga
66.4875,OD400,,Carte D Toffee Sauce,ingredient,external,0,Carte D Toffee Sauce,,XTO-CTS-EAC,,,OD400 - Umhlanga
94.5,OD400,,Officemate Dark Hot Choc,ingredient,external,0,Officemate Dark Hot Choc,,XTO-DHC-KGR,,,OD400 - Umhlanga
60,OD400,,Spread Garlic & Herb,ingredient,external,0,Spread Garlic & Herb,,XTO-GAR-KGR,0,,OD400 - Umhlanga
58.8,OD400,,Spread Garlic & Herb,ingredient,external,0,Spread Garlic & Herb,,XTO-GAR-KGR,,,OD400 - Umhlanga
39.5822,OD400,,Pie Filling Granadilla,ingredient,external,30221,Pie Filling Granadilla,,XTO-GRA-KGR,,,OD400 - Umhlanga
38.1116097835242,OD400,,Golden Syrup,ingredient,external,30561,Golden Syrup,,XTO-GSP-KGR,,,OD400 - Umhlanga
0,OD400,,Spread Hazelnut 5kg,ingredient,external,0,Spread Hazelnut 5kg,,XTO-HAS-KGR,,,OD400 - Umhlanga
120.5,OD400,,Hot Chocolate Coffee Merchant,ingredient,external,0,Hot Chocolate Coffee Merchant,,XTO-HCC-KGR,,,OD400 - Umhlanga
105,OD400,,Carte D Hot Pudding Mix,ingredient,external,0,Carte D Hot Pudding Mix,,XTO-HPM-EAC,0,,OD400 - Umhlanga
103.425,OD400,,Carte D Hot Pudding Mix,ingredient,external,0,Carte D Hot Pudding Mix,,XTO-HPM-EAC,,,OD400 - Umhlanga
112.2615825,OD400,,Hazelnut Praline,ingredient,external,30152,Hazelnut Praline,,XTO-HZL-KGR,,,OD400 - Umhlanga
0,OD400,,Ice,ingredient,external,0,Ice,,XTO-ICE-KGR,,,OD400 - Umhlanga
72.5846978313254,OD400,,Instant Custard Kramess,ingredient,external,30105,Instant Custard Kramess,,XTO-ICK-5KG,,,OD400 - Umhlanga
0,OD400,,Assorted Jelly,ingredient,external,0,Assorted Jelly,,XTO-JEL-KG,0,,OD400 - Umhlanga
0,OD400,,Assorted Jelly,ingredient,external,0,Assorted Jelly,,XTO-JEL-KG,,,OD400 - Umhlanga
152.2125,OD400,,Knorr Brown Onion Soup,ingredient,external,0,Knorr Brown Onion Soup,,XTO-KBO-EAC,0,,OD400 - Umhlanga
152.2125,OD400,,Knorr Brown Onion Soup,ingredient,external,0,Knorr Brown Onion Soup,,XTO-KBO-EAC,,,OD400 - Umhlanga
4.6348,OD400,,Knorr Creamy Mushroom Sauce,ingredient,external,0,Knorr Creamy Mushroom Sauce,,XTO-KCM-EAC,0,,OD400 - Umhlanga
4.6348,OD400,,Knorr Creamy Mushroom Sauce,ingredient,external,0,Knorr Creamy Mushroom Sauce,,XTO-KCM-EAC,,,OD400 - Umhlanga
4.6348,OD400,,Knorr Cream of Chicken Soup,ingredient,external,0,Knorr Cream of Chicken Soup,,XTO-KCS-EAC,0,,OD400 - Umhlanga
4.6348,OD400,,Knorr Cream of Chicken Soup,ingredient,external,0,Knorr Cream of Chicken Soup,,XTO-KCS-EAC,,,OD400 - Umhlanga
72.4993,OD400,,Klim 500g,ingredient,external,0,Klim 500g,,XTO-KLI-KGR,,,OD400 - Umhlanga
193.06,OD400,,Milky Bar Dessert Topping,ingredient,external,0,Milky Bar Dessert Topping,,XTO-MBD-500ML,,,OD400 - Umhlanga
109,OD400,,Officemate Milky Hot Choc,ingredient,external,0,Officemate Milky Hot Choc,,XTO-MHC-KGR,,,OD400 - Umhlanga
0,OD400,,Mustard Sauce,ingredient,external,0,Mustard Sauce,,XTO-MUS-LTR,0,,OD400 - Umhlanga
0,OD400,,Mustard Sauce,ingredient,external,0,Mustard Sauce,,XTO-MUS-LTR,,,OD400 - Umhlanga
0,OD400,,Nutella 3kg,ingredient,external,0,Nutella 3kg,,XTO-NUT-KGR,,,OD400 - Umhlanga
14.36,OD400,,Fine Oats 25 kg,ingredient,external,0,Fine Oats 25 kg,,XTO-OAT-KGR,0,,OD400 - Umhlanga
14.1446,OD400,,Fine Oats 25 kg,ingredient,external,0,Fine Oats 25 kg,,XTO-OAT-KGR,,,OD400 - Umhlanga
77.5855497565139,OD400,,Paste Chocolate,ingredient,external,30162,Paste Chocolate,,XTO-PCH-KGR,,,OD400 - Umhlanga
45.2087,OD400,,Pitted Dates,ingredient,external,0,Pitted Dates,,XTO-PDA-KG,0,,OD400 - Umhlanga
45.2087,OD400,,Pitted Dates,ingredient,external,0,Pitted Dates,,XTO-PDA-KG,,,OD400 - Umhlanga
0,OD400,,Nestle Peppermint Topping,ingredient,external,0,Nestle Peppermint Topping,,XTO-PEP-KGR,,,OD400 - Umhlanga
30.8834920656472,OD400,,Pineapple crushed,ingredient,external,0,Pineapple crushed,,XTO-PIN-EAC,,,OD400 - Umhlanga
28.825,OD400,,Icing plastic,ingredient,external,30189,Icing plastic,,XTO-PLI-KGR,,,OD400 - Umhlanga
13.499,OD400,,Aunt Caroline Rice,ingredient,external,0,Aunt Caroline Rice,,XTO-RIC-KGR,,,OD400 - Umhlanga
65.3333,OD400,,Jam Strawberry All Gold 900g,ingredient,external,0,Jam Strawberry All Gold 900g,,XTO-SAJ-900G,,,OD400 - Umhlanga
50.4625203373656,OD400,,Jam Strawberry (All Gold),ingredient,external,30220,Jam Strawberry (All Gold),,XTO-SBJ-KGR,,,OD400 - Umhlanga
96.8340177225275,OD400,,Spread Bar One Nestle,ingredient,external,30154,Spread Bar One Nestle,,XTO-SBO-KGR,,,OD400 - Umhlanga
64.1708248103448,OD400,,Spread caramel,ingredient,external,30155,Spread caramel,,XTO-SCA-KGR,,,OD400 - Umhlanga
230.4,OD400,,Coffee Freezo Slojo,ingredient,external,0,Coffee Freezo Slojo,,XTO-SCF-KGR,,,OD400 - Umhlanga
0,OD400,,Specialty Hot Chocolate,ingredient,external,0,Specialty Hot Chocolate,,XTO-SHC-KGR,,,OD400 - Umhlanga
212,OD400,,Specialty White Hot Chocolate,ingredient,external,0,Specialty White Hot Chocolate,,XTO-SHW-KGR,,,OD400 - Umhlanga
115.02,OD400,,Spread Peanut Butter 3kg,ingredient,external,0,Spread Peanut Butter 3kg,,XTO-SPE-KGR,,,OD400 - Umhlanga
17.234,OD400,,Pie Filling Strawberry,ingredient,external,30710,Pie Filling Strawberry,,XTO-STR-KGR,,,OD400 - Umhlanga
21.082,OD400,,Tomatoe Sauce,ingredient,external,0,Tomatoe Sauce,,XTO-TOM-LTR,0,,OD400 - Umhlanga
21.082,OD400,,Tomatoe Sauce,ingredient,external,0,Tomatoe Sauce,,XTO-TOM-LTR,,,OD400 - Umhlanga
4.925,OD400,,Vinegar,ingredient,external,0,Vinegar,,XTO-VIN-LT,,,OD400 - Umhlanga
0,OD400,,Sub Batter - Bar One Sponge Round,sub recipe,internal,30446,Sub Batter - Bar One Sponge Round,,YBA-BOO-MX1,,,OD400 - Umhlanga
0,OD400,,Sub Batter- Butter Scones,sub recipe,internal,0,Sub Batter- Butter Scones,,YBA-BSC-MXI,,,OD400 - Umhlanga
0,OD400,,Sub Batter Carrot Cake,sub recipe,internal,30432,Sub Batter Carrot Cake,,YBA-CAC-MX1,,,OD400 - Umhlanga
0,OD400,,Sub Batter-Carrot Cake with Cream Cheese Slab,sub recipe,internal,30859,Sub Batter-Carrot Cake with Cream Cheese Slab,,YBA-CCC-MX1,,,OD400 - Umhlanga
0,OD400,,Sub Batter- Chocolate Gateaux Sponge,sub recipe,internal,30442,Sub Batter- Chocolate Gateaux Sponge,,YBA-CGS-MX1,,,OD400 - Umhlanga
0,OD400,,Sub Batter-Chocolate Brownie,sub recipe,internal,30434,Sub Batter-Chocolate Brownie,,YBA-CHC-MX1,,,OD400 - Umhlanga
0,OD400,,Sub Sponge Batter -Chocolate,sub recipe,internal,30352,Sub Sponge Batter -Chocolate,,YBA-CHO-MX1,,,OD400 - Umhlanga
0,OD400,,Sub Batter-Chocolate Sponge Sheet,sub recipe,internal,30441,Sub Batter-Chocolate Sponge Sheet,,YBA-CHS-MX1,,,OD400 - Umhlanga
0,OD400,,Sub Batter- Choc Swissroll Sponge,sub recipe,internal,30447,Sub Batter- Choc Swissroll Sponge,,YBA-CSP-MX1,,,OD400 - Umhlanga
0,OD400,,Sub Batter - choc sheet scratch mix,sub recipe,internal,30864,Sub Batter - choc sheet scratch mix,,YBA-CSS-MX1,,,OD400 - Umhlanga
0,OD400,,Sub Batter Eggless Diwali Cake,sub recipe,internal,0,Sub Batter Eggless Diwali Cake,,YBA-DEG-MX1,,,OD400 - Umhlanga
0,OD400,,Sub Batter Diwali Sponge,sub recipe,internal,30622,Sub Batter Diwali Sponge,,YBA-DIS-MX1,,,OD400 - Umhlanga
0,OD400,,Sub Sponge Batter Diwali,sub recipe,internal,30537,Sub Sponge Batter Diwali,,YBA-DIV-MX1,,,OD400 - Umhlanga
0,OD400,,Sub Batter -Eggfree Sponge sheet,sub recipe,internal,30443,Sub Batter -Eggfree Sponge sheet,,YBA-EFS-MX1,,,OD400 - Umhlanga
0,OD400,,Sub Batter Eggless Gateaux Sponge,sub recipe,internal,30623,Sub Batter Eggless Gateaux Sponge,,YBA-EGS-MX1,,,OD400 - Umhlanga
0,OD400,,Sub Batter Snowball Eggles,sub recipe,internal,30768,Sub Batter Snowball Eggles,,YBA-ESN-MX1,,,OD400 - Umhlanga
0,OD400,,Sub Batter- Fruit Scones,sub recipe,internal,30438,Sub Batter- Fruit Scones,,YBA-FRS-MX1,,,OD400 - Umhlanga
0,OD400,,Sub Dough- Hot Cross Buns,sub recipe,internal,30351,Sub Dough- Hot Cross Buns,,YBA-HCB-MX1,,,OD400 - Umhlanga
0,OD400,,Sub Batter Cross for Hot Cross Buns,sub recipe,internal,30659,Sub Batter Cross for Hot Cross Buns,,YBA-HCC-MX1,,,OD400 - Umhlanga
0,OD400,,Sub Batter - Madeira Slab,sub recipe,internal,30435,Sub Batter - Madeira Slab,,YBA-MAD-MX1,,,OD400 - Umhlanga
0,OD400,,Sub Sponge Batter- Moist Choc Sponge C/C,sub recipe,internal,0,Sub Sponge Batter- Moist Choc Sponge C/C,,YBA-MCC-MX1,,,OD400 - Umhlanga
0,OD400,,Sub Batter -Queen Cake,sub recipe,internal,30436,Sub Batter -Queen Cake,,YBA-QUC-MX1,,,OD400 - Umhlanga
0,OD400,,Sub Batter Rainbow Sponge,sub recipe,internal,30618,Sub Batter Rainbow Sponge,,YBA-RBS-MX1,,,OD400 - Umhlanga
0,OD400,,Sub Batter Rich Choc Sponge,sub recipe,internal,30656,Sub Batter Rich Choc Sponge,,YBA-RCS-MX1,,,OD400 - Umhlanga
0,OD400,,Sub Dough Roti 12s,sub recipe,internal,0,Sub Dough Roti 12s,,YBA-ROT-MX1,0,,OD400 - Umhlanga
0,OD400,,Sub Dough Roti 12s,sub recipe,internal,0,Sub Dough Roti 12s,,YBA-ROT-MX1,,,OD400 - Umhlanga
0,OD400,,Sub Batter - Scones,sub recipe,internal,30437,Sub Batter - Scones,,YBA-SCO-MX1,,,OD400 - Umhlanga
0,OD400,,Sub Sponge Batter - Moist Choc Sponge Fererro,sub recipe,internal,0,Sub Sponge Batter - Moist Choc Sponge Fererro,,YBA-SMC-MX1,,,OD400 - Umhlanga
0,OD400,,Sub Batter -Snowball,sub recipe,internal,30439,Sub Batter -Snowball,,YBA-SNB-MX1,,,OD400 - Umhlanga
0,OD400,,Sub Batter - Strawberry Sponge,sub recipe,internal,30444,Sub Batter - Strawberry Sponge,,YBA-SPO-MX1,,,OD400 - Umhlanga
0,OD400,,Sub Sponge Batter - Vanilla Gateaux,sub recipe,internal,30353,Sub Sponge Batter - Vanilla Gateaux,,YBA-VAN-MX1,,,OD400 - Umhlanga
0,OD400,,Sub Batter Vanilla Sheets Coastal,sub recipe,internal,30445,Sub Batter Vanilla Sheets Coastal,,YBA-VNS-MX1,,,OD400 - Umhlanga
0,OD400,,Sub Batter- Vanilla Swissroll Sponge,sub recipe,internal,30448,Sub Batter- Vanilla Swissroll Sponge,,YBA-VSR-MX1,,,OD400 - Umhlanga
0,OD400,,Sub Batter- Windsor Slab,sub recipe,internal,30440,Sub Batter- Windsor Slab,,YBA-WNS-MX1,,,OD400 - Umhlanga
77.7,OD400,,Cake ring tins 170X70mm,equipment,external,0,Cake ring tins 170X70mm,,YBU -CTR-EAC,,,OD400 - Umhlanga
0,OD400,,Sub Buns-Cream 6s,sub recipe,internal,30347,Sub Buns-Cream 6s,,YBU-CRE-MX6,,,OD400 - Umhlanga
0,OD400,,Jug Plastic 2 litre,consumables,external,0,Jug Plastic 2 litre,,YBU-JUG-2LT,0,,OD400 - Umhlanga
0,OD400,,Jug Plastic 2 litre,consumables,external,0,Jug Plastic 2 litre,,YBU-JUG-2LT,,,OD400 - Umhlanga
0,OD400,,Jug Plastic 5 litre,consumables,external,0,Jug Plastic 5 litre,,YBU-JUG-5LT,0,,OD400 - Umhlanga
0,OD400,,Jug Plastic 5 litre,consumables,external,0,Jug Plastic 5 litre,,YBU-JUG-5LT,,,OD400 - Umhlanga
80.4977777777778,OD400,,Oven Mittens,consumables,external,30005,Oven Mittens,,YBU-OVM-EAC,,,OD400 - Umhlanga
0,OD400,,Palette Knife,consumables,external,30653,Palette Knife,,YBU-PAL-EAC,,,OD400 - Umhlanga
0,OD400,,Pastry Brush Nylon 60mm,consumables,external,0,Pastry Brush Nylon 60mm,,YBU-PBR-EACH,0,,OD400 - Umhlanga
0,OD400,,Pastry Brush Nylon 60mm,consumables,external,0,Pastry Brush Nylon 60mm,,YBU-PBR-EACH,,,OD400 - Umhlanga
29.1694117647059,OD400,,Sponge for bread pan,consumables,external,30012,Sponge for bread pan,,YBU-SBP-EAC,,,OD400 - Umhlanga
57.94,OD400,,Springform Cake Pan,equipment,external,30013,Springform Cake Pan,,YBU-SPR-EAC,,,OD400 - Umhlanga
46.55,OD400,,Scraper Steel 115x80mm,consumables,external,0,Scraper Steel 115x80mm,,YBU-SSC-EAC,,,OD400 - Umhlanga
0.12561797752809,OD400,,Case No 14 Cake,packaging,external,30288,Case No 14 Cake,,YCC-14C-EAC,,,OD400 - Umhlanga
0.386406482758621,OD400,,Madeira case 24e,packaging,external,30485,Madeira case 24e,,YCC-24E-EAC,,,OD400 - Umhlanga
0.5016,OD400,,White Plastic Aprons,consumables,external,0,White Plastic Aprons,,YCC-APR-EAC,,,OD400 - Umhlanga
6.8275,OD400,,Gel super black,ingredient,external,0,Gel super black,,YCC-BLA-EAC,,,OD400 - Umhlanga
82.1666459457365,OD400,,Paper 10kg Bunny,consumables,external,30044,Paper 10kg Bunny,,YCC-BUN-EAC,,,OD400 - Umhlanga
83.9,OD400,,Gel Burgundy,ingredient,external,30169,Gel Burgundy,,YCC-BUR-EAC,,,OD400 - Umhlanga
0,OD400,,Champagne Bottle,miscellaneous,external,30630,Champagne Bottle,,YCC-CHA-EAC,,,OD400 - Umhlanga
0,OD400,,Sub Cream Cheese,sub recipe,external,0,Sub Cream Cheese,,YCC-CRC-MX1,0,,OD400 - Umhlanga
0,OD400,,Sub Cream Cheese,sub recipe,external,0,Sub Cream Cheese,,YCC-CRC-MX1,,,OD400 - Umhlanga
0,OD400,,Cream Gun 500g,consumables,external,0,Cream Gun 500g,,YCC-CRG-EAC,,,OD400 - Umhlanga
0,OD400,,Coffee Scale,equpment,external,0,Coffee Scale,,YCC-CSC-EAC,,,OD400 - Umhlanga
0.136665231086253,OD400,,Red Cupcakes Cup,packaging,external,30803,Red Cupcakes Cup,,YCC-CUP-EAC,,,OD400 - Umhlanga
0,OD400,,Gel Food Deep Pink,ingredient,external,0,Gel Food Deep Pink,,YCC-DEP-EAC,0,,OD400 - Umhlanga
0,OD400,,Gel Food Deep Pink,ingredient,external,0,Gel Food Deep Pink,,YCC-DEP-EAC,,,OD400 - Umhlanga
0,OD400,,Electric Green Gel,ingredient,external,30165,Electric Green Gel,,YCC-ELE-EAC,,,OD400 - Umhlanga
82.2854166666667,OD400,,Gel Col. Elec Orange,ingredient,external,30660,Gel Col. Elec Orange,,YCC-EOR-EAC,,,OD400 - Umhlanga
0,OD400,,Electronic Scale,equpment,0,30677,Electronic Scale,,YCC-ESL-EAC,,,OD400 - Umhlanga
0,OD400,,Gel liquid gold /silver/ pearl,ingredient,external,30185,Gel liquid gold /silver/ pearl,,YCC-GEL-EAC,,,OD400 - Umhlanga
77.6261904761905,OD400,,Gel Food Col.Elec Purple,ingredient,external,30625,Gel Food Col.Elec Purple,,YCC-GEP-EAC,,,OD400 - Umhlanga
78.7333333333333,OD400,,Gel Food Col.Leaf Green,consumables,external,30626,Gel Food Col.Leaf Green,,YCC-GLG-EAC,,,OD400 - Umhlanga
76.15,OD400,,Gel Food Col. Lemon Yellow,ingredient,external,30628,Gel Food Col. Lemon Yellow,,YCC-GLY-EAC,,,OD400 - Umhlanga
0,OD400,,Glycerine,ingredient,external,30207,Glycerine,,YCC-GLY-KGR,,,OD400 - Umhlanga
98.7915384615384,OD400,,GlovesOven Mittens,consumables,external,30002,GlovesOven Mittens,,YCC-GOM-EAC,,,OD400 - Umhlanga
82.7016086956522,OD400,,Grease Proof Paper,consumables,external,30766,Grease Proof Paper,,YCC-GPP-EAC,,,OD400 - Umhlanga
93,OD400,,GP REAM,consumables,external,30740,GP REAM,,YCC-GPR-EAC,0,,OD400 - Umhlanga
93,OD400,,GP REAM,consumables,external,30740,GP REAM,,YCC-GPR-EAC,,,OD400 - Umhlanga
77.6031,OD400,,Gel Food ColSky Blue,ingredient,external,30627,Gel Food ColSky Blue,,YCC-GSB-EAC,,,OD400 - Umhlanga
0,OD400,,Icing Sheet A4 New,ingredients,external,0,Icing Sheet A4 New,,YCC-ICS-EAC,0,,OD400 - Umhlanga
0,OD400,,Icing Sheet A4 New,ingredients,external,0,Icing Sheet A4 New,,YCC-ICS-EAC,,,OD400 - Umhlanga
14.7246846774194,OD400,,Icing Sheet A4 Borderless,Ingredient,external,30235,Icing Sheet A4 Borderless,,YCC-ISH-EAC,,,OD400 - Umhlanga
1.04967317073171,OD400,,Leaves No.Large,miscellaneous,external,30624,Leaves No.Large,,YCC-LEA-EAC,,,OD400 - Umhlanga
0,OD400,,metallic nozzil 15mm star,consumables,external,30003,metallic nozzil 15mm star,,YCC-MET-EAC,,,OD400 - Umhlanga
0,OD400,,Mistletoe Garland ribbon,miscellaneous,external,30817,Mistletoe Garland ribbon,,YCC-MIS-EAC,,,OD400 - Umhlanga
0,OD400,,RICH MOIST XMAS CAKE,exotic cakes,internal,30831,RICH MOIST XMAS CAKE,,YCC-MMC-EAC,,,OD400 - Umhlanga
0.3,OD400,,Mop Hats,consumables,external,0,Mop Hats,,YCC-MOH-EAC,0,,OD400 - Umhlanga
0.285,OD400,,Mop Hats,consumables,external,0,Mop Hats,,YCC-MOH-EAC,,,OD400 - Umhlanga
45.263,OD400,,Nozzels metallic,consumables,external,30014,Nozzels metallic,,YCC-NME-EAC,,,OD400 - Umhlanga
0,OD400,,Nozzles star tubes 5s ( 42),consumables,external,30004,Nozzles star tubes 5s ( 42),,YCC-NST-EAC,,,OD400 - Umhlanga
0,OD400,,Old Cakes Currant Square,miscellaneous,external,0,Old Cakes Currant Square,,YCC-OCC-KGR,0,,OD400 - Umhlanga
0,OD400,,Old Cakes Currant Square,miscellaneous,external,0,Old Cakes Currant Square,,YCC-OCC-KGR,,,OD400 - Umhlanga
0,OD400,,Pastry Bag 13040 4 46cm,consumables,external,30006,Pastry Bag 13040 4 46cm,,YCC-PAS-EAC,,,OD400 - Umhlanga
0,OD400,,Pillars White,miscellaneous,external,30046,Pillars White,,YCC-PIL-EAC,,,OD400 - Umhlanga
0,OD400,,Pink Gel,ingredient,external,30166,Pink Gel,,YCC-PIN-EAC,,,OD400 - Umhlanga
94.4569230769231,OD400,,Piping Bags No 4,consumables,external,30674,Piping Bags No 4,,YCC-PIP-EAC,,,OD400 - Umhlanga
0.0895,OD400,,Plastic Gloves,consumables,external,0,Plastic Gloves,,YCC-PLG-EAC,0,,OD400 - Umhlanga
0.085025,OD400,,Plastic Gloves,consumables,external,0,Plastic Gloves,,YCC-PLG-EAC,,,OD400 - Umhlanga
59,OD400,,Potassium Sorbate Granular,ingredient,external,30237,Potassium Sorbate Granular,,YCC-POT-KGR,,,OD400 - Umhlanga
0.992788068181818,OD400,,Paper Silicone Ream,consumables,external,30045,Paper Silicone Ream,,YCC-PSR-EAC,,,OD400 - Umhlanga
0,OD400,,Piping Tip Star Set,consumables,external,30008,Piping Tip Star Set,,YCC-PSS-EAC,,,OD400 - Umhlanga
0,OD400,,Pastry Bag 13040 5 50cm Export,consumables,external,30007,Pastry Bag 13040 5 50cm Export,,YCC-PST-EAC,,,OD400 - Umhlanga
82.6083,OD400,,Gel Food Colouring Purple,ingredient,external,30543,Gel Food Colouring Purple,,YCC-PUR-EAC,,,OD400 - Umhlanga
0,OD400,,Gel Food Royal Blue,ingredient,external,0,Gel Food Royal Blue,,YCC-ROB-EAC,0,,OD400 - Umhlanga
0,OD400,,Gel Food Royal Blue,ingredient,external,0,Gel Food Royal Blue,,YCC-ROB-EAC,,,OD400 - Umhlanga
2645,OD400,,Smartchef Heavy Duty Blender,equpment,external,0,Smartchef Heavy Duty Blender,,YCC-SHB-EAC,,,OD400 - Umhlanga
1.06997730263158,OD400,,Silicon Paper 500,consumables,external,30655,Silicon Paper 500,,YCC-SIL-EAC,,,OD400 - Umhlanga
20,OD400,,Soccer Set,miscellaneous,external,30701,Soccer Set,,YCC-SOS-EAC,,,OD400 - Umhlanga
75.4893,OD400,,Gel Super Red,ingredient,external,30170,Gel Super Red,,YCC-SUP-EAC,,,OD400 - Umhlanga
23.43,OD400,,Gel Teal,ingredient,external,30172,Gel Teal,,YCC-TEA-EAC,,,OD400 - Umhlanga
0,OD400,,Thickflo 25kg,ingredient,external,0,Thickflo 25kg,,YCC-THF-KGR,,,OD400 - Umhlanga
0,OD400,,Vitap Starch 25kg,ingredient,external,0,Vitap Starch 25kg,,YCC-VIT-KGR,,,OD400 - Umhlanga
0,OD400,,Xmas Poinsettia Star Ribbon,miscellaneous,external,30815,Xmas Poinsettia Star Ribbon,,YCC-XPS-EAC,,,OD400 - Umhlanga
0,OD400,,Xmas stickers scroll,consumables,external,30834,Xmas stickers scroll,,YCC-XSS-EAC,,,OD400 - Umhlanga
0,OD400,,Sub-Banana Cake,sub recipe,internal,30748,Sub-Banana Cake,,YCK-BAN-MX1,,,OD400 - Umhlanga
0,OD400,,Sub Batter Christmas Windsor Plain,sub recipe,internal,30529,Sub Batter Christmas Windsor Plain,,YCK-FRC-MX1,,,OD400 - Umhlanga
0.771459375,OD400,,Bag Black Refuse HD,packaging,external,30048,Bag Black Refuse HD,,YCL-BAG-EAC,,,OD400 - Umhlanga
22,OD400,,Black Dip,consumables,external,0,Black Dip,,YCL-BLD-LTR,,,OD400 - Umhlanga
6.32558139534884,OD400,,Bleach 5L,consumables,external,30049,Bleach 5L,,YCL-BLE-EAC,,,OD400 - Umhlanga
22,OD400,,Empty Boxes,packaging,external,30052,Empty Boxes,,YCL-EMP-EAC,,,OD400 - Umhlanga
0,OD400,,Fat Solves,consumables,external,0,Fat Solves,,YCL-FAS-LTR,,,OD400 - Umhlanga
7.30357142857143,OD400,,Floor Cleaner Lav,consumables,external,30053,Floor Cleaner Lav,,YCL-FLO-EAC,,,OD400 - Umhlanga
0,OD400,,Household Gloves,consumables,external,30814,Household Gloves,,YCL-HHG-EAC,,,OD400 - Umhlanga
6.18279569892473,OD400,,Handy Household 5l,consumables,external,30054,Handy Household 5l,,YCL-HHH-EAC,,,OD400 - Umhlanga
0,OD400,,Mr min,consumables,external,30819,Mr min,,YCL-MRM-EAC,,,OD400 - Umhlanga
10,OD400,,Oven Cleaner,consumables,external,30055,Oven Cleaner,,YCL-OVC-EAC,,,OD400 - Umhlanga
0,OD400,,Pot Scourers,consumables,external,30056,Pot Scourers,,YCL-POT-EAC,,,OD400 - Umhlanga
32,OD400,,Hand Sanitiser 500ml,consumables,external,0,Hand Sanitiser 500ml,,YCL-SAN-500,,,OD400 - Umhlanga
0,OD400,,Speciality Cleaning Chemicals -Machine Cleaner 900,consumables,external,0,Speciality Cleaning Chemicals -Machine Cleaner 900,,YCL-SCC-KGR,,,OD400 - Umhlanga
0,OD400,,Steel Wool,consumables,external,30640,Steel Wool,,YCL-SLW-EAC,,,OD400 - Umhlanga
24.8720214285714,OD400,,Sponges,ingredient,external,30057,Sponges,,YCL-SPO-EAC,,,OD400 - Umhlanga
188,OD400,,Urnex Cafiza2 Detergent,consumables,external,0,Urnex Cafiza2 Detergent,,YCL-UCD-900G,,,OD400 - Umhlanga
0,OD400,,Sub Dough-Biscuit,sub recipe,internal,30463,Sub Dough-Biscuit,,YDO-BIS-MX1,,,OD400 - Umhlanga
0,OD400,,Sub Dough Brown Bread,sub recipe,internal,30413,Sub Dough Brown Bread,,YDO-BRB-MX1,,,OD400 - Umhlanga
0,OD400,,Sub Dough - Buns,sub recipe,internal,0,Sub Dough - Buns,,YDO-BUN-MX1,,,OD400 - Umhlanga
0,OD400,,Sub dough Croissants,sub recipe,internal,0,Sub dough Croissants,,YDO-CRO-MX1,0,,OD400 - Umhlanga
0,OD400,,Sub dough Croissants,sub recipe,internal,0,Sub dough Croissants,,YDO-CRO-MX1,,,OD400 - Umhlanga
0,OD400,,Sub Dough - Butter Biscuits,sub recipe,internal,30794,Sub Dough - Butter Biscuits,,YDO-CUC-MX1,,,OD400 - Umhlanga
0,OD400,,Sub Dough -Danish,sub recipe,internal,30451,Sub Dough -Danish,,YDO-DAN-MX1,,,OD400 - Umhlanga
0,OD400,,Sub Dough-Doughnut,sub recipe,internal,30453,Sub Dough-Doughnut,,YDO-DOU-MX1,,,OD400 - Umhlanga
0,OD400,,Sub Dough Melting Moment Round 60g,sub recipe,internal,30464,Sub Dough Melting Moment Round 60g,,YDO-M3M-MX1,,,OD400 - Umhlanga
0,OD400,,Sub Dough Melting Moments Long 95g,sub recipe,internal,0,Sub Dough Melting Moments Long 95g,,YDO-MML-MX1,0,,OD400 - Umhlanga
0,OD400,,Sub Dough Melting Moments Long 95g,sub recipe,internal,0,Sub Dough Melting Moments Long 95g,,YDO-MML-MX1,,,OD400 - Umhlanga
0,OD400,,Sub Dough - Naan,sub recipe,internal,30449,Sub Dough - Naan,,YDO-NAA-MX1,,,OD400 - Umhlanga
0,OD400,,Sub Dough - Rolls,sub recipe,internal,30450,Sub Dough - Rolls,,YDO-ROL-MX1,,,OD400 - Umhlanga
0,OD400,,Sub Lamington -Dip Chocolate,sub recipe,internal,30401,Sub Lamington -Dip Chocolate,,YDP-CHD-MX1,,,OD400 - Umhlanga
0,OD400,,Sub Raspberry Lamington - Dip,sub recipe,internal,30402,Sub Raspberry Lamington - Dip,,YDP-LAM-MX3,,,OD400 - Umhlanga
0,OD400,,Sub Snowball Dip,sub recipe,internal,30403,Sub Snowball Dip,,YDP-SNO-MX1,,,OD400 - Umhlanga
0,OD400,,Sub Snowball Eggless,sub recipe,internal,30767,Sub Snowball Eggless,,YEG-SNO-MX1,,,OD400 - Umhlanga
0,OD400,,Sub Fresh Cream,sub recipe,internal,30366,Sub Fresh Cream,,YFC-FRC-MX1,,,OD400 - Umhlanga
0,OD400,,Sub Chocolate Ganache,sub recipe,internal,30391,Sub Chocolate Ganache,,YFI-BOG-MX1,,,OD400 - Umhlanga
0,OD400,,Sub Choc Mousse Bar One,sub recipe,internal,30409,Sub Choc Mousse Bar One,,YFI-BOM-MX1,,,OD400 - Umhlanga
0,OD400,,Sub Choc Cream Cheese,sub recipe,internal,0,Sub Choc Cream Cheese,,YFI-CCC-KGR,,,OD400 - Umhlanga
0,OD400,,Sub Custard Filing,sub recipe,internal,30406,Sub Custard Filing,,YFI-CUS-MX1,,,OD400 - Umhlanga
0,OD400,,sub choc mousse ferrero,sub recipe,internal,0,sub choc mousse ferrero,,YFI-FEM-MX1,0,,OD400 - Umhlanga
0,OD400,,sub choc mousse ferrero,sub recipe,internal,0,sub choc mousse ferrero,,YFI-FEM-MX1,,,OD400 - Umhlanga
0,OD400,,Sub Milk Tart Filling,sub recipe,internal,30408,Sub Milk Tart Filling,,YFI-MIL-MX1,,,OD400 - Umhlanga
0,OD400,,Sub Mousse Mix,sub recipe,internal,0,Sub Mousse Mix,,YFI-MOU-MX1,0,,OD400 - Umhlanga
0,OD400,,Sub Mousse Mix,sub recipe,internal,0,Sub Mousse Mix,,YFI-MOU-MX1,,,OD400 - Umhlanga
0,OD400,,Sub Currant Square Filling,sub recipe,internal,30405,Sub Currant Square Filling,,YFI-SQF-MX1,,,OD400 - Umhlanga
0,OD400,,Sub Strawberry Jam Filling,sub recipe,internal,30410,Sub Strawberry Jam Filling,,YFI-STJ-MX1,,,OD400 - Umhlanga
0,OD400,,Sub Tiramisu,sub recipe,internal,30411,Sub Tiramisu,,YFI-TIR-MX1,,,OD400 - Umhlanga
485.56608,OD400,,Gas 19kg,consumables,external,30061,Gas 19kg,,YGA-19K-EAC,,,OD400 - Umhlanga
639,OD400,,Air Filled  Stand 1550x500,miscellenous,external,0,Air Filled Stand 1550x500,,YGA-AFS-EAC,,,OD400 - Umhlanga
0,OD400,,Fire Extinguisher,equipment,external,30799,Fire Extinguisher,,YGA-FIR-EAC,,,OD400 - Umhlanga
0,OD400,,Sub Batter Eclairs,sub recipe,internal,30457,Sub Batter Eclairs,,YPA-ECL-MX1,,,OD400 - Umhlanga
0,OD400,,Sub Pastry-Puff,sub recipe,internal,30459,Sub Pastry-Puff,,YPA-PUF-MX1,,,OD400 - Umhlanga
0,OD400,,Sub Sweet Paste,sub recipe,internal,30461,Sub Sweet Paste,,YPA-SWE-MX1,,,OD400 - Umhlanga
0,OD400,,Sub Picture,sub recipe,internal,30646,Sub Picture,,YPI-PIC-MX1,,,OD400 - Umhlanga
0,OD400,,Sub Cocktail Rolls 12s,sub recipe,internal,30649,Sub Cocktail Rolls 12s,,YRO-COR-M12,,,OD400 - Umhlanga
0,OD400,,Sub- Pie Bottom Short Crust Pastry,sub recipe,internal,0,Sub- Pie Bottom Short Crust Pastry,,YSP-BSC-MX1,,,OD400 - Umhlanga
0,OD400,,Sub- Chicken & Mushroom Pie Filling,sub recipe,internal,0,Sub- Chicken & Mushroom Pie Filling,,YSP-SCM-MX1,,,OD400 - Umhlanga
0,OD400,,Sub Bar One Sponge - Sheets,sub recipe,internal,30389,Sub Bar One Sponge - Sheets,,YSP-SHE-MX1,,,OD400 - Umhlanga
0,OD400,,Sub- Mutton Curry Pie Filling,sub recipe,internal,0,Sub- Mutton Curry Pie Filling,,YSP-SMC-MX1,,,OD400 - Umhlanga
0,OD400,,Sub- Veg Curry Pie Filling,sub recipe,internal,0,Sub- Veg Curry Pie Filling,,YSP-SVP-MX1,,,OD400 - Umhlanga
0,OD400,,Sub -Sponge Trifle,sub recipe,internal,30355,Sub -Sponge Trifle,,YSP-TRI-MX1,,,OD400 - Umhlanga
0,OD400,,A4 PAPER,consumables,external,30066,A4 PAPER,,YST-A4P-EAC,,,OD400 - Umhlanga
0,OD400,,Absa Rolls,consumables,external,30745,Absa Rolls,,YST-ABR-EAC,,,OD400 - Umhlanga
0,OD400,,Battery,consumables,external,30837,Battery,,YST-BAT-EAC,,,OD400 - Umhlanga
0,OD400,,New Birthday Cake Invoices,consumables,external,0,New Birthday Cake Invoices,,YST-BCI-EAC,,,OD400 - Umhlanga
0,OD400,,Brother Toner Cart.7225N,consumables,external,30632,Brother Toner Cart.7225N,,YST-BRO-EAC,,,OD400 - Umhlanga
0,OD400,,Black Tape,consumables,external,30840,Black Tape,,YST-BTP-EAC,,,OD400 - Umhlanga
0,OD400,,Diwali Cake Box Plates,packaging,external,0,Diwali Cake Box Plates,,YST-DPL-EAC,0,,OD400 - Umhlanga
0,OD400,,Epson Ribbon Cartridge,consumables,external,0,Epson Ribbon Cartridge,,YST-ERC-EAC,,,OD400 - Umhlanga
0,OD400,,A4 exercise book,consumables,external,30065,A4 exercise book,,YST-EXE-EAC,,,OD400 - Umhlanga
0,OD400,,High lighters,consumables,external,30843,High lighters,,YST-HLS-EAC,,,OD400 - Umhlanga
0,OD400,,Laminating Plastic,consumables,external,30797,Laminating Plastic,,YST-LMP-EAC,,,OD400 - Umhlanga
0,OD400,,Laser Payslips,consumables,external,30074,Laser Payslips,,YST-LPS-EAC,,,OD400 - Umhlanga
0,OD400,,paper file,consumables,external,30075,paper file,,YST-PFL-EAC,,,OD400 - Umhlanga
0,OD400,,Pritt,consumables,external,30750,Pritt,,YST-PRI-EAC,,,OD400 - Umhlanga
0,OD400,,square white paper,consumables,external,30078,square white paper,,YST-SQA-PAC,,,OD400 - Umhlanga
0,OD400,,Staples rexel no .56,consumables,external,30079,Staples rexel no .56,,YST-STA-BOX,,,OD400 - Umhlanga
0,OD400,,tape,consumables,external,30728,tape,,YST-TAP-EAC,,,OD400 - Umhlanga
388.3333,OD400,,Till Rolls,consumables,external,30687,Till Rolls,,YST-TIL-EAC,,,OD400 - Umhlanga
0,OD400,,Tipex,consumables,external,30860,Tipex,,YST-TIP-EAC,,,OD400 - Umhlanga
0,OD400,,Wage Envelope,packaging,external,30733,Wage Envelope,,YST-WGE-EAC,,,OD400 - Umhlanga
0,OD400,,Sub Milk Tart Base Large,sub recipe,internal,30510,Sub Milk Tart Base Large,,YTB-MIL-MX1,,,OD400 - Umhlanga
0,OD400,,Sub Milk Tart Base Small,sub recipe,internal,30512,Sub Milk Tart Base Small,,YTB-MIS-MX1,,,OD400 - Umhlanga
0,OD400,,Sub No Bake Cake,sub recipe,internal,0,Sub No Bake Cake,,YTB-NOB-EAC,,,OD400 - Umhlanga
0,OD400,,Sub Belgica Crumbs,subrecipe,internal,30508,Sub Belgica Crumbs,,YTO-BLC-MX1,,,OD400 - Umhlanga
0,OD400,,Sub Bar One Filling,sub recipe,internal,0,Sub Bar One Filling,,YTO-BOF-KGR,,,OD400 - Umhlanga
0,OD400,,Sub- Bar One Ganache,sub recipe,internal,0,Sub- Bar One Ganache,,YTO-BOG-KGR,,,OD400 - Umhlanga
0,OD400,,Sub Buttercream Chocolate,sub recipe,internal,30398,Sub Buttercream Chocolate,,YTO-BUC-MX1,,,OD400 - Umhlanga
0,OD400,,Sub Buttercream- White,sub recipe,internal,30357,Sub Buttercream- White,,YTO-BUW-MX1,0,,OD400 - Umhlanga
0,OD400,,Sub Buttercream- White,sub recipe,internal,30357,Sub Buttercream- White,,YTO-BUW-MX1,,,OD400 - Umhlanga
0,OD400,,Sub Buttercream Yellow,sub recipe,internal,30400,Sub Buttercream Yellow,,YTO-BUY-MX1,,,OD400 - Umhlanga
0,OD400,,Sub Fondant Chocolate,sub recipe,internal,30412,Sub Fondant Chocolate,,YTO-FOC-MX1,,,OD400 - Umhlanga
0,OD400,,Sub Naan topping,sub recipe,internal,30375,Sub Naan topping,,YTO-NAA-MX1,,,OD400 - Umhlanga
0,OD400,,Sub Snowball Coconut Topping,sub recipe,internal,30419,Sub Snowball Coconut Topping,,YTO-SNO-MX1,,,OD400 - Umhlanga
0,OD400,,Sub Sugar Syrup,sub recipe,internal,30417,Sub Sugar Syrup,,YTO-SUS-MX1,,,OD400 - Umhlanga
0,OD400,,Sub Glaze Sugar Water,sub recipe,internal,30416,Sub Glaze Sugar Water,,YTO-SUW-MX1,,,OD400 - Umhlanga
0,OD400,,Sub - White Fondant Icing,sub recipe,internal,30539,Sub - White Fondant Icing,,YTO-WFI-MX1,,,OD400 - Umhlanga
0,OD400,,Cutter Dough Wheel Divider,equipment,external,0,Cutter Dough Wheel Divider,,YUT-CDW-EAC,,,OD400 - Umhlanga
276.705,OD400,,Grunter Knife,consumables,external,30654,Grunter Knife,,YUT-GRU-EAC,,,OD400 - Umhlanga
153.696666666667,OD400,,Piping Bag No 5,consumables,external,30594,Piping Bag No 5,,YUT-PIP-EAC,,,OD400 - Umhlanga
0,OD400,,Scale Electronic,equipment,external,30652,Scale Electronic,,YUT-SCA-EAC,,,OD400 - Umhlanga
137.2,OD400,,Whisks 350mm,equipment,external,0,Whisks 350mm,,YUT-WHI-EAC,,,OD400 - Umhlanga
3.14246427611571,OD400,,8*8*4,packaging,external,30738,8*8*4,,ZBX-884-EAC,,,OD400 - Umhlanga
0,OD400,,Genus Eco 30 Flying Insect Catcher,pest control,external,0,Genus Eco 30 Flying Insect Catcher,,ZDB- FIC-EAC,,,OD400 - Umhlanga
0.089,OD400,,L 351 Domes,packaging,external,0,L 351 Domes,,ZDB-351-EAC,,,OD400 - Umhlanga
1.11348684210526,OD400,,Doyley Round 240mm,packaging,external,30320,Doyley Round 240mm,,ZDO-DOY-EAC,,,OD400 - Umhlanga
9.43779259259259,OD400,,KR 10,packaging,external,30501,KR 10,,ZFO-10-EAC,,,OD400 - Umhlanga
10.7382130434783,OD400,,KR14,packaging,external,30321,KR14,,ZFO-14-EAC,,,OD400 - Umhlanga
14.6241754098361,OD400,,KR16,packaging,external,30322,KR16,,ZFO-16-EAC,,,OD400 - Umhlanga
18.7469340909091,OD400,,KR18,packaging,external,30323,KR18,,ZFO-18-EAC,,,OD400 - Umhlanga
125,OD400,,KS 1MX500,packaging,external,0,KS 1MX500,,ZFO-1M5-EAC,0,,OD400 - Umhlanga
118.75,OD400,,KS 1MX500,packaging,external,0,KS 1MX500,,ZFO-1M5-EAC,,,OD400 - Umhlanga
20.1672729166667,OD400,,KR20,packaging,external,30324,KR20,,ZFO-20-EAC,,,OD400 - Umhlanga
0,OD400,,20 Round Board,packaging,external,30742,20 Round Board,,ZFO-20R-EAC,,,OD400 - Umhlanga
5.81575,OD400,,NR 10,packaging,external,30584,NR 10,,ZFO-NR1-EAC,,,OD400 - Umhlanga
9.01057692307692,OD400,,NR 12,packaging,external,30585,NR 12,,ZFO-NR2-EAC,,,OD400 - Umhlanga
5.475325,OD400,,NS 10,packaging,external,30329,NS 10,,ZFO-NS1-EAC,,,OD400 - Umhlanga
7.60487916666667,OD400,,NS12,packaging,external,30330,NS12,,ZFO-NS2-EAC,,,OD400 - Umhlanga
14.9758016482607,OD400,,KS16,packaging,external,30325,KS16,,ZFO-S16-EAC,,,OD400 - Umhlanga
19.022515,OD400,,KS18,packaging,external,30326,KS18,,ZFO-S18-EAC,,,OD400 - Umhlanga
24.38,OD400,,KS20,packaging,external,30328,KS20,,ZFO-S20-EAC,0,,OD400 - Umhlanga
21.1439868421053,OD400,,KS20,packaging,external,30328,KS20,,ZFO-S20-EAC,,,OD400 - Umhlanga
9.05158841059603,OD400,,NS14,packaging,external,30331,NS14,,ZFO-T14-EAC,,,OD400 - Umhlanga
9.97785,OD400,,NR 6,packaging,external,30617,NR 6,,ZFO-TN6-EAC,,,OD400 - Umhlanga
4.59938181818182,OD400,,NS8,packaging,external,30332,NS8,,ZFO-TN8-EAC,,,OD400 - Umhlanga
0,OD400,,Label Real Butter,packaging,external,0,Label Real Butter,,ZLA- REA-EAC,,,OD400 - Umhlanga
0,OD400,,Oven Delights logo labels 50mmx40mm,packaging,external,0,Oven Delights logo labels 50mmx40mm,,ZLA-ALA-50MM,,,OD400 - Umhlanga
0.07,OD400,,Label 40x46 B/white Label,packaging,external,30333,Label 40x46 B/white Label,,ZLA-LAB-EAC,,,OD400 - Umhlanga
0.04,OD400,,Label White Keep In Fridge,packaging,external,0,Label White Keep In Fridge,,ZLA-LKI-EACH,,,OD400 - Umhlanga
0,OD400,,Label  For Platter Domes,packaging,external,0,Label For Platter Domes,,ZLA-LPL-EAC,,,OD400 - Umhlanga
0,OD400,,Label Oven Delights Logo 50x50mm,packaging,external,0,Label Oven Delights Logo 50x50mm,,ZLA-OLA-EAC,,,OD400 - Umhlanga
0,OD400,,Label Plates logo 50x50mm,packaging,external,0,Label Plates logo 50x50mm,,ZLA-PLA-EAC,,,OD400 - Umhlanga
0,OD400,,Label for Platters  Assorted Flavours,packaging,external,0,Label for Platters Assorted Flavours,,ZLA-PLL-EAC,,,OD400 - Umhlanga
0.09,OD400,,Label 40x29 White Label,packaging,external,0,Label 40x29 White Label,,ZLA-WLB-EACH,0,,OD400 - Umhlanga
0.09,OD400,,Label 40x29 White Label,packaging,external,0,Label 40x29 White Label,,ZLA-WLB-EACH,,,OD400 - Umhlanga
0.117,OD400,,Stirrer Sticks Wooden,consumables,external,0,Stirrer Sticks Wooden,,ZPA- SSW-EAC,,,OD400 - Umhlanga
0.15,OD400,,4 Cup Drinkaway Carrier P2106,packaging,external,0,4 Cup Drinkaway Carrier P2106,,ZPA-CDA-EAC,,,OD400 - Umhlanga
0.095,OD400,,2 Cup Drinkaway Carrier P2105,packaging,external,0,2 Cup Drinkaway Carrier P2105,,ZPA-CDC-EAC,,,OD400 - Umhlanga
1.48,OD400,,250ml Double Wall Kraft Cup,packaging,external,0,250ml Double Wall Kraft Cup,,ZPA-DWK-250ML,,,OD400 - Umhlanga
1.74,OD400,,350ml Double Wall Kraft Cup,packaging,external,0,350ml Double Wall Kraft Cup,,ZPA-DWK-350ML,,,OD400 - Umhlanga
0.159273118906758,OD400,,Grease Proof 2(200*170),packaging,external,30302,Grease Proof 2(200*170),,ZPA-GRE-EAC,,,OD400 - Umhlanga
0.466,OD400,,250ml Ripple Sip Lid,packaging,external,0,250ml Ripple Sip Lid,,ZPA-RSL-250ML,,,OD400 - Umhlanga
0.572,OD400,,350ml Ripple Sip Lid,packaging,external,0,350ml Ripple Sip Lid,,ZPA-RSL-350ML,,,OD400 - Umhlanga
2.2333199471338,OD400,,Servittes 200x300,consumables,external,30315,Servittes 200x300,,ZPA-SER-BOX,,,OD400 - Umhlanga
0.117,OD400,,Stirrer Sticks Wooden,consumables,external,0,Stirrer Sticks Wooden,,ZPA-SSW-EAC,,,OD400 - Umhlanga
0.327979041916167,OD400,,Desert Spoons,consumables,external,30274,Desert Spoons,,ZPL-DES-EAC,,,OD400 - Umhlanga
0,OD400,,F70 BISCUIT CONTAINER,packaging,external,30279,F70 BISCUIT CONTAINER,,ZPL-F70-EAC,,,OD400 - Umhlanga
0.184204349312067,OD400,,Wrapped Straws,consumables,external,30317,Wrapped Straws,,ZPL-STR-BOX,,,OD400 - Umhlanga
