Item Code,BARCODE,ITEM DESCRIPTION,CATERGORY,item catergory,Ingredients,Item Description,Whse,Cost,Incl Price,
BD-BAR-020,,BD Bar One Square 20,exotic,internal,,BD Bar One Square 20,OD200,0.00,"1,800.00",
BIS- CHC-EAC,0,Biscuit Choc Chip,biscuit,internal,,Biscuit Choc Chip,OD200,0.00,80.00,
BIS-BCV-EAC,0,Biscuit Choc Vanilla 300g,biscuit,internal,,Biscuit Choc Vanilla 300g,OD200,0.00,70.00,
BIS-CCC-EAC,0,Biscuit Choc Chip Cookie,biscuit,internal,,Biscuit Choc Chip Cookie,OD200,0.00,70.00,
BIS-CHD-EAC,14079,Biscuit Choc Delights 300G,biscuit,internal,,Biscuit Choc Delights 300G,OD200,0.00,95.00,
BIS-CJN-EAC,14067,Biscuit Jam Nest 300G,biscuits,internal,,Biscuit Jam Nest 300G,OD200,0.00,85.00,
BIS-COC-EAC,0,Biscuit Coconut,biscuit,internal,,Biscuit Coconut,OD200,0.00,70.00,
BIS-CUS-EAC,16201,Biscuit Custard,biscuit,internal,,Biscuit Custard,OD200,0.00,85.00,
BIS-DAT-EAC,0,Biscuit Date Roll 300G,biscuit,internal,,Biscuit Date Roll 300G,OD200,0.00,95.00,
BIS-DEB-EAC,14073,Designer Biscuits 300G,biscuits,internal,,Designer Biscuits 300G,OD200,0.00,95.00,
BIS-FEB-EAC,16200,Biscuit Fego 300G,biscuit,internal,,Biscuit Fego 300G,OD200,0.00,85.00,
BIS-FLF-EAC,14068,Biscuit choc Fingers 300G,biscuit,internal,,Biscuit choc Fingers 300G,OD200,0.00,95.00,
BIS-HSB-EAC,14076,Biscuit Horse Shoe 300G,biscuit,internal,,Biscuit Horse Shoe 300G,OD200,0.00,85.00,
BIS-NAK-EAC,16077,Biscuit Naan Katai 300G,biscuit,internal,,Biscuit Naan Katai 300G,OD200,0.00,85.00,
BIS-PAO-EAC,16203,Biscuit Pcn & almnd 300G,biscuit,internal,,Biscuit Pcn & almnd 300G,OD200,0.00,85.00,
BIS-PNS-EAC,14069,Biscuit Pecan Nut Squares 300G,biscuit,internal,,Biscuit Pecan Nut Squares 300G,OD200,0.00,85.00,
CAN-CMS-EAC,0,Candles 10s- Silver,candle,external,,Candles 10s- Silver,OD200,9.13,20.00,
CAN-GOL-000,0,Candle Numeral 0 Gold,candle,external,,Candle Numeral 0 Gold,OD200,16.50,22.00,
CAN-GOL-001,0,Candle Numeral 1 Gold,candle,external,,Candle Numeral 1 Gold,OD200,16.50,22.00,
CAN-GOL-002,0,Candle Numeral 2 Gold,candle,external,,Candle Numeral 2 Gold,OD200,16.50,22.00,
CAN-GOL-003,0,Candle Numeral 3 Gold,candle,external,,Candle Numeral 3 Gold,OD200,16.50,22.00,
CAN-GOL-004,0,Candle Numeral 4 Gold,candle,external,,Candle Numeral 4 Gold,OD200,16.50,22.00,
CAN-GOL-005,0,Candle Numeral 5 Gold,candle,external,,Candle Numeral 5 Gold,OD200,16.50,22.00,
CAN-GOL-006,0,Candle Numeral 6 Gold,candle,external,,Candle Numeral 6 Gold,OD200,16.50,22.00,
CAN-GOL-007,0,Candle Numeral 7 Gold,candle,external,,Candle Numeral 7 Gold,OD200,16.50,22.00,
CAN-GOL-008,0,Candle Numeral 8 Gold,candle,external,,Candle Numeral 8 Gold,OD200,16.50,22.00,
CAN-GOL-009,0,Candle Numeral 9 Gold,candle,external,,Candle Numeral 9 Gold,OD200,16.50,22.00,
CAN-MAG-24S,8004,Candle Magic Assorted,candle,external,,Candle Magic Assorted,OD200,14.38,22.00,
CAN-MIX-24S,8005,Candle Mixed - 24x24,candle,external,,Candle Mixed - 24x24,OD200,8.96,20.00,
CAN-RAI-000,8006,Candle Numeral 0 Rainbow,candle,external,,Candle Numeral 0 Rainbow,OD200,7.19,13.00,
CAN-RAI-001,8007,Candle Numeral 1 Rainbow,candle,external,,Candle Numeral 1 Rainbow,OD200,7.19,13.00,
CAN-RAI-002,8008,Candle Numeral 2 Rainbow,candle,external,,Candle Numeral 2 Rainbow,OD200,7.19,13.00,
CAN-RAI-003,8009,Candle Numeral 3 Rainbow,candle,external,,Candle Numeral 3 Rainbow,OD200,7.19,13.00,
CAN-RAI-004,8010,Candle Numeral 4 Rainbow,candle,external,,Candle Numeral 4 Rainbow,OD200,0.00,13.00,
CAN-RAI-005,8011,Candle Numeral 5 Rainbow,candle,external,,Candle Numeral 5 Rainbow,OD200,7.19,13.00,
CAN-RAI-006,8012,Candle Numeral 6 Rainbow,candle,external,,Candle Numeral 6 Rainbow,OD200,7.19,13.00,
CAN-RAI-007,8013,Candle Numeral 7 Rainbow,candle,external,,Candle Numeral 7 Rainbow,OD200,7.19,13.00,
CAN-RAI-008,8014,candle numeral 8 Rainbow,candle,external,,Candle Numeral 8 Rainbow,OD200,7.19,13.00,
CAN-RAI-009,8015,Candle Numeral 9 Rainbow,candle,external,,Candle Numeral 9 Rainbow,OD200,7.19,22.00,
CAN-SIL-000,0,Candle Numeral 0 Silver,candle,external,,Candle Numeral 0 Silver,OD200,16.50,22.00,
CAN-SIL-001,0,Candle Numeral 1 Silver,candle,external,,Candle Numeral 1 Silver,OD200,16.50,22.00,
CAN-SIL-002,0,Candle Numeral 2 Silver,candle,external,,Candle Numeral 2 Silver,OD200,16.50,22.00,
CAN-SIL-003,0,Candle Numeral 3 Silver,candle,external,,Candle Numeral 3 Silver,OD200,16.50,22.00,
CAN-SIL-004,0,Candle Numeral 4 Silver,candle,external,,Candle Numeral 4 Silver,OD200,16.50,22.00,
CAN-SIL-005,0,Candle Numeral 5 Silver,candle,external,,Candle Numeral 5 Silver,OD200,16.50,22.00,
CAN-SIL-006,0,Candle Numeral 6 Silver,candle,external,,Candle Numeral 6 Silver,OD200,16.50,22.00,
CAN-SIL-007,0,Candle Numeral 7 Silver,candle,external,,Candle Numeral 7 Silver,OD200,16.50,22.00,
CAN-SIL-008,0,Candle Numeral 8 Silver,candle,external,,Candle Numeral 8 Silver,OD200,16.50,22.00,
CAN-SIL-009,0,Candle Numeral 9 Silver,candle,external,,Candle Numeral 9 Silver,OD200,16.50,22.00,
CAN-WHI-000,8025,Candle Numeral 0 White,candle,external,,Candle Numeral 0 White,OD200,12.83,22.00,
CAN-WHI-001,8016,Candle Numeral 1 White,candle,external,,Candle Numeral 1 White,OD200,12.83,22.00,
CAN-WHI-002,8017,Candle Numeral 2 White,candle,external,,Candle Numeral 2 White,OD200,12.83,22.00,
CAN-WHI-003,8018,Candle Numeral 3 White,candle,external,,Candle Numeral 3 White,OD200,12.83,22.00,
CAN-WHI-004,8019,Candle Numeral 4 White,candle,external,,Candle Numeral 4 White,OD200,12.83,22.00,
CAN-WHI-005,8020,Candle Numeral 5 White,candle,external,,Candle Numeral 5 White,OD200,12.83,22.00,
CAN-WHI-006,8021,Candle Numeral 6 White,candle,external,,Candle Numeral 6 White,OD200,12.83,22.00,
CAN-WHI-007,8022,Candle Numeral 7 White,candle,external,,Candle Numeral 7 White,OD200,12.83,22.00,
CAN-WHI-008,8023,Candle Numeral 8 White,candle,external,,Candle Numeral 8 White,OD200,12.83,22.00,
CAN-WHI-009,8024,Candle Numeral 9 White,candle,external,,Candle Numeral 9 White,OD200,12.83,22.00,
CBA-BAC-014,0,BD 14'' Buttercream Alphabet Cake,novelty,internal,,BD 14'' Buttercream Alphabet Cake,OD200,0.00,640.00,
CBA-BEA-016,0,BD 16'' Eggless Buttercream Alphabet Cake,novelty,internal,,BD 16'' Eggless Buttercream Alphabet Cake,OD200,0.00,830.00,
CBC-BBG-EAC,11001,BC Birthday Gateaux,buttercream cake,internal,,BC Birthday Gateaux,OD200,0.00,135.00,
CBC-BCC-EAC,30337,Icing Cup Cakes,buttercream cake,internal,,Icing Cup Cakes,OD200,0.00,18.00,
CBC-BCD-EAC,11004,BC Chocolate Delight,buttercream cake,internal,,BC Chocolate Delight,OD200,0.00,19.00,
CBC-BCE-EAC,0,BC Eggless Vanilla Gateaux,buttercream cake,internal,,BC Eggless Vanilla Gateaux,OD200,0.00,140.00,
CBC-BCG-EAC,11003,BC Chocolate Gateaux,buttercream cake,internal,,BC Chocolate Gateaux,OD200,0.00,125.00,
CBC-BCN-EAC,30339,Icing Cup Cakes With Name,buttercream cake,internal,,Icing Cup Cakes With Name,OD200,0.00,20.00,
CBC-BCS-EAC,11005,BC Chocolate Slice,buttercream cake,internal,,BC Chocolate Slice,OD200,0.00,19.00,
CBC-BCS-EAC,11005,BC Chocolate Slice,buttercream cake,internal,,BC Chocolate Slice,OD200,0.00,19.00,
CBC-BCS-EAC,11005,BC Chocolate Slice,buttercream cake,internal,,BC Chocolate Slice,OD200,0.00,19.00,
CBC-BCS-EAC,11005,BC Chocolate Slice,buttercream cake,internal,,BC Chocolate Slice,OD200,0.00,19.00,
CBC-BDN-EAC,11016,BC Doughnut,buttercream cake,internal,,BC Doughnut,OD200,0.00,14.00,
CBC-BEG-EAC,11040,BC Eggless Birthday Gateaux,buttercream cake,internal,,BC Eggless Birthday Gateaux,OD200,0.00,150.00,
CBC-BRG-EAC,11042,BC Smash Choc Rose Pattern Gateaux,buttercream cake,internal,,BC Smash Choc Rose Pattern Gateaux,OD200,0.00,380.00,
CBC-CBG-EAC,11097,Christmas Buttercream Gateaux,buttercream cake,internal,,Christmas Buttercream Gateaux,OD200,0.00,110.00,
CBC-CDN-EAC,11018,Chocolate Doughnut,buttercream cake,internal,,Chocolate Doughnut,OD200,0.00,14.00,
CBC-CNL-EAC,11032,Coconut Tartlet,biuttercream cake,internal,,Coconut Tartlet,OD200,0.00,18.00,
CBC-CNR-EAC,11030,Coconut Ring,buttercream cake,internal,,Coconut Ring,OD200,0.00,18.00,
CBC-CNS-EAC,11008,Coconut Slice,buttercream cake,internal,,Coconut Slice,OD200,0.00,14.00,
CBC-CRP-EAC,11034,Cream Puff,buttercream figure,internal,,Cream Puff,OD200,0.00,17.00,
CBC-CUS-EAC,11035,Currant Square,buttercream cake,internal,,Currant Square,OD200,0.00,17.00,
CBC-EB1-1M,0,BD 1MX500 BC Eggless,buttercream 1mx500,internal,,BD 1MX500 BC Eggless,OD200,0.00,"3,100.00",
CBC-FLA-EAC,11036,Flakey Bits,buttercream cake,internal,,Flakey Bits,OD200,0.00,17.00,
CBC-JAP-EAC,11037,Jam Puff,buttercream cake,internal,,Jam Puff,OD200,0.00,17.00,
CBC-JDN-EAC,11019,Jam Doughnut,buttercream cake,internal,,Jam Doughnut,OD200,0.00,12.00,
CBC-JTO-EAC,11039,Jam Turnover,buttercream cake,internal,,Jam Turnover,OD200,0.00,17.00,
CBC-KOE-EAC,11020,Koeksuster 1s,buttercream cake,internal,,Koeksuster 1s,OD200,0.00,13.00,
CBC-LPC-EAC,11009,Choc Lamington Plain,buttercream cake,internal,,Choc Lamington Plain,OD200,32.00,15.00,
CBC-LPR-EAC,11010,Raspberry Lamington Plain,buttercream cake,internal,,Raspberry Lamington Plain,OD200,32.00,15.00,
CBC-MBD-EAC,11043,Mini Buttercream D/N,buttercream,internal,,Mini Buttercream D/N,OD200,0.00,11.00,
CBC-MBG-EAC,11098,Mothers Day Buttercream Gateaux,buttercream cake,internal,,Mothers Day Buttercream Gateaux,OD200,0.00,140.00,
CBC-MCD-EAC,11044,Mini Chocolate D/N,buttercream cake,internal,,Mini Chocolate D/N,OD200,0.00,11.00,
CBC-MCL-EAC,0,Mini Lamington Chocolate Plain,shop front,internal,,Mini Lamington Chocolate Plain,OD200,0.00,11.50,
CBC-MEL-40G,11021,Melting Moments 40g (Round),sweet,external,,Melting Moments 40g (Round),OD200,0.00,13.00,
CBC-MEL-60G,11023,Melting Moments 60g (Long),buttercream cake,internal,,Melting Moments 60g (Long),OD200,0.00,15.00,
CBC-MFL-EAC,11045,Mini F/BITS,buttercream cake,internal,,Mini F/BITS,OD200,0.00,11.50,
CBC-MRL-EAC,0,Mini Lamington Raspberry Plain,buttercream cake,internal,,Mini Lamington Raspberry Plain,OD200,0.00,11.50,
CBC-MRL-EAC,0,Mini Lamington Raspberry Plain,buttercream cake,internal,,Mini Lamington Raspberry Plain,OD200,0.00,11.50,
CBC-MRL-EAC,0,Mini Lamington Raspberry Plain,buttercream cake,internal,,Mini Lamington Raspberry Plain,OD200,0.00,11.50,
CBC-MSB-EACH,11046,Mini S/B,buttercream cake,internal,,Mini S/B,OD200,0.00,11.50,
CBC-MUE-EAC,11007,Muesli Slice,buttercream cake,internal,,Muesli Slice,OD200,0.00,18.00,
CBC-PCC-EAC,30338,BD Picture Cup Cakes,buttercream cakes,internal,,BD Picture Cup Cakes,OD200,0.00,20.00,
CBC-QUC-EAC,11011,Queen Cakes 1s,buttercream cake,internal,,Queen Cakes 1s,OD200,0.00,11.00,
CBC-SNO-EAC,11013,Snowballs 1s,buttercream cake,internal,,Snowballs 1s,OD200,0.00,16.00,
CBF-BCF-018,10088,BD Buttercream Figure 18,buttercream figure cake,internal,,BD Buttercream Figure 18,OD200,0.00,850.00,
CBF-BCF-020,10090,BD Buttercream Figure 20,buttercream figure,internal,,BD Buttercream Figure 20,OD200,0.00,900.00,
CBF-BFE-020,10199,BD 20 Buttercream Figure on Base Eggless,buttercream figure,internal,,BD 20 Buttercream Figure on Base Eggless,OD200,0.00,"1,000.00",
CBF-BFS-018,10092,BD Buttercream Fig on SL 18,buttercream figure cake,internal,,BD Buttercream Fig on SL 18,OD200,0.00,940.00,
CBF-BFS-020,10094,BD Buttercream Fig on SL 20,buttercream figure cake,internal,,BD Buttercream Fig on SL 20,OD200,0.00,990.00,
CBF-BLF-014,12001,BD Freshcream 14 Black Forest,freshcream square black forest,internal,,BD Freshcream 14 Black Forest,OD200,0.00,740.00,
CBF-BLF-016,12020,BD Freshcream 16 Blackforest,freshcream blackforest,internal,,BD Freshcream 16 Blackforest,OD200,0.00,800.00,
CBF-FCD-014,10039,BD Freshcream 14 DL,freshcream square,internal,,BD Freshcream 14 DL,OD200,0.00,470.00,
CBF-FCF-018,10089,BD Freshcream Figure 18,freshcream figure cake,internal,,BD Freshcream Figure 18,OD200,0.00,900.00,
CBF-FCF-020,10091,BD Freshcream Figure 20,freshcream figure,internal,,BD Freshcream Figure 20,OD200,0.00,950.00,
CBF-FF0-020,0,BD 20 Freshcream Figure Only Eggless,freshcream figure,internal,,BD 20 Freshcream Figure Only Eggless,OD200,0.00,"1,300.00",
CBF-FFE-020,10198,BD Freshcream Figure on Base Eggless 20,freshcream figure cake,internal,,BD Freshcream Figure on Base Eggless 20,OD200,0.00,"1,150.00",
CBF-FFS-018,10093,BD Freshcream Fig on SL 18,freshcream figure cake,internal,,BD Freshcream Fig on SL 18,OD200,0.00,990.00,
CBF-FFS-020,10095,BD Freshcream Fig on SL 20,freshcream figure,internal,,BD Freshcream Fig on SL 20,OD200,0.00,"1,040.00",
CBF-FOE-020,0,BD 20 Buttercream Figure Only Eggless,buttercream figure,internal,,BD 20 Buttercream Figure Only Eggless,OD200,0.00,"1,250.00",
CBN-B1M-EACH,0,BD Buttercream 1MX1M,novelty,internal,,BD Buttercream 1MX1M,OD200,0.00,"5,500.00",
CBN-F1M-EACH,0,BD Freshcream 1M X1M,novelty,internal,,BD Freshcream 1M X1M,OD200,0.00,"5,700.00",
CBR-BCR-012,10105,BD Buttercream 12 Round,buttercream cake round,internal,,BD Buttercream 12 Round,OD200,0.00,420.00,
CBR-BCR-014,10107,BD Buttercream 14 Round,buttercream cake round,internal,,BD Buttercream 14 Round,OD200,0.00,450.00,
CBR-BCR-016,10109,BD Buttercream 16 Round,buttercream round,internal,,BD Buttercream 16 Round,OD200,0.00,480.00,
CBR-BCR-018,10104,BD Buttercream 18 Round,buttercream cake round,internal,,BD Buttercream 18 Round,OD200,0.00,570.00,
CBR-BCR-020,10112,BD Buttercream 20 Round,buttercream round,internal,,BD Buttercream 20 Round,OD200,0.00,610.00,
CBR-FCR-012,10106,BD Freshcream 12 Round,freshcream cake round,internal,,BD Freshcream 12 Round,OD200,0.00,460.00,
CBR-FCR-014,10108,BD Freshcream 14 Round,freshcream cake round,internal,,BD Freshcream 14 Round,OD200,0.00,490.00,
CBR-FCR-016,10110,BD Freshcream 16 Round,freashcream round,internal,,BD Freshcream 16 Round,OD200,0.00,520.00,
CBR-FCR-018,10111,BD Freshcream 18 Round,freshcream round,internal,,BD Freshcream 18 Round,OD200,0.00,620.00,
CBR-FCR-020,10113,BD Freshcream 20 Round,freshcream round,internal,,BD Freshcream 20 Round,OD200,0.00,660.00,
CBS-BCD-012,10005,BD Buttercream 12 DL,buttercream square,internal,,BD Buttercream 12 DL,OD200,0.00,400.00,
CBS-BCD-014,10007,BD Buttercream 14 DL,buttercream square,internal,,BD Buttercream 14 DL,OD200,0.00,430.00,
CBS-BCD-016,10011,BD Buttercream 16 DL,buttercream square,internal,,BD Buttercream 16 DL,OD200,0.00,460.00,
CBS-BCD-018,10015,BD Buttercream 18 DL,buttercream square cake,internal,,BD Buttercream 18 DL,OD200,0.00,550.00,
CBS-BCD-020,10018,BD Buttercream 20 DL,buttercream square,internal,,BD Buttercream 20 DL,OD200,0.00,590.00,
CBS-BCD-022,10031,BD Buttercream 22 DL,buttercream square,internal,,BD Buttercream 22 DL,OD200,0.00,770.00,
CBS-BCE-016,10033,BD 16 BC DL Eggless,buttercream square,internal,,BD 16 BC DL Eggless,OD200,0.00,520.00,
CBS-BLF-012,10078,BD Freshcream 12 Black Forest,freshcream black forest,internal,,BD Freshcream 12 Black Forest,OD200,0.00,670.00,
CBS-FCD-012,10037,BD Freshcream 12 DL,freshcream square,internal,,BD Freshcream 12 DL,OD200,0.00,440.00,
CBS-FCD-016,10041,BD Freshcream 16 DL,freshcream square,internal,,BD Freshcream 16 DL,OD200,0.00,500.00,
CBS-FCD-018,10045,BD Freshcream 18 DL,freshcream square,internal,,BD Freshcream 18 DL,OD200,0.00,600.00,
CBS-FCD-020,10050,BD Freshcream 20 DL,frsshcream square,internal,,BD Freshcream 20 DL,OD200,0.00,640.00,
CBS-FCD-022,10054,BD Freshcream 22 DL,freshcream square,internal,,BD Freshcream 22 DL,OD200,0.00,830.00,
CBS-FCE-016,10103,BD 16 Freshcream Eggless,freshcream square,internal,,BD 16 Freshcream Eggless,OD200,0.00,560.00,
CBW-CAK-003,10102,BD Buttercream 3 Tier Stacked,wedding cake,internal,,BD Buttercream 3 Tier Stacked,OD200,0.00,"2,900.00",
CBW-STA-EAC,10289,BD Buttercream 2Tier Stacked 12 16,wedding cake,internal,,BD Buttercream 2Tier Stacked 12 16,OD200,0.00,"2,100.00",
CEX -NYW-EAC,30665,New York Baked Cheese Cake Round,exotic cakes,internal,,New York Baked Cheese Cake Round,OD200,0.00,400.00,
CEX CCD-EAC,14030,Cheese Cake Dessert,exotic cakes,internal,,Cheese Cake Dessert,OD200,0.00,25.00,
CEX- BEG-EAC,14050,FC Bar One Eggless Drip,exotic cakes,internal,,FC Bar One Eggless Drip,OD200,0.00,200.00,
CEX- MCP-EAC,14091,Moist Chocolate Pudding,exotic cakes,internal,,Moist Chocolate Pudding,OD200,0.00,55.00,
CEX- MDB-EAC,0,Buttercream 6 Layer Drip Cake with toppings,exotic cakes,internal,,Buttercream 6 Layer Drip Cake with toppings,OD200,0.00,"1,100.00",
CEX- NBS-EAC,0,New York Blueberry Cheese Cake Slice,exotic,internal,,New York Blueberry Cheese Cake Slice,OD200,0.00,45.00,
CEX- RTR-12,0,BC 12'' Round Triple Layer Rose Pattern,novelty,internal,,BC 12'' Round Triple Layer Rose Pattern,OD200,0.00,"1,000.00",
CEX-APP-EAC,14025,Apple Tart,exotic,internal,,Apple Tart,OD200,0.00,60.00,
CEX-ATS-EAC,0,Apple Tartlet,exotic,internal,,Apple Tartlet,OD200,0.00,25.00,
CEX-BAR-012,10001,BD Bar One Square 12,exotic cakes,internal,,BD Bar One Square 12,OD200,0.00,"1,100.00",
CEX-BAR-014,10002,BD Bar One Square 14,exotic cakes,internal,,BD Bar One Square 14,OD200,0.00,"1,300.00",
CEX-BAR-016,10003,BD Bar One Square 16,exotic cakes,internal,,BD Bar One Square 16,OD200,0.00,"1,500.00",
CEX-BAR-018,0,BD Bar One Square 18,exotic cakes,internal,,BD Bar One Square 18,OD200,0.00,"1,700.00",
CEX-BOL-EAC,4005,Bar One Log,exotic cakes,internal,,Bar One Log,OD200,0.00,185.00,
CEX-BOM-EAC,14065,Mothers Day Bar One Round with rose and leaves,exotic cakes,internal,,Mothers Day Bar One Round with rose and leaves,OD200,0.00,300.00,
CEX-BOR-EAC,14003,Bar One Round,exotic cakes,internal,,Bar One Round,OD200,0.00,280.00,
CEX-BOS-EAC,4008,Bar One Slice,exotic cakes,internal,,Bar One Slice,OD200,0.00,43.00,
CEX-CAC-012,0,BD 12 Carrot Cake square wit cream cheese,exotic,internal,,BD 12 Carrot Cake square wit cream cheese,OD200,0.00,"1,100.00",
CEX-CAC-014,0,BD 14' Carrot cake square with cream cheese,exotic,internal,,BD 14' Carrot cake square with cream cheese,OD200,0.00,"1,300.00",
CEX-CAC-016,0,BD 16' Carrot Cake Square with cream cheese,exotic cakes,internal,,BD 16' Carrot Cake Square with cream cheese,OD200,0.00,"1,500.00",
CEX-CAC-018,0,BD 18 Carrot Cake Square with cream cheese,exotic cakes,internal,,BD 18 Carrot Cake Square with cream cheese,OD200,0.00,"1,700.00",
CEX-CAC-020,0,BD 20 Carrot Cake Square with cream cheese,exotic,internal,,BD 20 Carrot Cake Square with cream cheese,OD200,0.00,"1,600.00",
CEX-CAC-EAC,0,Carrot Cake Cupcake,exotic cakes,internal,,Carrot Cake Cupcake,OD200,0.00,25.00,
CEX-CBD-EAC,0,Chocolate Bar One 6 Layer Drip Cake,exotic cakes,internal,,Chocolate Bar One 6 Layer Drip Cake,OD200,0.00,"1,400.00",
CEX-CBO-EAC,14006,Christmas Bar One Round,exotic cakes,internal,,Christmas Bar One Round,OD200,0.00,300.00,
CEX-CCP-6S,140295,Chocolate Cake Pops (6s),exotic cakes,internal,,Chocolate Cake Pops (6s),OD200,0.00,42.00,
CEX-CCS-EAC,14007,Cheese Cake Slice,exotic cakes,internal,,Cheese Cake Slice,OD200,0.00,48.00,
CEX-CCT-EAC,14008,Cheese Cake Tart,exotic cakes,internal,,Cheese Cake Tart,OD200,0.00,70.00,
CEX-CEG-EAC,14035,Caramel Exotic Gateaux,exotic cakes,internal,,Caramel Exotic Gateaux,OD200,0.00,190.00,
CEX-CFD-EAC,0,Chocolate Fererro 6 Layer Drip Cake,exotic cakes,internal,,Chocolate Fererro 6 Layer Drip Cake,OD200,0.00,"1,400.00",
CEX-CFE-EAC,14010,Christmas Ferrero Cake,exotic cakes,internal,,Christmas Ferrero Cake,OD200,0.00,280.00,
CEX-CRM-EAC,14199,Moist Choc Cake With Cream Cheese,exotic cakes,internal,,Moist Choc Cake With Cream Cheese,OD200,0.00,180.00,
CEX-CUS-EAC,14042,Custard & Jelly,exotic cakes,internal,,Custard & Jelly,OD200,0.00,19.00,
CEX-DCV-EAC,14044,Decorative Chocolate Vanilla Gateaux,exotic cakes,internal,,Decorative Chocolate Vanilla Gateaux,OD200,0.00,280.00,
CEX-EBC-EACH,0,Bar One Cupcake Eggless,exotic cakes,internal,,Bar One Cupcake Eggless,OD200,0.00,22.00,
CEX-FEM-EAC,14045,Mothers Day Ferrero Round with rose and leaves,exotic cakes,internal,,Mothers Day Ferrero Round with rose and leaves,OD200,0.00,280.00,
CEX-FER-012,10075,BD Ferrero Cake 12,exotic cakes,internal,,BD Ferrero Cake 12,OD200,0.00,"1,100.00",
CEX-FER-014,10076,BD Ferrero Cake 14,exotic cakes,internal,,BD Ferrero Cake 14,OD200,0.00,"1,300.00",
CEX-FER-016,10077,BD Ferrero Cake 16,exotic cakes,internal,,BD Ferrero Cake 16,OD200,0.00,"1,500.00",
CEX-FER-018,0,BD Ferrero Cake 18,exotic cakes,internal,,BD Ferrero Cake 18,OD200,0.00,"1,700.00",
CEX-FER-020,0,BD Ferrero Cake 20,exotic,internal,,BD Ferrero Cake 20,OD200,0.00,"1,800.00",
CEX-FRC-EAC,14012,Ferrero Rocher Cake,exotic cakes,internal,,Ferrero Rocher Cake,OD200,0.00,260.00,
CEX-LMS-EAC,0,Lemon Meringue Tart Small,exotic,internal,,Lemon Meringue Tart Small,OD200,0.00,20.00,
CEX-LMT-EAC,0,Lemon Meringue Tart Large,exotic cakes,internal,,Lemon Meringue Tart Large,OD200,0.00,60.00,
CEX-MAC-EAC,14047,Macaroons (4s),exotic cakes,internal,,Macaroons (4s),OD200,0.00,66.00,
CEX-MAL-EAC,14048,Malva Pudding,exotic,internal,,Malva Pudding,OD200,0.00,34.00,
CEX-MAO-EAC,0,Macaroons (1s),exotic,internal,,Macaroons (1s),OD200,10.00,19.00,
CEX-MBE-EAC,14049,Milky Bar Exotic,exotic cakes,internal,,Milky Bar Exotic,OD200,0.00,230.00,
CEX-MBS-EAC,0,Bar One Swissroll Slice,exotic cakes,internal,,Bar One Swissroll Slice,OD200,0.00,40.00,
CEX-MCL-EACH,0,Moist Chocolate Cake Large With Cream Cheese,exotic,internal,,Moist Chocolate Cake Large With Cream Cheese,OD200,0.00,350.00,
CEX-MDF-EAC,0,Freshcream 6 Layer Drip Cake with Toppings,shop front,internal,,Freshcream 6 Layer Drip Cake with Toppings,OD200,0.00,"1,200.00",
CEX-MIL-12,0,BD Milky Bar 12'',exotic,internal,,BD Milky Bar 12'',OD200,0.00,700.00,
CEX-MIL-14,0,BD Milky Bar 14'',exotic cakes,internal,,BD Milky Bar 14'',OD200,0.00,800.00,
CEX-MIL-EAC,0,Milky Bar Swissroll Slice,exotic cakes,internal,,Milky Bar Swissroll Slice,OD200,0.00,35.00,
CEX-MPN-EAC,0,Mini Pecan Nut Tart,exotic cakes,internal,,Mini Pecan Nut Tart,OD200,0.00,20.00,
CEX-MPT-EAC,0,Malva Pudding Tartlet,exotic cakes,internal,,Malva Pudding Tartlet,OD200,0.00,16.00,
CEX-MRC-EAC,0,Cream Cheese Rainbow Cake,exotic cakes,internal,,Cream Cheese Rainbow Cake,OD200,0.00,350.00,
CEX-MRS-EAC,0,Cream Cheese Rainbow Slice,exotic cakes,internal,,Cream Cheese Rainbow Slice,OD200,0.00,43.00,
CEX-MVC-EAC,14092,Moist Vanilla Cake with Caramel Drizzle,exotic cakes,internal,,Moist Vanilla Cake with Caramel Drizzle,OD200,0.00,75.00,
CEX-NBC-EAC,0,New York Baked Blueberry Cheesecake Round,exotic cakes,internal,,New York Baked Blueberry Cheesecake Round,OD200,0.00,340.00,
CEX-NUT-12,0,12'' Nibbed Nuts Only,miscellenous,internal,,12'' Nibbed Nuts Only,OD200,0.00,80.00,
CEX-NUT-14,0,14'' Nibbed Nuts Only,miscellaneous,internal,,14'' Nibbed Nuts Only,OD200,0.00,80.00,
CEX-NUT-16,0,16'' Nibbed Nuts Only,miscellenous,internal,,16'' Nibbed Nuts Only,OD200,0.00,120.00,
CEX-NUT-18,0,18'' Nibbed Nuts Only,exotic,internal,,18'' Nibbed Nuts Only,OD200,0.00,120.00,
CEX-NUT-20,0,20'' Nibbed Nuts Only,miscellenous,internal,,20'' Nibbed Nuts Only,OD200,0.00,180.00,
CEX-NUT-22,0,22'' Nibbed Nuts Only,miscellenous,internal,,22'' Nibbed Nuts Only,OD200,0.00,180.00,
CEX-NYC-EAC,0,New York Baked Cheese Cake Slice,exotic cakes,internal,,New York Baked Cheese Cake Slice,OD200,0.00,48.00,
CEX-PCT-4S,0,Portuguese Custard Tart (4S),exotic,external,,Portuguese Custard Tart (4S),OD200,0.00,60.00,
CEX-PCT-EAC,0,Portuguese Custard Tart,exotic,external,,Portuguese Custard Tart,OD200,10.00,18.00,
CEX-PEA-12,0,12'' Peaches Slices Only,miscellenous,internal,,12'' Peaches Slices Only,OD200,0.00,80.00,
CEX-PEA-14,0,14'' Peaches Slices Only,miscellaneous,internal,,14'' Peaches Slices Only,OD200,0.00,80.00,
CEX-PEA-16,0,16'' Peaches Slices Only,miscellaneous,internal,,16'' Peaches Slices Only,OD200,0.00,120.00,
CEX-PEA-18,0,18'' Peaches Slices Only,miscellenous,internal,,18'' Peaches Slices Only,OD200,0.00,180.00,
CEX-PEA-20,0,20'' Peaches Slices Only,miscellenous,internal,,20'' Peaches Slices Only,OD200,0.00,180.00,
CEX-PEA-22,0,22'' Peaches Slices Only,miscellaneous,internal,,22'' Peaches Slices Only,OD200,0.00,180.00,
CEX-PET-EACH,0,Pecan Nut Tartlet,exotic cakes,internal,,Pecan Nut Tartlet,OD200,0.00,35.00,
CEX-PMC-EACH,14014,Peppermint Crisp Cake,exotic,internal,,Peppermint Crisp Cake,OD200,0.00,100.00,
CEX-PNT-EAC,14016,Pecan Nut Tart,exotic cakes,internal,,Pecan Nut Tart,OD200,0.00,110.00,
CEX-REC-EAC,14038,Redvelvet Cheese Cake Cup,exotic cakes,internal,,Redvelvet Cheese Cake Cup,OD200,0.00,32.00,
CEX-RED-016,30778,BD 16 Red Velvet Square,exotic cakes,internal,,BD 16 Red Velvet Square,OD200,0.00,"1,300.00",
CEX-RMC-EAC,14059,OREO CAKE,exotic cakes,internal,,OREO CAKE,OD200,0.00,350.00,
CEX-RSW-EAC,14060,Red velvet Swissroll,exotic cakes,internal,,Red velvet Swissroll,OD200,0.00,35.00,
CEX-RTR-14,0,BC 14'' Round Triple Layer Rose Pattern,novelty,internal,,BC 14'' Round Triple Layer Rose Pattern,OD200,0.00,"1,100.00",
CEX-RTR-16,0,BC 16'' Round Triple Layer Rose Pattern,novelty,internal,,BC 16'' Round Triple Layer Rose Pattern,OD200,0.00,"1,200.00",
CEX-RTR-18,0,BC 18'' Round Triple Layer Rose Pattern,novelty,internal,,BC 18'' Round Triple Layer Rose Pattern,OD200,0.00,"1,400.00",
CEX-RTR-20,0,BC 20'' Round Triple Layer Rose Pattern,novelty,internal,,BC 20'' Round Triple Layer Rose Pattern,OD200,0.00,"1,500.00",
CEX-RVB-018,0,BD 18 Red Velvet Square,exotic cakes,internal,,BD 18 Red Velvet Square,OD200,0.00,"1,200.00",
CEX-RVB-020,0,BD 20 Red Velvet Square,exotic cakes,internal,,BD 20 Red Velvet Square,OD200,0.00,"1,400.00",
CEX-RVC-EAC,14017,Red Velvet Cupcakes,exotic cakes,internal,,Red Velvet Cupcakes,OD200,0.00,21.00,
CEX-RVG-EAC,30776,Red Velvet Gateaux,exotic cakes,internal,,Red Velvet Gateaux,OD200,0.00,100.00,
CEX-RVG-EAC,30776,Red Velvet Gateaux,exotic cakes,internal,,Red Velvet Gateaux,OD200,0.00,100.00,
CEX-RVL-EAC,14019,Red Velvet Log,exotic cakes,internal,,Red Velvet Log,OD200,0.00,85.00,
CEX-RVS-EAC,14020,Red Velvet Slice,exotic cakes,internal,,Red Velvet Slice,OD200,0.00,29.00,
CEX-TID-EAC,0,Tirumisu Dessert,exotic cakes,internal,,Tirumisu Dessert,OD200,0.00,20.00,
CEX-TIR-EAC,14021,Cake Tiramisu,exotic cakes,internal,,Cake Tiramisu,OD200,0.00,180.00,
CEX-TIS-EAC,14022,tirumisu slice,exotic cakes,internal,,tirumisu slice,OD200,0.00,33.00,
CEX-TRO-EAC,14023,Tirumisu round,exotic cakes,internal,,Tirumisu round,OD200,0.00,180.00,
CEZ-MIL-16,0,BD Milky Bar 16'',exotic cakes,internal,,BD Milky Bar 16'',OD200,0.00,800.00,
CFA-FAC-014,0,BD 14'' Freshcream Alphabet Cake,novelty,internal,,BD 14''  Freshcream Alphabet Cake,OD200,0.00,630.00,
CFA-FAE-016,0,BD 16'' Eggless Freshcream Alphabet Cake,novelty,internal,,BD 16'' Eggless Freshcream Alphabet Cake,OD200,0.00,800.00,
CFC-BET-EAC,12022,Belgica Tart,freshcream cake,internal,,Belgica Tart,OD200,0.00,85.00,
CFC-BTL-EAC,12023,Belgica Tartlet,freshcream cake,internal,,Belgica Tartlet,OD200,0.00,32.00,
CFC-CBS-EAC,12009,FC Black Forest Slice,freshcream cake,internal,,FC Black Forest Slice,OD200,0.00,24.00,
CFC-CCC-EAC,30866,Carrot Cake With Cream Cheese,freshcream cake,internal,,Carrot Cake With Cream Cheese,OD200,0.00,76.00,
CFC-CCD-EAC,12035,Custard Doughnut,freshcream cakes,internal,,Custard Doughnut,OD200,0.00,20.00,
CFC-CCT-15CM,0,Gluten Free Carrot Cake Tub 15cm,exotic,internal,,Gluten Free Carrot  Cake Tub 15cm,OD200,0.00,22,
CFC-CFD-EAC,15049,FC Choc Drip Gateaux,freshcream cake,internal,,FC Choc Drip Gateaux,OD200,0.00,200.00,
CFC-CFE-EACH,0,Christmas Freshcream Eggless Gateaux,freshcream cake,internal,,Christmas Freshcream Eggless Gateaux,OD200,0.00,180.00,
CFC-CUD-EAC,12024,Custard Danish,freshcream cake,internal,,Custard Danish,OD200,0.00,25.00,
CFC-CUS-EAC,12025,Custard Slice,freshcream cake ,internal,,Custard Slice,OD200,0.00,25.00,
CFC-EF1-1M,0,BD 1M X500 FC Eggless,freshcream 1mx 500,internal,,BD 1M X500 FC Eggless,OD200,0.00,"3,600.00",
CFC-FBF-EAC,12004,FC Black Forest Gateaux,freshcream cake,internal,,FC Black Forest Gateaux,OD200,0.00,250.00,
CFC-FBG-EAC,12002,FC Birthday Gateaux,freshcream cake,internal,,FC Birthday Gateaux,OD200,0.00,145.00,
CFC-FCD-EAC,12015,Fresh Cream Doughnut,freshcream cake,internal,,Fresh Cream Doughnut,OD200,0.00,18.00,
CFC-FCE-EAC,12027,FC Eclair Chocolate,freshcream cakes,internal,,FC Eclair Chocolate,OD200,0.00,24.00,
CFC-FCG-EAC,12006,FC Chocolate Gateaux,freshcream cake,internal,,FC Chocolate Gateaux,OD200,0.00,135.00,
CFC-FCJ-EAC,12037,Christmas Freshcream Choc Gateaux,freshcream cake,internal,,Christmas Freshcream Choc Gateaux,OD200,0.00,165.00,
CFC-FCL-EAC,12010,FC Fresh Cream Slice,freshcream cake,internal,,FC Fresh Cream Slice,OD200,0.00,24.00,
CFC-FCM-EAC,12012,FC Lamington Chocolate,freshcream cake,internal,,FC Lamington Chocolate,OD200,0.00,24.00,
CFC-FCP-EAC,12030,FC Caramel Sponge,exotic cakes,internal,,FC Caramel Sponge,OD200,0.00,70.00,
CFC-FCR-EAC,12026,FC Croissant 80g,freshcream cake,internal,,FC Croissant 80g,OD200,0.00,24.00,
CFC-FCS-EAC,12014,FC Chocolate Swiss Roll,freshcream cake,internal,,FC Chocolate Swiss Roll,OD200,0.00,95.00,
CFC-FDD-EAC,8102,Cake Freshcream In Dome Eggless,freshcream cake,internal,,Cake Freshcream In Dome Eggless,OD200,0.00,100.00,
CFC-FDI-EAC,8101,Cake Buttercream In Dome Eggless,buttercream cake,internal,,Cake Buttercream In Dome Eggless,OD200,0.00,80.00,
CFC-FEB-EAC,30519,FC Eggless Birthday Gateaux,freshcream cake,internal,,FC Eggless Birthday Gateaux,OD200,0.00,160.00,
CFC-FEG-EAC,12007,FC Eggless Vanilla Gateaux,freshcream cake,internal,,FC Eggless Vanilla Gateaux,OD200,0.00,150.00,
CFC-FES-EAC,30621,FC Eggless Slice,freshcream cake,internal,,FC Eggless Slice,OD200,0.00,25.00,
CFC-FMS-EAC,12011,FC Milky Bar Slice,exotic cakes,internal,,FC Milky Bar Slice,OD200,0.00,20.00,
CFC-FOS-EAC,0,Freshcream Oreo Slice,freshcream cake,internal,,Freshcream Oreo Slice,OD200,0.00,32.00,
CFC-FRL-EAC,12013,FC Lamington Raspberry,freshcream cake,internal,,FC Lamington Raspberry,OD200,0.00,24.00,
CFC-FRM-EAC,0,Mini Jam TurnOvers,buttercream cake,internal,,Mini Jam TurnOvers,OD200,0.00,14.50,
CFC-FRU-010,10079,BD Fruit Cake 10,fruit cake,internal,,BD Fruit Cake 10,OD200,0.00,"1,100.00",
CFC-FRU-012,10080,BDFruit Cake 12,fruit cake,internal,,BDFruit Cake 12,OD200,0.00,"1,200.00",
CFC-FRU-014,10081,BD Fruit Cake 14,fruit cake,internal,,BD Fruit Cake 14,OD200,0.00,"1,300.00",
CFC-FRU-016,10082,BD Fruit Cake 16,fruit cake,internal,,BD Fruit Cake 16,OD200,0.00,"1,500.00",
CFC-FRU-EAU,0,Fruit Cake Pieces Unwrapped,fruit cake,internal,,Fruit Cake Pieces Unwrapped,OD200,0.00,17.00,
CFC-FRU-EAW,0,Fruit Cake Pieces Wrapped,fruit cake,internal,,Fruit Cake Pieces Wrapped,OD200,0.00,12.00,
CFC-FSM-EAC,0,Mini Freshcream Swissroll,freshcream cakes,internal,,Mini Freshcream Swissroll,OD200,0.00,20.00,
CFC-FSS-EAC,12031,FC Strawberry Sponge,freshcream cake,internal,,FC Strawberry Sponge,OD200,0.00,400.00,
CFC-MEG-EAC,12034,Mothers Day Eggless Freshcream Gateaux,freshcream cake,internal,,Mothers Day Eggless Freshcream Gateaux,OD200,0.00,175.00,
CFC-MFD-EAC,0,Mini FC D/N,freshcream cake,internal,,Mini FC D/N,OD200,0.00,13.00,
CFC-MFE-EAC,0,Mini Freshcream Eclairs,freshcream cakes,internal,,Mini Freshcream Eclairs,OD200,0.00,16.00,
CFC-MFG-EAC,12033,Mothers Day FC Choc Gateaux with rose and leaves,freshcream cakes,internal,,Mothers Day FC Choc Gateaux with rose and leaves,OD200,0.00,132.00,
CFC-MFG-EAC,12033,Mothers Day FC Choc Gateaux with rose and leaves,freshcream cakes,internal,,Mothers Day FC Choc Gateaux with rose and leaves,OD200,0.00,160.00,
CFC-MFL-EAC,0,Mini CreamPuffs,buttercream cake,internal,,Mini CreamPuffs,OD200,0.00,14.50,
CFC-MMT-EAC,0,Mini Milk Tart,freshcream cake,internal,,Mini Milk Tart,OD200,0.00,15.50,
CFC-MTA-EAC,12028,Milk Tart Large,freshcream cake,internal,,Milk Tart Large,OD200,0.00,55.00,
CFC-MTL-EAC,12029,Milk Tartlet,freshcream cakes,internal,,Milk Tartlet,OD200,0.00,24.00,
CFC-NOB-EAC,12032,No Bake Cake,freshcream cake,internal,,No Bake Cake,OD200,79.50,24.00,
CFR-CFR-012,30340,BD Round Fruitcake 12,fruit cake round,internal,,BD Round Fruitcake 12,OD200,0.00,"1,100.00",
CFR-CFR-014,30363,BD Round Fruitcake 14,fruit cak eround,internal,,BD Round Fruitcake 14,OD200,0.00,"1,200.00",
CFR-CFR-016,30364,BD Round Fruitcake 16,fruit cake round,internal,,BD Round Fruitcake 16,OD200,0.00,"1,300.00",
CFW-CAF-002,10100,BD WC Fruit 2 Layer,wedding cake,internal,,BD WC Fruit 2 Layer,OD200,0.00,"3,900.00",
CFW-CAF-003,10101,BD WC Fruit 3 Layer,wedding cake,internal,,BD WC Fruit 3 Layer,OD200,0.00,"4,900.00",
CLE-BGS-EAC,0,Betasan Gel Sanitizer Refills,consumables,external,,Betasan Gel Sanitizer Refills,OD200,150.00,,
CLE-MPP-EAC,0,Monthly Pest Control,pest control,external,,Monthly Pest Control,OD200,750.00,,
CLE-VIB-EAC,0,Viper Boards,consumables,external,,Viper Boards,OD200,50.00,,
CNO-BC1-1X5,10083,BD Buttercream 1mx500,buttercream 1mx500,internal,,BD Buttercream 1mx500,OD200,0.00,"2,400.00",
CNO-BCB-016,10060,BD Buttercream 16 Bible,novelty,internal,,BD Buttercream 16 Bible,OD200,0.00,870.00,
CNO-BCB-018,10065,BD Buttercream 18 Bible,novelty,internal,,BD Buttercream 18 Bible,OD200,0.00,920.00,
CNO-BCB-020,10068,BD Buttercream 20 Bible,novelty,internal,,BD Buttercream 20 Bible,OD200,0.00,980.00,
CNO-BCE-1X5,0,BD Buttercream 1mx500 Eggless,buttercream cake 1mx500,internal,,BD Buttercream 1mx500 Eggless,OD200,0.00,"3,100.00",
CNO-BCH-016,10063,BD Buttercream 16 Heart,novelty,internal,,BD Buttercream 16 Heart,OD200,0.00,870.00,
CNO-BCH-018,10067,BD Buttercream 18 Heart,novelty,internal,,BD Buttercream 18 Heart,OD200,0.00,920.00,
CNO-BCH-020,10036,BD Buttercream 20 Heart,novelty,internal,,BD Buttercream 20 Heart,OD200,0.00,980.00,
CNO-BCS-014,10059,BD Buttercream 14 Soccer,novelty,internal,,BD Buttercream 14 Soccer,OD200,0.00,720.00,
CNO-BCS-016,10064,BD Buttercream 16 Soccer,novelty,internal,,BD Buttercream 16 Soccer,OD200,0.00,760.00,
CNO-BNY-018,10085,BD Mould On SL 18,novelty,internal,,BD Mould On SL 18,OD200,0.00,"1,500.00",
CNO-BUT-014,10057,BD Buttercream 14 Butterfly,novelty,internal,,BD Buttercream 14 Butterfly,OD200,0.00,950.00,
CNO-BUT-016,10062,BD Buttercream 16 Butterfly,novelty,internal,,BD Buttercream 16 Butterfly,OD200,0.00,"1,000.00",
CNO-CAS-018,10087,BD Castle,novelty,internal,,BD Castle,OD200,0.00,"1,700.00",
CNO-DHB-020,10167,BD Buttercream 20 Double Heart With Base,novelty,internal,,BD Buttercream 20 Double Heart With Base,OD200,0.00,"1,100.00",
CNO-DOLL-014,10058,BD Buttercream 14 Doll,novelty,internal,,BD Buttercream 14 Doll,OD200,0.00,870.00,
CNO-DOLL-016,10061,BD Buttercream 16 Doll,novelty,internal,,BD Buttercream 16 Doll,OD200,0.00,920.00,
CNO-FC1-1X5,10084,BD Freshcream 1mx500,freshcream 1mx 500,internal,,BD Freshcream 1mx500,OD200,0.00,"2,700.00",
CNO-FCB-016,30469,BD 16 Freshcream BIBLE,novelty,internal,,BD 16 Freshcream BIBLE,OD200,0.00,920.00,
CNO-FCB-018,10071,BD Freshcream 18 Bible,novelty,internal,,BD Freshcream 18 Bible,OD200,0.00,970.00,
CNO-FCB-020,10073,BD Freshcream 20 Bible,novelty,internal,,BD Freshcream 20 Bible,OD200,0.00,"1,050.00",
CNO-FCE-1X5,0,BD Freshcream 1m x 500 Eggless,freshcream cakes 1mx500 eggless,internal,,BD Freshcream 1m x 500 Eggless,OD200,0.00,"3,600.00",
CNO-FCH-016,10070,BD Freshcream 16 Heart,novelty,internal,,BD Freshcream 16 Heart,OD200,0.00,920.00,
CNO-FCH-018,10072,BD Freshcream 18 Heart,novelty,internal,,BD Freshcream 18 Heart,OD200,0.00,970.00,
CNO-FCH-020,10027,BD Freshcream 20 Heart,novelty,internal,,BD Freshcream 20 Heart,OD200,0.00,"1,050.00",
CNO-FCS-014,10069,BD Freshcream 14 Soccer,novelty,internal,,BD Freshcream 14 Soccer,OD200,0.00,760.00,
CNO-FCS-016,10074,BD Freshcream 16 Soccer,novelty,internal,,BD Freshcream 16 Soccer,OD200,0.00,800.00,
CNO-FSF-014,0,BD FC With Strawberries & Fence,novelty,internal,,BD FC With Strawberries & Fence,OD200,0.00,950.00,
CNO-SPI-018,10086,BD Spiderman On SL 18,novelty,internal,,BD Spiderman On SL 18,OD200,0.00,"1,600.00",
DRI- CZE-440,0,Coke Zero 440ml can,drink,external,,Coke Zero 440ml can,OD200,8.30,11.00,
DRI-AME-250ML,0,Americano Short,drink,internal,,Americano Short,OD200,0.00,20.00,
DRI-AME-350ML,0,Americano Tall,drink,internal,,Americano Tall,OD200,0.00,25.00,
DRI-APT-330,6.00105E+12,Appletiser 330ml CAN,drink,external,,Appletiser 330ml CAN,OD200,13.94,20.00,
DRI-BLI-EAC,0,Clover Bliss Double cream yogurt,ingredient,external,,Clover Bliss Double cream yogurt,OD200,29.57,15.00,
DRI-CAF-EAC,0,Caramel Freezo,drink,internal,,Caramel Freezo,OD200,0.00,35.00,
DRI-CAL-EAC,0,Cappuccino Tall,drink,internal,,Cappuccino Tall,OD200,0.00,30.00,
DRI-CAS-EAC,0,Cappuccino Short,drink,internal,,Cappuccino Short,OD200,0.00,26.00,
DRI-CBB-EAC,5.449E+12,Cappy Breakfast Blend 330ml,drink,external,,Cappy Breakfast Blend 330ml,OD200,10.72,18.00,
DRI-CFR=EAC,0,Coffee Freezo,drink,internal,,Coffee Freezo,OD200,0.00,35.00,
DRI-CHA-350ML,0,Chai Latte Short,drink,internal,,Chai Latte Short,OD200,0.00,26.00,
DRI-COC-125,5.449E+12,Coca-Cola 1250ml,drink,external,,Coca-Cola 1250ml,OD200,7.90,12.00,
DRI-COC-1LT,5.449E+12,Coca-Cola 1L,drink,external,,Coca-Cola 1L,OD200,12.77,21.00,
DRI-COC-2LT,5.449E+12,Coca-Cola 2l,drink,external,,Coca-Cola 2l,OD200,20.64,30.00,
DRI-COC-300,2003,Coca-Cola 300ml Bottle,drink,external,,Coca-Cola 300ml Bottle,OD200,5.04,7.00,
DRI-COC-330,5.449E+12,Coca-Cola 300ml Can,drink,external,,Coca-Cola 300ml Can,OD200,8.29,9.00,
DRI-COC-500,5.449E+12,Coca-Cola 440ml Buddy,drink,external,,Coca-Cola 440ml Buddy,OD200,9.51,14.50,
DRI-COL-1.5LT,5.449E+12,Coca-Cola Zero 1.5ltr,drink,external,,Coca-Cola Zero 1.5ltr,OD200,10.39,20.00,
DRI-COL-125,5.449E+12,Coca-Cola Light 1250ml,drink,external,,Coca-Cola Light 1250ml,OD200,0.00,12.00,
DRI-COL-225,0,Coke Light 2250ml,drink,external,,Coke Light 2250ml,OD200,15.86,27.00,
DRI-COL-2LT,5.449E+12,Coca-Cola Light 2l,drink,external,,Coca-Cola Light 2l,OD200,12.98,27.00,
DRI-COL-300C,5.49E+11,Coke 300ml Can,drink,external,,Coke 300ml Can,OD200,0.00,13.00,
DRI-COL-330,5.449E+12,Coca-Cola Light 330ml Can,drink,external,,Coca-Cola Light 330ml Can,OD200,6.41,9.00,
DRI-COL-500,5.449E+12,Coca-Cola Light 500ml,drink,external,,Coca-Cola Light 500ml,OD200,8.64,14.50,
DRI-COR-250ML,0,Cortado Short,drink,internal,,Cortado Short,OD200,0.00,26.00,
DRI-COZ-2250,0,Coke Zero 2250ml,drink,external,,Coke Zero 2250ml,OD200,16.61,27.00,
DRI-COZ-2LT,5.449E+12,Coca-Cola Zero 2l,drink,external,,Coca-Cola Zero 2l,OD200,12.98,27.00,
DRI-COZ-330,5.449E+12,Coca-Cola Zero 300ml Can,drink,external,,Coca-Cola Zero 300ml Can,OD200,6.41,9.00,
DRI-COZ-500,5.449E+12,Coca-Cola Zero 500ml,ingredient,external,,Coca-Cola Zero 500ml,OD200,9.51,14.50,
DRI-CPP-EAC,5.449E+12,Cappy Passion Peach,drink,external,,Cappy Passion Peach,OD200,11.29,16.00,
DRI-CTP-330,5.449E+12,Cappy Trop Punch 330ml,drink,external,,Cappy Trop Punch 330ml,OD200,0.00,18.00,
DRI-CTR-EAC,0,Cappy Tropical 330ml,drink,external,,Cappy Tropical 330ml,OD200,10.72,18.00,
DRI-ESD-EAC,0,Espresso Double Small,drink,internal,,Espresso Double Small,OD200,0.00,25.00,
DRI-ESS-250ML,0,Espresso Short,drink,internal,,Espresso  Short,OD200,0.00,20.00,
DRI-ESS-350ML,0,Espresso Tall,drink,internal,,Espresso Tall,OD200,0.00,22.00,
DRI-ESS-EAC,0,Espresso Single Small,drink,internal,,Espresso Singe Small,OD200,0.00,20.00,
DRI-FAG-1LT,5.449E+13,Fanta Grape,drink,external,,Fanta Grape,OD200,18.03,17.00,
DRI-FAG-2LT,5.449E+12,Fanta Grape 2l,drink,external,,Fanta Grape 2l,OD200,15.10,27.00,
DRI-FAG-300,2004,Fanta Grape 300ml Bottle,drink,external,,Fanta Grape 300ml Bottle,OD200,5.04,9.00,
DRI-FAG-330,5.449E+12,Fanta Grape 300ml CAN,drink,external,,Fanta Grape 300ml CAN,OD200,7.76,9.00,
DRI-FAG-500,5.449E+12,Fanta Grape 440ml Buddy,drink,external,,Fanta Grape 440ml Buddy,OD200,9.51,14.50,
DRI-FAO-2LT,5.449E+12,Fanta Orange 2l,drink,external,,Fanta Orange 2l,OD200,15.10,27.00,
DRI-FAO-300,2008,Fanta Orange 300ml Bottle,drink,external,,Fanta Orange 300ml Bottle,OD200,5.04,7.00,
DRI-FAO-330,5.449E+12,Fanta Orange 300ml Can,drink,external,,Fanta Orange 300ml Can,OD200,8.29,9.00,
DRI-FAO-500,5.449E+12,Fanta Orange 440ml Buddy,drink,external,,Fanta Orange 440ml Buddy,OD200,9.51,14.50,
DRI-FAP-2LT,5.449E+12,Fanta Pineapple 2l,drink,external,,Fanta Pineapple 2l,OD200,15.10,27.00,
DRI-FAP-300,2007,Fanta Pine 300ml Bottle,drink,external,,Fanta Pine 300ml Bottle,OD200,2.64,9.00,
DRI-FAP-330,5.449E+12,Fanta Pineapple 330ml Can,drink,external,,Fanta Pineapple 330ml Can,OD200,4.92,9.00,
DRI-FAP-500,5.449E+12,Fanta Pineapple 440ml Buddy,drink,external,,Fanta Pineapple 440ml Buddy,OD200,9.51,14.50,
DRI-FAS-125,,Fanta 1 litre,drink,external,,Fanta 1 litre,OD200,10.39,17.00,
DRI-FLW-250ML,,Flat White Short,drink,internal,,Flat White Short,OD200,0.00,26.00,
DRI-FLW-350ML,,Flat White Tall,drink,internal,,Flat White Tall,OD200,0.00,34.00,
DRI-FRT-350ML,,Five Roses Tea Tall,drink,internal,,Five Roses Tea Tall,OD200,0.00,16.00,
DRI-FRT-EAC,,Five Roses Tea,drink,internal,,Five Roses Tea,OD200,59.12,16.00,
DRI-FWT-400ML,5.449E+12,Fanta What The Flavour 400ml Buddy,drink,external,,Fanta What The Flavour 400ml Buddy,OD200,8.58,14.50,
DRI-GRA-330,6.00105E+12,Grapetiser 330ml Can,drink,external,,Grapetiser 330ml Can,OD200,0.00,13.50,
DRI-GRT-EAC,,Green Tea,drink,external,,Green Tea,OD200,0.00,16.00,
DRI-GRW-330,6.00105E+12,Grapetiser Wht 330ml Can,drink,external,,Grapetiser Wht 330ml Can,OD200,0.00,16.50,
DRI-HAF-EAC,0,Hazelnut Freezo,drink,internal,,Hazelnut Freezo,OD200,0.00,35.00,
DRI-HOC-250ML,0,Hot Chocolate Short,drink,internal,,Hot Chocolate Short,OD200,0.00,26.00,
DRI-HOC-350ML,0,Hot Chocolate Tall,drink,internal,,Hot Chocolate Tall,OD200,0.00,34.00,
DRI-HWT-EAC,0,Tall White Hot Chocolate,drink,internal,,Tall White Hot Chocolate,OD200,0.00,34.00,
DRI-IAM-EAC,0,Iced Americano,drink,internal,,Iced Americano,OD200,0.00,30.00,
DRI-IBR-125,0,Iron Brew1.25ml,drink,external,,Iron Brew1.25ml,OD200,0.00,12.00,
DRI-ILA-EAC,0,Iced Latte,drink,internal,,Iced Latte,OD200,0.00,30.00,
DRI-IMO-EAC,0,Iced Mocha,platter,internal,,Iced Mocha,OD200,0.00,30.00,
DRI-IRO-2LT,6.00113E+12,Iron Brew 2l,drink,external,,Iron Brew 2l,OD200,0.00,27.00,
DRI-IRO-300,2009,Iron Brew 300ml,drink,external,,Iron Brew 300ml,OD200,0.00,7.00,
DRI-IRO-330,5.449E+12,Iron Brew 330ml Can,drink,external,,Iron Brew 330ml Can,OD200,0.00,9.00,
DRI-IWM-EAC,0,Iced White Mocha,drink,internal,,Iced White Mocha,OD200,0.00,30.00,
DRI-KAPP-500ML,6.0013E+12,Clover Krush 100% Apple,juice,external,,Clover Krush 100% Apple,OD200,0.00,20.00,
DRI-KFF-500ML,6.0013E+12,Clover Krush 6 Fruit £ Fibre,juice,external,,Clover Krush 6 Fruit £ Fibre,OD200,14.25,20.00,
DRI-KOR-500ML,6.0013E+12,Clover Krush 100% Orange,juice,external,,Clover Krush 100% Orange,OD200,11.74,20.00,
DRI-LAT-350ML,0,Latte Tall,drink,internal,,Latte Tall,OD200,0.00,30.00,
DRI-LATT-250ML,0,Latte Short,drink,internal,,Latte Short,OD200,0.00,26.00,
DRI-MBO-EAC,0,OD Bombay Crush,drink,internal,,OD Bombay Crush,OD200,0.00,45.00,
DRI-MBU-EAC,0,OD Bubblegum Milkshake,drink,internal,,OD Bubblegum Milkshake,OD200,0.00,40.00,
DRI-MCH-EAC,0,OD Chocolate Milkshake,drink,internal,,OD Chocolate Milkshake,OD200,0.00,40.00,
DRI-MCO-EAC,0,OD Coffee Milkshake,drink,internal,,OD Coffee Milkshake,OD200,0.00,40.00,
DRI-MEN-500,5.06017E+12,Monster Engery 500ml,drink,external,,Monster Engery 500ml,OD200,12.72,25.00,
DRI-MLI-EAC,0,OD Lime Milkshake,drink,internal,,OD Lime Milkshake,OD200,0.00,40.00,
DRI-MML-500,5.06052E+12,Monster Mucho Logo 500ml,drink,external,,Monster Mucho Logo 500ml,OD200,0.00,25.00,
DRI-MOC-250ML,0,Mocha Short,drink,internal,,Mocha Short,OD200,0.00,34.00,
DRI-MOC-350ML,0,Mocha Tall,drink,internal,,Mocha Tall,OD200,0.00,42.00,
DRI-MON-330,5.06052E+12,Monster Original,drink,external,,Monster Original,OD200,12.90,25.00,
DRI-MSC-EAC,0,OD Salted Caramel Milkshake,drink,internal,,OD Salted Caramel Milkshake,OD200,0.00,40.00,
DRI-MST-EAC,0,OD Strawberry Milkshake,drink,internal,,OD Strawberry Milkshake,OD200,0.00,40.00,
DRI-MVA-EAC,0,OD Vanilla Milkshake,drink,internal,,OD Vanilla Milkshake,OD200,0.00,40.00,
DRI-PBB-EAC,54490482,Powerade Blueberry 500ml,drink,external,,Powerade Blueberry 500ml,OD200,10.87,15.00,
DRI-PGE-500,5.06052E+12,Predator Gold Energy Drink 500ml,drink,external,,Predator Gold Energy Drink 500ml,OD200,6.46,15.00,
DRI-PJI-EAC,90492488,Powerade Jagged Ice,drink,external,,Powerade Jagged Ice,OD200,10.87,15.00,
DRI-PNA-500ML,90492501,Powerade Naartjie,drink,external,,Powerade Naartjie,OD200,0.00,15.00,
DRI-PPL-EAC,0,Powerplay,drink,external,,Powerplay,OD200,10.70,24.00,
DRI-REB-EAC,9.00249E+12,Red Bull 250ml,drink,external,,Red Bull 250ml,OD200,13.04,23.50,
DRI-ROB-250ML,0,Rooibos Tea Short,drink,internal,,Rooibos Tea Short,OD200,0.00,18.00,
DRI-ROO-EAC,,Rooibos ,drink,internal,,Rooibos Tea,OD200,0.00,18.00,
DRI-RSF-EAC,9.00249E+12,Red Bull Sugar Free,drink,external,,Red Bull Sugar Free,OD200,0.00,23.50,
DRI-SCL-EAC,0,Cafe Latte Short,drink,internal,,Cafe Latte Short,OD200,0.00,26.00,
DRI-SCS-125,2017,Spar C/Soda 1250ml,drink,external,,Spar C/Soda 1250ml,OD200,7.90,12.00,
DRI-SCS-2LT,6.00113E+12,Spar C\Soda 2lt,drink,external,,Spar C\Soda 2lt,OD200,13.46,27.00,
DRI-SCS-300,5.449E+12,Spar C/Soda 300ml,drink,external,,Spar C/Soda 300ml,OD200,8.29,7.00,
DRI-SCS-330,5.449E+12,Spar C/Soda 330ml Can,drink,external,,Spar C/Soda 330ml Can,OD200,7.59,9.00,
DRI-SCS-500,5.449E+12,Spar Cream Soda 440ml Buddy,drink,external,,Spar Cream Soda 440ml Buddy,OD200,9.51,14.50,
DRI-SIB-125,2011,Spar Iron Brew 1250ml,drink,external,,Spar Iron Brew 1250ml,OD200,7.90,12.00,
DRI-SPN-125,2012,Spar Pine Nut 1250ml,drink,external,,Spar Pine Nut 1250ml,OD200,13.67,12.00,
DRI-SPN-2LT,5.449E+12,Spar Sparbry Pine Nut 2ltr,drink,external,,Spar Sparbry Pine Nut 2ltr,OD200,12.59,27.00,
DRI-SPR-125,5.449E+12,Sprite 1 litre,drink,external,,Sprite 1 litre,OD200,10.39,17.00,
DRI-SPR-2LT,5.449E+12,Sprite 2l,drink,external,,Sprite 2l,OD200,15.10,27.00,
DRI-SPR-300,5.449E+12,Sprite 300ml Can,drink,external,,Sprite 300ml Can,OD200,8.29,7.00,
DRI-SPR-330,5.449E+12,Sprite 330ml Can,drink,external,,Sprite 330ml Can,OD200,0.00,9.00,
DRI-SPR-440,5.449E+12,Sprite 400ml can,drink,external,,Sprite 400ml can,OD200,7.76,11.00,
DRI-SPR-500,5.449E+12,Sprite 440ml Buddy,drink,external,,Sprite 440ml Buddy,OD200,9.51,14.50,
DRI-SPZ-2LT,5.449E+12,Sprite Zero 2l,drink,external,,Sprite Zero 2l,OD200,0.00,27.00,
DRI-SPZ-330,5.449E+12,Sprite Zero 330ml Can,5rink,external,,Sprite Zero 330ml Can,OD200,0.00,9.00,
DRI-SPZ-500,5.449E+12,Sprite Zero 500ml,drink,external,,Sprite Zero 500ml,OD200,7.15,14.50,
DRI-SRB-500,5.449E+12,Sparletta Raspberry 440ml Buddy,drink,external,,Sparletta Raspberry 440ml Buddy,OD200,9.51,14.50,
DRI-SSB-125,6.00113E+12,Sparletta 1250ml,drink,external,,Sparletta 1250ml,OD200,7.90,12.00,
DRI-SSB-2LT,6.00113E+12,Spar Sparberry 2LTR,drink,external,,Spar Sparberry 2LTR,OD200,13.46,27.00,
DRI-SSB-330,5.449E+12,Spar Sparbry 300ml Can,drink,external,,Spar Sparbry 300ml Can,OD200,8.29,9.00,
DRI-SST-330,5.449E+12,Spar Stoney 330ml Can,drink,external,,Spar Stoney 330ml Can,OD200,5.28,9.00,
DRI-STO-125,5.449E+12,Stoney 1 litre,drink,external,,Stoney 1 litre,OD200,10.39,16.00,
DRI-STO-2LT,6.00113E+12,Stoney Ginger Beer 2lt,drink,external,,Stoney Ginger Beer 2lt,OD200,15.10,27.00,
DRI-STO-440,5.449E+12,Stoney 400ml can,drink,external,,Stoney 400ml can,OD200,8.29,11.00,
DRI-STO-500,5.449E+12,Stoney -gingerbeer 440ml Buddy,drink,external,,Stoney -gingerbeer 440ml Buddy,OD200,8.83,14.50,
DRI-STW-EAC,30607,Still Water,drink,external,,Still Water,OD200,0.00,4.56,
DRI-SWM-250ML,0,Short White Mocha,drink,internal,,Short White Mocha,OD200,0.00,34.00,
DRI-TCL-EAC,,Cafe Latte Short,drink,internal,,Cafe Latte Tall,OD200,0.00,30.00,
DRI-TGR-1.5L,5.449E+12,Twist Grandilla 1.5ltr,drink,external,,Twist Grandilla 1.5ltr,OD200,10.09,15.00,
DRI-TWG-300,2016,Twist Gran 300ml,drink,external,,Twist Gran 300ml,OD200,7.58,7.00,
DRI-TWG-330,5.449E+12,Twist Gran 300ml Can,drink,external,,Twist Gran 300ml Can,OD200,6.63,9.00,
DRI-TWG-500,5.449E+12,Twist Gran 440ml Buddy,drink,external,,Twist Gran 440ml Buddy,OD200,9.51,14.50,
DRI-TWL-2LT,5.449E+12,Twist Lemon 2l,drink,external,,Twist Lemon 2l,OD200,13.46,27.00,
DRI-TWL-330,5.449E+12,Twist Lemon 300ml Can,drink,external,,Twist Lemon 300ml Can,OD200,6.09,9.00,
DRI-TWL-500,40822747,Twist Lemon 500ml,drink,external,,Twist Lemon 500ml,OD200,9.51,14.50,
DRI-TWM-350ML,0,Tall White Mocha,drink,internal,,Tall White Mocha,OD200,0.00,42.00,
DRI-VAF-EAC,0,Vanilla Freezo,drink,internal,,Vanilla Freezo,OD200,0.00,35.00 ,
DRI-WHS-EAC,0,Short White Hot Chocolate,drink,internal,,Short White Hot Chocolate,OD200,0.00,26.00,
DRI-WTF-2LTR,5.449E+12,Fanta What The Flavour 2litre,drink,external,,Fanta What The Flavour 2litre,OD200,17.31,27.00,
JUI- FNB-500ML,6.0013E+12,Juice Krush Fruit Nectar 500ml,juice,external,,Juice Krush Fruit Nectar 500ml,OD200,11.74,23.00,
JUI-EBL-500,6.00132E+12,Energade 500ml Blueberry,drink,external,,Energade 500ml Blueberry,OD200,7.25,15.00,
JUI-EGR-500,6.00132E+12,Energade 500ml Grape,drink,external,,Energade 500ml Grape,OD200,7.25,15.00,
JUI-ELL-500,6.00132E+12,Energade 500ml Lemon & Lime,drink,external,,Energade 500ml Lemon & Lime,OD200,0.00,15.00,
JUI-EMB-500,6.00132E+12,Energade 500ml Mixed Berry,drink,external,,Energade 500ml Mixed Berry,OD200,7.25,15.00,
JUI-ENA-500,6.00132E+12,Energade 500ml Naartjie,drink,external,,Energade 500ml Naartjie,OD200,7.25,15.00,
JUI-ENO-500,6.00132E+12,Energade 500ml Orange,drink,external,,Energade 500ml Orange,OD200,6.80,15.00,
JUI-ETR-500,6.00132E+12,Energade 500ml Tropical,drink,external,,Energade 500ml Tropical,OD200,7.25,15.00,
JUI-KRM-500ML,6.0013E+12,Clover Krush 100% Mango,juice,external,,Clover Krush  100% Mango,OD200,14.25,20.00,
JUI-ORA-2LT,6.0013E+12,Juice 2l Orange Nectar,juice,external,,Juice 2l Orange Nectar,OD200,20.87,29.50,
JUI-ORA-500,6.0013E+12,Juice 500ml Orange Nectar,juice,external,,Juice 500ml Orange Nectar,OD200,11.74,23.00,
JUI-PIN-1LT,6.0013E+12,Juice Tropika 1Litre,juice,external,,Juice Tropika 1Litre,OD200,0.00,21.00,
JUI-TRO-500,6.0013E+12,Tropika 500ml Orange,juice,external,,Tropika 500ml Orange,OD200,12.17,20.00,
JUI-TRP-500,6.0013E+12,Tropika 500ml Pineapple,juice,external,,Tropika 500ml Pineapple,OD200,12.17,20.00,
MIL-ALM-EAC,0,Almond Milk,ingredient,external,,Almond Milk,OD200,0.00,,
MIL-MFC-1LT,6.0013E+12,Milk 1l Full Cream,ingredient,external,,Milk 1l Full Cream,OD200,16.00,17.50,
MIL-MFC-250,6.0013E+12,Milk 250ml Full Cream,ingredients,external,,Milk 250ml Full Cream,OD200,8.55,6.90,
MIL-MFC-500,6.0013E+12,Milk 500ml Full Cream,miscellaneous,external,,Milk 500ml Full Cream,OD200,18.00,10.70,
MIL-SMB-EAC,6.0013E+12,Super M 300ml Banana,drink,external,,Super M 300ml Banana,OD200,11.30,17.00,
MIL-SMC-EAC,6.0013E+12,Super M 300ml Chocolate,drink,external,,Super M 300ml Chocolate,OD200,11.30,17.00,
MIL-SMO-EAC,6.0013E+12,Super M 300ml Cream Soda,drink,external,,Super M 300ml Cream Soda,OD200,11.30,17.00,
MIL-SMS-EAC,6.0013E+12,Super M 300ml Strawberry,drink,external,,Super M 300ml Strawberry,OD200,11.30,17.00,
MIS - CCB-12,0,Colour Cream - 12'',miscellaneous,internal,,Colour Cream - 12'',OD200,0.00,80.00,
MIS - SCB-KGR,0,Solid Colour Buttercream,miscellaneous,internal,,Solid Colour Buttercream,OD200,0.00,,
MIS- CCB-14,0,Colour Cream - 14'',miscellenous,internal,,Colour Cream - 14'',OD200,0.00,80.00,
MIS- FIT-EAC,0,Happy Anniversary Cake Topper,miscellaneous,external,,Happy Anniversary Cake Topper,OD200,0.00,120.00,
MIS- FON-EAC,0,Fondant Writing,miscellenous,internal,,Fondant Writing,OD200,0.00,150.00,
MIS-ACC-EAC,0,Plastic Icing Baby Accessory Set,miscellaneous,external,,Plastic Icing Baby Accessory Set,OD200,0.00,60.00,
MIS-ACC-EAC,0,Plastic Icing Baby Accessory Set,miscellaneous,external,,Plastic Icing Baby Accessory Set,OD200,0.00,60.00,
MIS-AES-EACH,0,Additional Espresso Shot,miscellenous,internal,,Additional Espresso Shot,OD200,0.00,5.00,
MIS-API-EAC,30421,Picture,ingredient,external,,Picture,OD200,0.00,90.00,
MIS-API-EAC,30421,Picture,ingredient,external,,Picture,OD200,0.00,90.00,
MIS-BAB-EAC,0,Plastic icing Baby with blanket,miscellaneous,internal,,Plastic icing Baby with blanket,OD200,0.00,40.00,
MIS-BGM-EAC,30540,Bride & Groom Meduim,miscellaneous,external,,Bride & Groom Meduim,OD200,0.00,90.00,
MIS-BGS-EAC,30541,Bride & Groom Small,miscellenous,external,,Bride & Groom Small,OD200,0.00,70.00,
MIS-BMV-EAC,8100,Mvutu Bar One,miscellenous,internal,,Mvutu Bar One,OD200,0.00,9.00,
MIS-BOO-EAC,0,Plastic icing Booties,miscellenous,internal,,Plastic icing Booties,OD200,0.00,60.00,
MIS-CAN-EAC,30516,Cancellation,miscellaneous,internal,,Cancellation,OD200,0.00,30.00,
MIS-CAT-EAC,0,Cake Toppers Acyrlic,miscellenous,external,,Cake Toppers Acyrlic,OD200,0.00,120.00,
MIS-CBC-BDC,0,Chocolate Buttercream -Birthday Cake,miscellaneous,internal,,Chocolate Buttercream -Birthday Cake,OD200,0.00,30.00,
MIS-CCB-16,0,Colour Cream - 16'',miscellenous,internal,,Colour Cream - 16'',OD200,0.00,120.00,
MIS-CCB-18,0,Colour Cream - 18'',miscellenous,internal,,Colour Cream - 18'',OD200,0.00,120.00,
MIS-CCB-20,0,Colour Cream - 20'',miscellenous,internal,,Colour Cream - 20'',OD200,0.00,180.00,
MIS-CCB-22,0,Colour Cream - 22'',miscellaneous,internal,,Colour Cream - 22'',OD200,0.00,180.00,
MIS-CHA-EAC,0,Service Charge for Changes,miscellaneous,internal,,Service Charge for Changes,OD200,0.00,20.00,
MIS-CHT-EAC,0,Figure Cake Topper,miscellenous,external,,Figure Cake Topper,OD200,0.00,120.00,
MIS-CHW-EAC,30523,Choc Writing,miscellaneous,internal,,Choc Writing,OD200,0.00,20.00,
MIS-CRS-EAC,0,C20 Red Stamp,consumables,external,,C20 Red Stamp,OD200,0.00,,
MIS-CUP-EAC,8016,Foam Cups 250ml,miscellaneous,external,,Foam Cups 250ml,OD200,0.30,1.00,
MIS-CWR-EAC,0,Customised Writing,miscellaneous,internal,,Customised Writing,OD200,0.00,10.00,
MIS-DBC-012,23002,Dbl Choc 12,miscellaneous,internal,,Dbl Choc 12,OD200,0.00,20.00,
MIS-DBC-014,24002,Dbl Choc 14,miscellaneous,internal,,Dbl Choc 14,OD200,0.00,20.00,
MIS-DBC-016,25002,Dbl Choc 16,miscellaneous,internal,,Dbl Choc 16,OD200,0.00,20.00,
MIS-DBC-018,26002,Dbl Choc 18,miscellaneous,internal,,Dbl Choc 18,OD200,0.00,25.00,
MIS-DBC-020,27002,Dbl Choc 20,miscellaneous,internal,,Dbl Choc 20,OD200,0.00,25.00,
MIS-DBC-022,28002,Dbl Choc 22,miscellaneous,internal,,Dbl Choc 22,OD200,0.00,25.00,
MIS-DEL-EAC,0,Delivery,miscellaneous,internal,,Delivery,OD200,30.43,,
MIS-DMV-EACH,8099,Mvutu Donut 4s,miscellaneous,internal,,Mvutu Donut 4s,OD200,0.00,6.00,
MIS-DOR-EAC,30856,Oven Delights Flags,consumables,internal,,Oven Delights Flags,OD200,0.00,15.00,
MIS-DOS-EAC,8202,Day Old Scones,miscellaneous,internal,,Day Old Scones,OD200,0.00,17.00,
MIS-EPO-EAC,30422,Edible Picture Only,miscellaneous,external,,Edible Picture Only,OD200,0.00,150.00,
MIS-FWO-EACH,0,Fondant Wording,miscellenous,external,,Fondant Wording,OD200,0.00,150.00,
MIS-GBE-EAC,8017,Gold Beads,miscellaneous,external,,Gold Beads,OD200,734.75,15.00,
MIS-GWR-EAC,30521,Gold Writing,miscellaneous,external,,Gold Writing,OD200,0.00,15.00,
MIS-HBT-EAC,0,Happy Birthday Cake Topper,miscellaneous,external,,Happy Birthday Cake Topper,OD200,0.00,120.00,
MIS-HEL-5LTR,0,Heluim Small Cylinder,consumables,external,,Heluim Small Cylinder,OD200,0.00,,
MIS-HEL-LAR,0,Heluim Large,miscellaneous,external,,Heluim Large,OD200,0.00,,
MIS-HEL-SML,0,Heluim Small,miscellenous,external,,Heluim Small,OD200,0.00,,
MIS-LEA-EAC,8018,Leaves,miscellaneous,external,,Leaves,OD200,1.66,3.00,
MIS-MAT-EAC,60069795,Matches,consumables,external,,Matches,OD200,0.78,1.00,
MIS-MGR-EAC,8035,Rib Metallic Gold,miscellaneous,external,,Rib Metallic Gold,OD200,2.36,15.00,
MIS-MSR-EAC,8036,Rib Metallic Silver,miscellaneous,external,,Rib Metallic Silver,OD200,0.00,15.00,
MIS-MVU-EAC,8032,Mvutu,miscellaneous,external,,Mvutu,OD200,0.00,8.00,
MIS-NOV-EAC,30524,Novelities Sets,miscellaneous,external,,Novelities Sets,OD200,0.00,120.00,
MIS-OOH-EACH,0,Overheads,consumables,external,,Overheads,OD200,1.00,,
MIS-PLA-EAC,8019,Plasters,consumables,external,,Plasters,OD200,0.00,0.80,
MIS-RIP-EAC,10299,Ribbon Picture,ingredient,external,,Ribbon Picture,OD200,0.00,150,
MIS-RMV-EAC,8033,Mvutu Rainbow,miscellaneous,external,,Mvutu Rainbow,OD200,0.00,8.00,
MIS-ROS-EAC,8020,Roses,miscellaneous,external,,Roses,OD200,5.42,12.00,
MIS-RSS-EAC,0,Roses Small New Assorted Colours,miscellenous,external,,Roses Small New Assorted Colours,OD200,0.00,12.00,
MIS-SBE-EAC,8030,Silver Beads,miscellaneous,external,,Silver Beads,OD200,0.00,15.00,
MIS-SDC-EAC,30515,Same Day Charge,miscellaneous,external,,Same Day Charge,OD200,0.00,30.00,
MIS-SFB-EAC,0,Sign Happy Birthday Gold Foil,miscellaneous,external,,Sign Happy Birthday Gold Foil,OD200,0.00,8.00,
MIS-SGA-EAC,8026,Sign H.A. Gold,miscellaneous,external,,Sign H.A. Gold,OD200,0.00,10.00,
MIS-SGB-EAC,8028,Sign H.B. Gold,miscellaneous,external,,Sign H.B. Gold,OD200,0.00,10.00,
MIS-SWR-EAC,30522,Silver Writing,miscellaneous,external,,Silver Writing,OD200,0.00,15.00,
MIS-WHC-EAC,0,Additional Whipped Cream,miscellaneous,external,,Additional Whipped Cream,OD200,0.00,7.00,
MIS-XSR-EAC,0,Xmas Sticker Scroll English,miscellaneous,external,,Xmas Sticker Scroll English,OD200,0.31,,
PAC -F3D-EAC,0,F3 Double Wall Pie box,packaging,external,,F3 Double Wall Pie box,OD200,18.00,,
PAC- BTL-EACH,0,Bag Brown Thrifty Paper Bag Large,packaging,external,,Bag Brown Thrifty Paper Bag Large,OD200,0.00,,
PAC- CUC-350ML,0,Cup Clear 350ML,packaging,external,,Cup Clear 350ML,OD200,1.17,,
PAC- HAB-EAC,0,Hamburger Base Black F60,packaging,external,,Hamburger Base Black F60,OD200,0.24,,
PAC- LIC- 350ML,0,Lids Clear 350ML,packaging,external,,Lids Clear 350ML,OD200,0.70,,
PAC- MIN-EAC,0,Cup Cake Boxes With Inserts,packaging,external,,Cup Cake Boxes With Inserts,OD200,10.43,,
PAC- NAB-EAC,0,Name Badges,consumables,external,,Name Badges,OD200,0.00,,
PAC- SDL-EAC,0,Square Desert Lid,packaging,external,,Square Desert Lid,OD200,0.00,,
PAC-083-EAC,0,83X54X300 30mic,packaging,external,,83X54X300 30mic,OD200,0.00,,
PAC-083-EAC,0,83X54X300 30mic,packaging,external,,83X54X300 30mic,OD200,0.00,,
PAC-12X-EAC,30254,12x12x6,packaging,external,,12x12x6,OD200,12.84,,
PAC-14X-EAC,30255,14X14X6,packaging,external,,14X14X6,OD200,13.13,,
PAC-16X-EAC,30256,16x16x6,packaging,external,,16x16x6,OD200,16.56,,
PAC-18H-EAC,30257,18X18X5 High,packaging,external,,18X18X5 High,OD200,10.86,,
PAC-18X-EAC,30258,18X18X6,packaging,external,,18X18X6,OD200,18.89,,
PAC-196-EAC,30267,196T swissroll folder,packaging,external,,196T swissroll folder,OD200,1.77,,
PAC-200-EAC,30291,Foil Container 100 (200IL),packaging,external,,Foil Container 100 (200IL),OD200,0.36,,
PAC-20H-EAC,30266,20X20X5 High,packaging,external,,20X20X5 High,OD200,0.00,,
PAC-20X-EAC,30259,20X20X6,packaging,external,,20X20X6,OD200,29.05,,
PAC-214-EAC,0,214 Gateaux Dome,packaging,external,,214 Gateaux Dome,OD200,2.94,,
PAC-215-EAC,30706,215 Gateaux Base,packaging,external,,215 Gateaux Base,OD200,1.56,,
PAC-225-EAC,30804,225X270X30MIC Scone bag medium,packaging,external,,225X270X30MIC Scone bag medium,OD200,0.46,,
PAC-260-EAC,30806,260*450*25mic,packaging,external,,260*450*25mic,OD200,0.23,,
PAC-300-EAC,30292,Foil Container 100 (3001P),packaging,external,,Foil Container 100 (3001P),OD200,1.34,,
PAC-310-EAC,30808,310*450*30mic,packaging,external,,310*450*30mic,OD200,0.39,,
PAC-315-EAC,30268,315 bar one dome,packaging,external,,315 bar one dome,OD200,2.58,,
PAC-317-EAC,30269,317 bar one base,packaging,external,,317 bar one base,OD200,1.50,,
PAC-400-EAC,30807,250*400*40mic Rolls large,packaging,external,,250*400*40mic Rolls large,OD200,0.77,,
PAC-405-EAC,30287,4051 foil container,packaging,external,,4051 foil container,OD200,0.92,,
PAC-419-EAC,30692,4191 Foil Container,packaging,external,,4191 Foil Container,OD200,0.00,,
PAC-450-EAC,30805,250*450*30mic Naan exlarge,packaging,external,,250*450*30mic Naan exlarge,OD200,0.88,,
PAC-552-EAC,30801,5*5*2.5,packaging,external,,5*5*2.5,OD200,1.30,,
PAC-572-EAC,30737,5*5*2.5,packaging,external,,5*5*2.5,OD200,1.64,3.00,
PAC-572-EAC,30737,5*5*2.5,packaging,external,,5*5*2.5,OD200,1.52,,
PAC-573-EAC,30827,5*7*3,packaging,external,,5*7*3,OD200,1.93,4.00,
PAC-573-EAC,30827,5*7*3,packaging,external,,5*7*3,OD200,1.61,,
PAC-73D-EAC,30725,No 73D Foam Tray,packaging,external,,No 73D Foam Tray,OD200,0.33,,
PAC-773-EAC,30800,7*7*3 Diwali Boxes,packaging,external,,7*7*3 Diwali Boxes,OD200,2.73,,
PAC-835-EAC,30303,Bag 1000 83*54*300mm,packaging,external,,Bag 1000 83*54*300mm,OD200,0.00,,
PAC-882-EAC,0,8X8X2,packaging,external,,8X8X2,OD200,2.52,6.00,
PAC-882-EAC,0,8X8X2,packaging,external,,8X8X2,OD200,2.05,,
PAC-884-EAC,30486,8X8X4,packaging,external,,8X8X4,OD200,3.89,9.00,
PAC-884-EAC,30486,8X8X4,packaging,external,,8X8X4,OD200,3.80,,
PAC-A34-EAC,30587,A34 Round Cake Dome,packaging,external,,A34 Round Cake Dome,OD200,1.90,,
PAC-A35-EAC,30588,A35 Round Cake Base,packaging,external,,A35 Round Cake Base,OD200,1.05,,
PAC-B75-EAC,0,K75 Base,packaging,external,,K75 Base,OD200,0.00,,
PAC-BAG-EAC,6.00968E+12,Bags 1000 White Midi,packaging,external,,Bags 1000 White Midi,OD200,0.74,1.50,
PAC-BAG-EAC,6.00968E+12,Bags 1000 White Midi,packaging,external,,Bags 1000 White Midi,OD200,0.74,,
PAC-BAG-JUM,6.00968E+12,Bags 1000 White Jumbo,packaging,external,,Bags 1000 White Jumbo,OD200,1.05,1.50,
PAC-BAG-JUM,6.00968E+12,Bags 1000 White Jumbo,packaging,external,,Bags 1000 White Jumbo,OD200,0.82,,
PAC-BBC-EAC,0,Bon Bon Biscuit Container,packaging,external,,Bon Bon Biscuit Container,OD200,0.00,,
PAC-BBL-EAC,0,Bon Bon Biscuit Lid,packaging,external,,Bon Bon Biscuit Lid,OD200,0.00,,
PAC-BEB-EAC,0,Empty Bandini Box,packaging,external,,Empty Bandini Box,OD200,0.00,,
PAC-BOR-EAC,30308,Bag on Roll (30x45),packaging,external,,Bag on Roll (30x45),OD200,0.08,,
PAC-BPB-EAC,0,Bag Brown Thrifty Paper Bag meduim,packaging,external,,Bag Brown Thrifty Paper Bag meduim,OD200,0.27,,
PAC-BRE-EAC,30533,Packaging New 76x91 Black Refuse,packaging,external,,Packaging New 76x91 Black Refuse,OD200,0.00,,
PAC-CHO-EAC,30249,Oven Delight Cake Box Choc,packaging,external,,Oven Delight Cake Box Choc,OD200,3.88,,
PAC-CON-EAC,0,7119P Foil container,packaging,external,,7119P Foil container,OD200,3.43,,
PAC-CUC-500ML,0,Cup Clear 500ML,packaging,external,,Cup Clear 500ML,OD200,1.30,,
PAC-D75-EAC,0,K75 Dome,packaging,external,,K75  Dome,OD200,0.00,,
PAC-DCW-EAC,0,High Window Box For Drip cake,packaging,external,,High Window Box For Drip cake,OD200,0.00,,
PAC-EPI-EAC,0,Faze 3 Boxes Empty for Pies,packaging,external,,Faze 3 Boxes Empty for Pies,OD200,20.90,,
PAC-F5B-EAC,0,F50 High Cake Base,packaging,external,,F50 High Cake Base,OD200,1.83,,
PAC-F5B-EAC,0,F50 High Cake Base,packaging,external,,F50 High Cake Base,OD200,1.83,,
PAC-F5D-EAC,0,F50 High Cake Dome,packaging,external,,F50 High Cake Dome,OD200,2.71,,
PAC-F5D-EAC,0,F50 High Cake Dome,packaging,external,,F50 High Cake Dome,OD200,2.71,,
PAC-FLP-EAC,0,Foil - Loaf Pan 4161P,packaging,external,,Foil - Loaf Pan 4161P,OD200,2.39,,
PAC-FOI-EAC,30290,Foil Buns 4051D,packaging,external,,Foil Buns 4051D,OD200,0.85,,
PAC-GP2-EAC,30300,Bag GP 2,packaging,external,,Bag GP 2,OD200,0.10,,
PAC-HAM-EAC,0,Hamburger Dome F60,packaging,external,,Hamburger Dome F60,OD200,1.10,,
PAC-K96-EAC,30280,K 96 milk tart domes,packaging,external,,K 96 milk tart domes,OD200,2.15,,
PAC-LCB-EAC,0,Laser Cut Box Only,packaging,external,,Laser Cut Box Only,OD200,65.00,,
PAC-LEV-EACH,0,EPR LEVY,packaging,external,,EPR LEVY,OD200,0.45,,
PAC-LIC-500ML,0,Lid Clear 500ML,packaging,external,,Lid Clear 500ML,OD200,0.70,,
PAC-LID-EAC,0,7119P Clear lids,packaging,external,,7119P Clear lids,OD200,2.24,,
PAC-LLB-EAC,0,Large Log Base,packaging,external,,Large Log Base,OD200,1.59,,
PAC-LLD-EAC,0,Large Log Dome,packaging,external,,Large Log Dome,OD200,2.40,,
PAC-MAD-EAC,0,Madeira Packaging Small B,packaging,external,,Madeira Packaging Small B,OD200,0.48,,
PAC-MAD-EAC,0,Madeira Packaging Small B,packaging,external,,Madeira Packaging Small B,OD200,0.48,,
PAC-MCC-350ML,0,Milkshake Cup 350ml,packaging,external,,Milkshake Cup 350ml,OD200,0.00,,
PAC-MCL-350ML,0,Milkshake Cup Lids 350ml,packaging,external,,Milkshake Cup Lids 350ml,OD200,0.00,,
PAC-MFO-EAC,30282,Mince pie foil,packaging,external,,Mince pie foil,OD200,0.27,,
PAC-MIN-EAC,30293,Foil Container Mince Pie Tray,packaging,external,,Foil Container Mince Pie Tray,OD200,1.48,,
PAC-NDI-EAC,0,New Diwali Cake Boxes,packacing,external,,New Diwali Cake Boxes,OD200,5.50,,
PAC-P45-EAC,0,P45 Round platter,packaging,external,,P45 Round platter,OD200,10.82,,
PAC-PBH-EAC,0,Platter base - half,packaging,external,,Platter base - half,OD200,3.50,,
PAC-PFB-EAC,0,Platter foil base,packaging,external,,Platter foil base,OD200,11.00,,
PAC-PFB-EAC,0,Platter foil base,packaging,external,,Platter foil base,OD200,11.00,,
PAC-PLD-EAC,0,Platter Dome,packaging,external,,Platter Dome,OD200,8.00,,
PAC-PLD-EAC,0,Platter Dome,packaging,external,,Platter Dome,OD200,8.00,,
PAC-PLH-EAC,0,Platter Lid -Half,packaging,external,,Platter Lid -Half,OD200,3.00,,
PAC-PRD-EAC,0,P45 platter dome,packaging,external,,P45 platter dome,OD200,8.48,,
PAC-PTC-EAC,0,Paper Tulip Cups giant cup cakes,packaging,external,,Paper Tulip Cups giant cup cakes,OD200,0.00,,
PAC-PTC-EAC,0,Paper Tulip Cups giant cup cakes,packaging,external,,Paper Tulip Cups giant cup cakes,OD200,0.00,,
PAC-REC-EAC,0,Rectangle Pie Foil,packaging,external,,Rectangle Pie Foil,OD200,0.55,,
PAC-REF-EAC,30492,Packaging Black Refuse,packaging,external,,Packaging Black Refuse,OD200,0.00,,
PAC-SDT-EAC,0,Square Desert Tub,packaging,external,,Square Desert Tub,OD200,0.00,,
PAC-SLI-70ML,0,Sauce Lids 70ml,packaging,external,,Sauce Lids 70ml,OD200,0.22,,
PAC-SO6-EAC,30299,Bag Brown BB3,packaging,external,,Bag Brown BB3,OD200,0.31,,
PAC-STR-EAC,30250,Oven Delight Cake Box Strbery,packaging,external,,Oven Delight Cake Box Strbery,OD200,3.86,,
PAC-STU-70ML,0,Sauce Tub 70ml,packaging,external,,Sauce Tub 70ml,OD200,0.35,,
PAC-SWI-EAC,30826,Swissroll Box,packaging,external,,Swissroll Box,OD200,6.49,8.00,
PAC-SWI-EAC,30826,Swissroll Box,packaging,external,,Swissroll Box,OD200,5.10,,
PAC-TAL-EAC,0,GLUTEN FREE CHOC MOUSSE CAKE TUB,exotic cakes,internal,,GLUTEN FREE CHOC MOUSSE CAKE TUB,OD200,0.57,,
PAC-VPC-EAC,0,Vinyl Print Coffee Boards,consumables,external,,Vinyl Print Coffee Boards,OD200,"1,250.00",,
PAC-WIN-EAC,0,Windsor X-Small B,packaging,external,,Windsor X-Small B,OD200,0.37,,
PAC-WRG-EAC,0,Wrist Guard,consumables,external,,Wrist Guard,OD200,0.00,,
PAC-ZIP-EACH,0,Ziplock Bags,packaging,external,,Ziplock Bags,OD200,0.00,,
PIE -CSR-EAC,15002,OD Premium Chicken Tikka Sausage Roll,pie,external,,OD Premium Chicken Tikka Sausage Roll,OD200,9.03,22.00,
PIE-APP-KG,0,Pie Apple,ingredient,external,,Pie Apple,OD200,0.00,,
PIE-COD-EAC,15103,Pie OD Chicken & Mushroom,pie,internal,,Pie OD Chicken & Mushroom,OD200,0.00,30.00,
PIE-CPP-EAC,15007,Pie Chicken Peri Peri,pie,external,,Pie Chicken Peri Peri,OD200,16.85,28.00,
PIE-MSR-EAC,15001,OD Premium Mutton Oriental Sausage Roll,pie,external,,OD Premium Mutton Oriental Sausage Roll,OD200,7.80,22.00,
PIE-ODM-EAC,15101,Pie OD Mutton Curry,pie,internal,,Pie OD Mutton Curry,OD200,0.00,30.00,
PIE-PPS-EAC,15009,Pie Pepper Steak,pie,internal,,Pie Pepper Steak,OD200,16.85,28.00,
PIE-SAF-EAC,15005,Pie Spinach & Feta,pie,external,,Pie Spinach & Feta,OD200,16.85,28.00,
PIE-SAK-EAC,15010,Pie Steak & Kidney,pie,external,,Pie Steak & Kidney,OD200,16.85,28.00,
PIE-SRB-EACH,15105,Pie Sausage Roll( Beef),pie,external,,Pie Sausage Roll( Beef),OD200,14.95,22.00,
PIE-VEG-EAC,15004,Pie OD Vegetable,pie,internal,,Pie OD Vegetable,OD200,9.50,28.00,
PLA -SCO-EAC,0,Platter Scone Delight 18s,platter,internal,,Platter Scone Delight 18s,OD200,0.00,450.00,
PLA- MIX-EAC,0,Platter Mixy Delight,platter,internal,,Platter Mixy Delight,OD200,0.00,550.00,
PLA-CHE-EAC,0,Platter Cheeky Delight,platter,internal,,Platter Cheeky Delight,OD200,0.00,550.00,
PLA-CRO-EAC,0,Platter Croissant Delight 20s,platter,internal,,Platter Croissant Delight 20s,OD200,0.00,450.00,
PLA-MEA-EAC,0,Platter Meaty Delight,platter,internal,,Platter Meaty Delight,OD200,0.00,550.00,
PLA-MUFF- EAC,0,Platter Muffin Delight 30s,platter,internal,,Platter Muffin Delight 30s,OD200,0.00,450.00,
PLA-SMA-EAC,0,Platter Snacky Delight,platter,internal,,Platter Snacky Delight,OD200,0.00,550.00,
PLA-VEG-EAC,0,Platter Veggy Delights,platter,internal,,Platter Veggy Delights,OD200,0.00,500.00,
SAV-CJR-EAC,0,Chicken & Jalapeno Rissoles,savoury,internal,,Chicken & Jalapeno Rissoles,OD200,0.00,8.00,
SAV-CSA-EAC,0,Chicken Samoosa,savoury,internal,,Chicken Samoosa,OD200,0.00,6.00,
SAV-FIS-EAC,0,Fish Cake,savoury,internal,,Fish Cake,OD200,0.00,12.00,
SAV-LMS-EAC,0,Lamb Mince Samoosa,savoury,internal,,Lamb Mince Samoosa,OD200,0.00,6.00,
SAV-PUP-EAC,0,Puri Plain,savoury,internal,,Puri Plain,OD200,0.00,4.50,
SAV-PUR-EAC,8001,Puri & Patha (3s),savoury,internal,,Puri & Patha (3s),OD200,0.00,35.00,
SAV-RCJ-EAC,0,Cheese & Jalapeno Rissoles,savoury,internal,,Cheese & Jalapeno Rissoles,OD200,0.00,8.00,
SAV-SAM-EAC,0,Samoosa 3s,savoury,internal,,Samoosa  3s,OD200,0.00,7.00,
SAV-SMS-EACH,,Soya Mince Samoosa,savoury,internal,,Soya Mince Samoosa,OD200,0.00,6.00,
SHP - JAL-EACH,9009,Jalebi 250g,shop front,external,,Jalebi 250g,OD200,70.00,95.00,
SHP- BAN-EAC,16055,Banana Loaf,shop front,internal,,Banana Loaf,OD200,0.00,42.00,
SHP- CRW-EAC,0,Roti Chicken Wrap,savoury,internal,,Roti Chicken Wrap,OD200,0.00,20.00,
SHP- GUL-1KG,0,Gulab Jamun 1kg,shop front,external,,Gulab Jamun 1kg,OD200,0.00,280.00,
SHP- GUL-4S,60001,Gulab Jamun 4s Pure Butter,shop front,external,,Gulab Jamun 4s Pure Butter,OD200,0.00,40.00,
SHP- MOL-6S,0,DC Sweetmeats Mini Oval Laser Cut Wooden (6s),shop front,external,,DC Deluxe Mini Wooden  Laser Cut,OD200,65.00,170.00,
SHP- PRW-EAC,0,Roti Potatoe Wrap,savoury,internal,,Roti Potatoe Wrap,OD200,0.00,15.00,
SHP- RAE-EAC,16058,Eggless Rainbow Sponge Log,shop front,internal,,Eggless Rainbow Sponge Log,OD200,0.00,75.00,
SHP- SWEE-250G,0,DC Sweet Meats Assorted 250g,shop front,external,,DC Sweet Meats Assorted 250g,OD200,57.50,80.00,
SHP-AUA-EAC,9008,DC Authentic Assorted Sweetmeats 11 pieces,shop front,external,,DC Authentic Assorted Sweetmeats 11 pieces,OD200,110.00,150.00,
SHP-AUT-EAC,0,Authentic Ladoo,shop front,external,,Authentic Ladoo,OD200,0.00,,
SHP-BAN-6S,8080,Banana Puri (6s),shop front,external,,Banana Puri (6s),OD200,40.00,70.00,
SHP-BCC-EAC,16041,Buttercream Christmas cakes,shop front,internal,,Buttercream Christmas cakes,OD200,0.00,55.00,
SHP-BCG-EAC,16042,ButterCream Christmas Gateaux,shop front,internal,,ButterCream Christmas Gateaux,OD200,0.00,130.00,
SHP-BRB-400,30370,Bread Brown 400g,shop front,internal,,Bread Brown 400g,OD200,0.00,5.00,
SHP-BRB-400G,0,Bread Bunny Loaf 400g,shop front,internal,,Bread Bunny Loaf 400g,OD200,0.00,8.00,
SHP-BRB-800,13005,Sun Bread Brown 800g,shop front,internal,,Sun Bread Brown 800g,OD200,0.00,15.00,
SHP-BRG-EAC,16003,Bread Garlic 300g,shop front,internal,,Bread Garlic 300g,OD200,0.00,32.00,
SHP-BRO-EAC,0,Butter Roti (6s),shop front,internal,,Butter Roti (6s),OD200,0.00,30.00,
SHP-BRR-500,16004,Bread Tea Ring,shop front,internal,,Bread Tea Ring,OD200,0.00,34.00,
SHP-BRT-500,16005,Bread Tea Loaf 500g,shop front ,internal,,Bread Tea Loaf 500g,OD200,0.00,34.00,
SHP-BRW-400,30372,Bread White 400g,shop front,internal,,Bread White 400g,OD200,0.00,5.00,
SHP-BRW-800,13003,Sun Bread White 800,shop front,internal,,Sun Bread White 800,OD200,0.00,15.00,
SHP-BSC-EAC,16044,Butter Scones (4s),shop front,internal,,Butter Scones (4s),OD200,0.00,34.00,
SHP-BTW-500,16007,Bread 500g Twist,shop front,internal,,Bread 500g Twist,OD200,0.00,22.00,
SHP-BUN-EAC,16008,Buns 100g Soft 6s,shop front,internal,,Buns 100g Soft 6s,OD200,0.00,27.00,
SHP-BUR-1KG,0,Burfee 1kg,shop front,internal,,Burfee 1kg,OD200,72.00,300.00,
SHP-BUR-KGR,0,Burfee 9pc,shop front,internal,,Burfee 9pc,OD200,72.00,95.00,
SHP-BVS-EAC,16009,BC Vanilla Swiss Roll,buttercream cake,internal,,BC Vanilla Swiss Roll,OD200,0.00,44.00,
SHP-CFI-EAC,16015,Christmas fruit Cake Round Iced,shop front,internal,,Christmas fruit Cake Round Iced,OD200,0.00,160.00,
SHP-CFP-EAC,16016,Christmas Fruit Cake Round Plain,shop front,internal,,Christmas Fruit Cake Round Plain,OD200,0.00,250.00,
SHP-CHA-1KG,0,Chana Magaj 1kg,shop front,internal,,Chana Magaj 1kg,OD200,0.00,300.00,
SHP-CHB-04S,30755,Chelsea Buns (6s),shop front,internal,,Chelsea Buns (6s),OD200,0.00,40.00,
SHP-CHO-PLN,16013,Chocolate Gateaux Plain,shop front,internal,,Chocolate Gateaux Plain,OD200,0.00,30.00,
SHP-CPN-EAC,16014,Carrot and Pecan Nut Slab,shop front,internal,,Carrot and Pecan Nut Slab,OD200,0.00,48.00,
SHP-CRB-06S,16017,Cream Buns 6s,shop front,internal,,Cream Buns 6s,OD200,0.00,42.00,
SHP-CRO-06S,16018,Rolls 70g Soft Hotdog Cheese 6,shop front,internal,,Rolls 70g Soft Hotdog Cheese 6,OD200,0.00,32.00,
SHP-CSC-EAC,6.00165E+12,Chocolate Sponge Cake,shop front,internal,,Chocolate Sponge Cake,OD200,0.00,47.00,
SHP-CTP-EAC,0,Christmas Steamed Pudding,shop front,internal,,Christmas Steamed Pudding,OD200,0.00,200.00,
SHP-CTR-EAC,16020,Cocktail Rolls,shop front,internal,,Cocktail Rolls,OD200,0.00,34.00,
SHP-CWP-EAC,16038,Christmas Windsor Plain,shop front,internal,,Christmas Windsor Plain,OD200,0.00,120.00,
SHP-CWS-EAC,16049,Christmas Windsor Slice,shop front,internal,,Christmas Windsor Slice,OD200,0.00,40.00,
SHP-DBB-EAC,,DC Diwali Bandhani Box,shop front,external,,DC  Bandhani Box (8s),OD200,0.00,90.00,
SHP-DCB-EAC,,DC Cutwork Laser Cut Design,shop front,external,,DC Cutwork Laser Cut Design,OD200,0.00,110.00,
SHP-DDK-EAC,,DC Deluxe Diamante Knob Mini Wooden Laser Cut,shop,external,,DC Deluxe Diamante Knob Mini Wooden Laser Cut,OD200,140.00,170.00,
SHP-DEG-EAC,,DC Diwali Eggless Cake,shop front,internal,,DC Diwali Eggless Cake,OD200,0.00,60.00,
SHP-DEP-EAC,,DC Elephant Pendant Box,shop front,external,,DC Elephant Pendant Box,OD200,0.00,210.00,
SHP-DJA-EAC,0,DC Diwali Jalebi,shop front,external,,DC Diwali Jalebi,OD200,70.00,95.00,
SHP-DLB-EAC,0,DC Diwali Large Bag,shop front,external,,DC Diwali Large Bag,OD200,0.00,40.00,
SHP-DMA-EAC,0,DC Diwali Macaroons,shop front,external,,DC Diwali Macaroons (5s),OD200,65.00,90.00,
SHP-DME-EAC,,DC Majestic Elephant/Ganesha,shop front,external,,DC Majestic Elephant/Ganesha,OD200,0.00,80.00,
SHP-DMJ-EAC,,DC Majestic Jewels Ganesha 595g,shop front,external,,DC Majestic Jewels Ganesha 595g,OD200,320.00,450.00,
SHP-DPS-EAC,,DC Peacock Shape,shop front,external,,DC Peacock Shape,OD200,170.00,240.00,
SHP-DRO-EAC,16045,Dhall Roti (6s),shop front,external,,Dhall Roti (6s),OD200,0.00,35.00,
SHP-DTE-EAC,,DC Timeless Elegant Box,shop front,external,,DC Timeless Elegant Box,OD200,0.00,170.00,
SHP-EBR-EAC,,DC Exclusive Box Rose Gold,shop front,external,,DC Exclusive Box Rose Gold,OD200,0.00,320.00,
SHP-ESG-EAC,,DC Exclusive Box Gold,shop front ,external,,DC Exclusive Box Gold,OD200,220.00,320.00,
SHP-FCE-EAC,0,Christmas Fruit Cake Eggless Round,shop front,internal,,Christmas Fruit Cake Eggless Round,OD200,0.00,160.00,
SHP-FRT-LRG,0,Five Roses Tea Tall,drink,external,,Five Roses Tea Tall,OD200,0.00,16.00,
SHP-HBU-EAC,16022,Hot x Buns 6s,shop front,internal,,Hot x Buns 6s,OD200,0.00,31.00,
SHP-IDH-EACH,60071,Idhli Pure Butter (4s),platter,internal,,Idhli Pure Butter (4s),OD200,0.00,37.00,
SHP-LAC-EACH,110102,Chocolate Lamington 5 pack,shop front,internal,,Chocolate Lamington 5 pack,OD200,0.00,45.00,
SHP-LAD-EAC,0,Ladoo 9 piece,shop front,internal,,Ladoo  9 piece,OD200,50.00,70.00,
SHP-LAR-EACH,110101,Raspberry Lamington 5 pack,shop front,internal,,Raspberry Lamington 5 pack,OD200,0.00,45.00,
SHP-LFS-EAC,,DC Large Floral Boxes,shop front,external,,DC Large Floral Boxes,OD200,110.00,160.00,
SHP-LHS-375,9003,DC Large Hexagonal Deluxe Sweetmeats 375g,shop front,external,,DC Large Hexagonal Deluxe Sweetmeats 375g,OD200,170.00,250.00,
SHP-MAD-EAC,16023,Madeira,shop front,internal,,Madeira,OD200,0.00,48.00,
SHP-MFS-EAC,,DC Meduim Floral Box,shop front,external,,DC Meduim Floral Box,OD200,75.00,120.00,
SHP-MHS-165,9001,DC Mini Hexagonal Deluxe Sweetmeats 165g,shop front,external,,DC Mini Hexagonal Deluxe Sweetmeats 165g,OD200,90.00,140.00,
SHP-MIN-EAC,16024,Mince Pies,shop front,internal,,Mince Pies,OD200,0.00,48.00,
SHP-MRO-EACH,16048,Brown Roti (6s),shop front,internal,,Brown Roti (6s),OD200,0.00,35.00,
SHP-NAA-02S,16025,Naan 300g 2s,shop front,internal,,Naan 300g 2s,OD200,0.00,34.00,
SHP-NAA-EAC,16026,Naan 300g,shop front,internal,,Naan 300g,OD200,0.00,17.00,
SHP-PPP-30S,0,Puri Patha Platter 30s,shop front,internal,,Puri Patha Platter 30s,OD200,0.00,380,
SHP-RAI-EAC,16027,Rainbow Sponge Log,shop front,internal,,Rainbow Sponge Log,OD200,0.00,60.00,
SHP-RAL-EAC,16028,Raisin Loaf,shop front,internal,,Raisin Loaf,OD200,0.00,20.00,
SHP-RBT-LRG,0,Rooibos Tea Tall,drink,internal,,Rooibos Tea Tall,OD200,0.00,18.00,
SHP-RJS-595,9006,DC Rajasthani Jewel Sweetmeats 595g,shop front,external,,DC Rajasthani Jewel Sweetmeats 595g,OD200,240.00,360.00,
SHP-ROLL-06S,16029,Rolls 60g Soft Hotdog 6s,shop front,internal,,Rolls 60g Soft Hotdog 6s,OD200,0.00,18.00,
SHP-ROLL-12S,16030,Rolls 60g Soft Hotdog 12s,shop front,internal,,Rolls 60g Soft Hotdog 12s,OD200,0.00,36.00,
SHP-ROT-EAC,16046,Rotis 12s,shpo front,internal,,Rotis 12s,OD200,0.00,35.00,
SHP-SBB-EACH,0,DC Sweetmeats Boujee Burfee,shop front,external,,DC Bandhani Burfee Box (9s),OD200,110.00,110.00,
SHP-SBC-EAC,8050,Burfee Soji Cake,shop front,internal,,Burfee Soji Cake,OD200,0.00,110.00,
SHP-SCF-EAC,16032,Scones Fruit 4s,shop front,internal,,Scones Fruit 4s,OD200,0.00,45.00,
SHP-SCG-EAC,16034,Dome Buttercream Christmas Cake,shop front,internal,,Dome Buttercream Christmas Cake,OD200,0.00,50.00,
SHP-SCO-EAC,16033,Scones 4s,shop front,internal,,Scones 4s,OD200,0.00,34.00,
SHP-SGL-EAC,0,Sweet Meats Gold Foil Large,shop front,external,,Sweet Meats Gold Foil Large,OD200,90.00,140.00,
SHP-SGS-EAC,0,Sweet Meats Gold Foil Small,shop front,external,,Sweet Meats Gold Foil Small,OD200,65.00,100.00,
SHP-SPF-EAC,0,Sweet Meats Paisley Gold Foil,shop front,external,,Sweet Meats Paisley Gold Foil,OD200,100.00,150.00,
SHP-SPO-EACH,60073,Soji Poli (5s),shop front,external,,Soji Poli (5s),OD200,0.00,,
SHP-SSC-EAC,6.00165E+12,Strawberry Sponge Cake,shop front,internal,,Strawberry Sponge Cake,OD200,0.00,50.00,
SHP-STE-EAC,0,Eggless Trifle Sponge,shop front,internal,,Eggless Trifle Sponge,OD200,0.00,65.00,
SHP-TLS-EAC,,DC Triangle Lotus Box,shop front,internal,,DC Triangle Lotus Box,OD200,0.00,210.00,
SHP-TRI-EAC,16035,Trifle Sponge,shop front,internal,,Trifle Sponge,OD200,0.00,30.00,
SHP-WIC-EAC,16037,Christmas Windsor iced,shop front,internal,,Christmas Windsor iced,OD200,0.00,70.00,
SNA-CHE-EAC,16047,Maya Spices Chevda 250g,snack,external,,Maya Spices Chevda 250g,OD200,44.00,60.00,
SNA-HAS-100,,Kara Nichas Hot & Spicy 100G,snack,external,,Kara Nichas Hot & Spicy 100G,OD200,5.00,10.00,
SNA-KMU-EAC,6.00966E+12,Kashmiri Murkoo,snack,external,,Kashmiri Murkoo,OD200,12.00,19.00,
SNA-KNP-EAC,0,Kara Nichhas Peanuts,snack,external,,Kara Nichhas Peanuts,OD200,0.00,7.00,
SNA-LMP-EAC,13007,Murkoo Extra Large Plain,snack,external,,Murkoo Extra Large Plain,OD200,23.00,36.00,
SNA-LMS-EAC,0,Murkoo Extra Large,snack,external,,Murkoo Extra Large,OD200,23.00,36.00,
SNA-MOC-EAC,6.00165E+12,Murkoo Original Crunch,snack,external,,Murkoo Original Crunch,OD200,0.00,9.50,
SNA-MSF-EAC,30781,Murkoo sticks flavoured,snack,external,,Murkoo sticks flavoured,OD200,3.70,6.80,
SNA-MUS-EAC,5010,Murkoo Sticks,snack,external,,Murkoo Sticks,OD200,7.50,12.00,
SNA-NUT-60G,6.00285E+12,ralphies nutties 60g,snack,external,,ralphies nutties 60g,OD200,5.00,10.00,
SNA-PAS-EAC,,Kara Nichas Savoury Snack,snack,external,,Kara Nichas Savoury Snack,OD200,5.00,10.00,
SNA-PCS-EAC,,Kara Nichas Cheesy Sticks,snack,external,,Kara Nichas Cheesy Sticks,OD200,0.00,10.00,
SNA-PNM-EAC,30491,PNS Murkoo,snack,external,,PNS Murkoo,OD200,10.50,18.00,
SNA-PNT-EAC,6.00242E+12,PNS Traditional Murkoo,snack,external,,PNS Traditional Murkoo,OD200,11.00,18.00,
SNA-SAN-400,,Serve and Nuts 400g,snack,external,,Serve and Nuts 400g,OD200,26.00,40.00,
SNA-SAN-EAC,0,Serv & Nuts,snack,external,,Serv & Nuts,OD200,7.50,12.00,
SNA-SGA-EAC,0,Soft Gantia,snack,external,,Soft Gantia,OD200,0.00,40,
SNA-SOM-EAC,#N/A,Kara Nichas Spring Onion Murku,snack,external,,Kara Nichas Spring Onion Murku,OD200,5.00,10.00,
SNA-SUS-EAC,6.00971E+12,Sugar Sticks,snack,external,,Sugar Sticks,OD200,7.50,13.00,
SPI-BPE-KGR,0,Spice- Whole Black Pepper,ingredient,external,,Spice- Whole Black Pepper,OD200,126.09,,
SPI-CIB-EAC,0,Spice Cook In Bag,ingredient,external,,Spice Cook In Bag,OD200,19.99,,
SPI-CIS-EAC,0,Spice - Cinnamon Sticks,ingredient,external,,Spice - Cinnamon Sticks,OD200,20.00,,
SPI-DHA-KGR,0,Spice- Dhania Powder,ingredient,external,,Spice- Dhania Powder,OD200,19.57,,
SPI-GAR-KGR,0,Spice-Garum Masala,ingredient,external,,Spice-Garum Masala,OD200,33.83,,
SPI-GIN-KGR,0,Ginger & Garlic,ingredient,external,,Ginger & Garlic,OD200,119.99,,
SPI-JEE-KGR,0,Spice - Mayas Jeera Powder,ingredient,external,,Spice - Mayas Jeera Powder,OD200,105.00,,
SPI-JEP-KGR,0,Spice Jeera Powder,ingredient,external,,Spice Jeera Powder,OD200,60.87,,
SPI-KNO-EAC,0,Spice- Knorrx Mutton Flavour 12s,ingredient,external,,Spice- Knorrx Mutton Flavour 12s,OD200,14.77,,
SPI-MAS-KGR,0,Spice- Chilli Powder,ingredient,external,,Spice- Chilli Powder,OD200,173.91,,
SPI-MIN-EAC,0,Spice - Mint,ingredient,external,,Spice - Mint,OD200,15.00,,
SPI-MIX-KGR,0,Spice- Mayas Mixed Masala,ingredient,external,,Spice- Mayas Mixed Masala,OD200,120.00,,
SPI-MSM-KGR,0,Manilal Special Mix Masala,ingredient,external,,Manilal Special Mix Masala,OD200,0.00,,
SPI-NOL-KGR,0,Nola Mayonaise,ingredient,external,,Nola Mayonaise,OD200,39.12,,
SPI-PAR-EAC,0,Parsley,ingredient,external,,Parsley,OD200,13.99,,
SPI-SVS-100G,0,SVS Spices 100g,ingredient,external,,SVS Spices 100g,OD200,0.00,,
SPI-SVS-150G,,SVS Spices 150g,ingredient,external,,SVS Spices 150g,OD200,0.00,,
SPI-SVS-50G,0,SVS Spices 50g,ingredient,external,,SVS Spices 50g,OD200,0.00,,
SPI-THY-EACH,0,Spice - Fresh Thyme,ingredient,external,,Spice - Fresh Thyme,OD200,11.99,,
SPI-TUM-KGR,0,Spice Tumeric,ingredient,external,,Spice Tumeric,OD200,76.52,,
SRN-BCE-020,0,BD20 Buttercream Eggless Cake,buttercream square ,internal,,BD20 Buttercream Eggless Cake,OD200,0.00,"1,040.00",
SRN-CRM-016,0,Cream colour cream only - 16,miscellaneous,internal,,Cream colour cream only - 16,OD200,0.00,70.00,
SRN-FCE-020,0,BD 20 Fresh Cream Eggless cake,freshcream square eggless,internal,,BD 20 Fresh Cream Eggless cake,OD200,0.00,"1,120.00",
SRN-JAM-012,0,Strawberry Jam only - 12,miscellaneous,internal,,Strawberry Jam only - 12,OD200,0.00,100.00,
SRN-JAM-014,0,Strawberry Jam only - 14,miscellaneous,internal,,Strawberry Jam only - 14,OD200,0.00,120.00,
SRN-JAM-016,0,Strawberry Jam only - 16,miscellaneous,internal,,Strawberry Jam only - 16,OD200,0.00,140.00,
SRN-JAM-18,0,Strawberry Jam Only-18,miscellaneous,internal,,Strawberry Jam Only-18,OD200,0.00,220.00,
SRN-JAM-20,0,Strawberry Jam Only-20,miscellenous,internal,,Strawberry Jam Only-20,OD200,0.00,220.00,
SRN-PAI-EAC,0,Painting on Roses,miscellaneous,internal,,Painting on Roses,OD200,0.00,5.00,
SRN-PAI-EAC,0,Painting on Roses,miscellaneous,internal,,Painting on Roses,OD200,0.00,2.50,
SRN-PEA-014,0,Peach Slices Only 14,miscellaneous,internal,,Peach Slices Only 14,OD200,0.00,75.00,
SRN-PEA-014,0,Peach Slices Only 14,miscellaneous,internal,,Peach Slices Only 14,OD200,0.00,50.00,
SRN-PID-014,0,BD14' Round covered in plastic icing and daisies,novelty,internal,,BD14' Round covered in plastic icing and daisies,OD200,0.00,350.00,
SRN-PIT-004,,BD 4 Tier PI stacked with Indian Bridal couple,novelty,internal,,BD 4 Tier PI stacked with Indian Bridal couple,OD200,0.00,"5,200.00",
SRN-PLI-012,0,Plastic Icing Covering Only 12,miscellaneous,internal,,Plastic Icing Covering Only 12,OD200,0.00,300.00,
SRN-PLI-014,,Plastic Icing Covering Only 14,miscellaneous,internal,,Plastic Icing Covering Only 14,OD200,0.00,500.00,
SRN-PLI-016,0,Plastic Icing Covering Only 16,miscellenous,internal,,Plastic Icing Covering Only 16,OD200,0.00,500.00,
SRN-PLR-014,,BD Plastic Icing 14 Round,miscellaneous,internal,,BD Plastic Icing 14 Round,OD200,0.00,500.00,
SRN-STA-2TI,0,BD2 Tier Stack Sponge- Plastic Icing-12&14,novelty,internal,,BD2 Tier Stack Sponge- Plastic Icing-12&14,OD200,0.00,"2,500.00",
SRN-STA-3TI,,BD 3 Tier Stack Sponge- Plastic Icing 101214,novelty,internal,,BD 3 Tier Stack Sponge- Plastic Icing 101214,OD200,0.00,"3,600.00",
SWE-ALC-EACH,0,Almond Cones,sweet,external,,Almond Cones,OD200,22.00,35.00,
SWE-BOR-EAC,6.00963E+12,Masala Bor,sweet,external,,Masala Bor,OD200,3.50,6.00,
SWE-CAC-EACK,0,Cashew Cones,sweet,external,,Cashew Cones,OD200,10.00,16.00,
SWE-CCC-EAC,1017,Chocolate Coconut Cluster,sweet,external,,Chocolate Coconut Cluster,OD200,8.00,11.00,
SWE-CCD-EAC,6.00961E+12,Caruchi Candy Dates,sweet,external,,Caruchi Candy Dates,OD200,4.40,6.80,
SWE-CFW-EAC,10030,China fruit sweet,sweet,external,,China fruit sweet,OD200,1.25,2.50,
SWE-CHF-EAC,6.00963E+12,China Fruit,sweet,external,,China Fruit,OD200,0.00,5.50,
SWE-CHI-EAC,6.0012E+12,Chicks Violet,sweet,external,,Chicks Violet,OD200,9.33,13.00,
SWE-CMM-EAC,30482,Choc Marshmallow,sweet,external,,Choc Marshmallow,OD200,9.38,14.00,
SWE-CNI-EAC,30608,Coconut Ice,sweet,external,,Coconut Ice,OD200,4.40,6.80,
SWE-CNW-EAC,6.00961E+12,Coconut Wheel,coconut wheel,external,,Coconut Wheel,OD200,11.20,15.00,
SWE-COI-EAC,0,Coconut ice small,sweet,external,,Coconut ice small,OD200,1.25,3.50,
SWE-CPC-EAC,6.00961E+12,Chocolate Peanut Cluster,sweet,external,,Chocolate Peanut Cluster,OD200,8.00,11.00,
SWE-CRO-EAC,6.00961E+12,Chocolate Rocher,sweet,external,,Chocolate Rocher,OD200,7.25,9.50,
SWE-CSP-EAC,8.85063E+12,Sour Punk Cola,sweet,external,,Sour Punk Cola,OD200,0.00,13.00,
SWE-FIG-EAC,6.00963E+12,Masala Figs,sweet,external,,Masala Figs,OD200,5.50,10.00,
SWE-MES-EAC,1024,Mebos Sweets,sweet,external,,Mebos Sweets,OD200,3.00,5.00,
SWE-PBS-EAC,0,Peanut Brittle Slabs Singles,sweet,external,,Peanut Brittle Slabs Singles,OD200,20.00,7.00,
SWE-PNB-EACH,6.00963E+12,Peanut Brittle Slab 10s,sweet,external,,Peanut Brittle Slab 10s,OD200,23.00,60.00,
SWE-PNP-EACH,6.00966E+12,Peanut Brittle Pieces,sweet,external,,Peanut Brittle Pieces,OD200,11.00,20.00,
SWE-SAB-EACH,0,Almond Bar 40g single,sweet,external,,Almond Bar 40g single,OD200,11.00,18.00,
SWE-SCB-EAC,0,Cashew Bar 40g single,sweet,external,,Cashew Bar 40g single,OD200,11.00,18.00,
SWE-SPA-EAC,8.85063E+12,Sour Punk Apple,sweet,external,,Sour Punk Apple,OD200,7.70,13.00,
SWE-SPB-EAC,6.00966E+12,Sesame Brittle Pieces,sweet,external,,Sesame Brittle Pieces,OD200,0.00,18.00,
SWE-SPS-EAC,8.85063E+12,Sour Punk,sweet,external,,Sour Punk,OD200,7.70,13.00,
SWE-SSB-EAC,6.00963E+12,Sweet & Sour Bor,sweet,external,,Sweet & Sour Bor,OD200,6.00,8.00,
SWE-SSF-EAC,6.00963E+12,Sweet & Sour Figs,sweet,external,,Sweet & Sour Figs,OD200,8.80,10.00,
SWE-TOA-EAC,1033,Toasted Jabs,sweet,external,,Toasted Jabs,OD200,4.10,5.50,
SWE-WHI-EAC,0,Whispers 200g,ingredient,external,,Whispers 200g,OD200,49.56,,
VEG-CHI-KGR,0,Green Chillies,ingredient,external,,Green Chillies,OD200,50.00,,
Water,0,Water,ingredient,external,,Water,OD200,0.26,,
XBF-BAN-EAC,30094,Fruit Banana,ingredient,external,,Fruit Banana,OD200,24.33,,
XBF-BAN-KGR,0,Banana Essence,ingredient,external,,Banana Essence,OD200,215.00,,
XBF-BAN-KGR,0,Banana Essence,ingredient,external,,Banana Essence,OD200,211.78,,
XBF-CHL-KGR,30084,Chellies Red Alpine,ingredient,external,,Chellies Red Alpine,OD200,43.76,,
XBF-CUT-KGR,30086,Fruit Cut Peel,ingredient,external,,Fruit Cut Peel,OD200,100.58,,
XBF-FMX-KGR,30089,Fruit Mix (Chipkins),ingredient,external,,Fruit Mix (Chipkins),OD200,26.63,,
XBF-PDA-KGR,0,Pitted Dates,ingredient,external,,Pitted Dates,OD200,0.00,,
XBF-PIE-KGR,30092,Fruit Pie Apples,ingredient,external,,Fruit Pie Apples,OD200,0.00,,
XBF-RWC-KGR,30669,Red Whole Cherries,ingredient,external,,Red Whole Cherries,OD200,110.64,,
XBR-BEB-1KGR,0,Berries Blend,ingredient,external,,Berries Blend,OD200,0.00,,
XBR-MDF-1KGR,0,Mango Diced Fruit,ingredient,external,,Mango Diced Fruit,OD200,0.00,,
XBR-TOM-KGR,0,Tomatoe Paste 3.06kg,ingredient,external,,Tomatoe Paste 3.06kg,OD200,12.17,,
XCH-CCB-KGR,30158,Chocolate Choco Blocks,ingredient,external,,Chocolate Choco Blocks,OD200,0.00,,
XCH-CCM-KGR,30157,Chocolate Chockex Chips Milk,ingredient,external,,Chocolate Chockex Chips Milk,OD200,59.48,,
XCH-CCW-KGR,30159,Chocolate Chockex Chips White,ingredient,external,,Chocolate Chockex Chips White,OD200,62.85,,
XCH-PMC-EAC,,Chocolate Peppermint Crisp,ingredient,external,,Chocolate Peppermint Crisp,OD200,0.00,,
XCH-POW-KGR,30238,Powder Cocoa,ingredient,external,,Powder Cocoa,OD200,74.40,,
XCH-TIN-KG,0,Tin Glide 5kg,ingredient,external,,Tin Glide 5kg,OD200,55.62,,
XCH-VER-KGR,30163,Vermicelli Chocolate,ingredients,external,,Vermicelli Chocolate,OD200,50.44,,
XCO-AES-LTR,0,Aniseed Essence,ingredients,external,,Aniseed Essence,OD200,116.37,,
XCO-BCR-KGR,0,Bread Crumbs,ingredient,external,,Bread Crumbs,OD200,40.86,,
XCO-BLA-KGR,30225,Black Jack,ingredient,external,,Black Jack,OD200,42.25,,
XCO-LEM-KGR,30164,Coloured Powder Lemon Yellow,ingredient,external,,Coloured Powder Lemon Yellow,OD200,221.50,,
XCO-PBL-KGR,30176,powder food colouring blue,ingredient,external,,powder food colouring blue,OD200,116.77,,
XCO-PGN-KGR,30175,Powder colouring green,ingredient,external,,Powder colouring green,OD200,186.37,,
XCO-PIL-KGR,30173,Pillar Box Red,ingredient,external,,Pillar Box Red,OD200,135.11,,
XCO-REG-EAC,30177,Red piping gel,ingredient,external,,Red piping gel,OD200,0.00,,
XCO-VES-LTR,30708,Vanilla Essence,ingredient,external,,Vanilla Essence,OD200,68.31,,
XDA-BERG-KGR,0,Berg Cheese,ingredient,external,,Berg Cheese,OD200,65.21,,
XDA-BUT-EAC,30756,Buttermilk,ingredient,external,,Buttermilk,OD200,8.05,,
XDA-CBF-KGR,0,Chicken Breast Fillet,ingredient,external,,Chicken Breast Fillet,OD200,49.49,,
XDA-CBF-KGR,0,Chicken Breast Fillet,ingredient,external,,Chicken Breast Fillet,OD200,49.49,,
XDA-CCS-KGR,30179,Cheese Cottage Smooth,ingredient,external,,Cheese Cottage Smooth,OD200,65.23,,
XDA-CHE-KGR,30562,Cheddar Cheese,ingredient,external,,Cheddar Cheese,OD200,90.47,,
XDA-CHI-EAC,0,Chicken Wings Drumettes,ingredient,external,,Chicken Wings Drumettes,OD200,82.61,,
XDA-CHI-EAC,0,Chicken Wings Drumettes,ingredient,external,,Chicken Wings Drumettes,OD200,82.61,,
XDA-CMO-KGR,,Cheese Feta,ingredient,external,,Cheese Feta,OD200,69.55,,
XDA-CRA-1KG,0,Crab Sticks,ingredient,external,,Crab Sticks,OD200,52.17,,
XDA-CRA-1KG,0,Crab Sticks,ingredient,external,,Crab Sticks,OD200,52.17,,
XDA-CRE-250,30848,Cream Cheese,ingredient,external,,Cream Cheese,OD200,139.46,,
XDA-CRF-500,30180,Cream Fresh 500ml,ingredient,external,,Cream Fresh 500ml,OD200,47.35,,
XDA-CSS-KGR,0,Chicken Salsa Snack Wings 6kg,ingredient,external,,Chicken Salsa Snack Wings 6kg,OD200,105.00,,
XDA-CSS-KGR,0,Chicken Salsa Snack Wings 6kg,ingredient,external,,Chicken Salsa Snack Wings 6kg,OD200,105.00,,
XDA-CTS-KGR,0,Chicken Tikka Sausage,ingredient,external,,Chicken Tikka Sausage,OD200,69.57,,
XDA-FCR-250ML,0,Cream Fresh 250ml,ingredient,external,,Cream Fresh 250ml,OD200,13.50,,
XDA-FLO-KGR,0,Flora light,consumables,external,,Flora light,OD200,60.86,,
XDA-HAK-1KG,0,Hake Fillet -fish,ingredient,external,,Hake Fillet -fish,OD200,135.35,,
XDA-JAL-KGR,0,Jalapenos,ingredient,external,,Jalapenos,OD200,35.60,,
XDA-JAL-KGR,0,Jalapenos,ingredient,external,,Jalapenos,OD200,35.60,,
XDA-LAM- KGR,0,Lamb Mince,ingredient,external,,Lamb Mince,OD200,104.35,,
XDA-MBP-EAC,0,Mini Butter Portions 8grams,ingredient,external,,Mini Butter Portions 8grams,OD200,0.00,,
XDA-MBP-EAC,0,Mini Butter Portions 8grams,ingredient,external,,Mini Butter Portions 8grams,OD200,0.00,,
XDA-MCP-KGR,0,Mutton Cheese Patties,ingredient,external,,Mutton Cheese Patties,OD200,69.57,,
XDA-MJP-EAC,0,Mini Jam Portions 15Grams,ingredient,external,,Mini Jam Portions 15Grams,OD200,0.00,,
XDA-MVE-KGR,0,Mix Veggies Mcain,ingredient,external,,Mix Veggies Mcain,OD200,37.11,,
XDA-MVE-KGR,0,Mix Veggies Mcain,ingredient,external,,Mix Veggies Mcain,OD200,37.11,,
XDA-NON-KGR,30183,Non Dairy Cream,ingredient,external,,Non Dairy Cream,OD200,44.94,,
XDA-NUT-LTR,30597,Nutriday Yogurt Plain,ingredient,external,,Nutriday Yogurt Plain,OD200,29.57,,
XDA-OGC-LTR,0,Cream Fresh Orange Grove 1litre,ingredient,external,,Cream Fresh Orange Grove 1litre,OD200,50.00,,
XDA-OMU-KGR,0,Oriental Mutton Sausage,ingredient,external,,Oriental Mutton Sausage,OD200,104.35,,
XDA-PAR-EAC,0,Unbaked Patha Rolls,ingredient,external,,Unbaked Patha Rolls,OD200,18.33,,
XDA-PEA-KGR,0,Peas Frozen 10kg,ingredient,external,,Peas Frozen 10kg,OD200,47.06,,
XDA-PUP-KGR,0,Fathimas Puff Pastry 1kg,ingredient,external,,Fathimas Puff Pastry 1kg,OD200,27.50,,
XDA-SMF-EAC,0,Saldanha Middlecut Tin Fish 400g,ingredient,external,,Saldanha Middlecut Tin Fish 400g,OD200,0.00,,
XDA-SOY-KGR,0,Tommy Marinated Mince,ingredient,external,,Tommy Marinated Mince,OD200,29.57,,
XDA-TUC-KGR,0,Tuna Chunks In Brine 1.7kg,ingredient,external,,Tuna Chunks In Brine 1.7kg,OD200,0.00,,
XDA-TUS-KGR,0,Tuna Shredded In Brine 1.7kg,ingredient,external,,Tuna Shredded In Brine 1.7kg,OD200,0.00,,
XDA-TWP-KGR,0,Tomato Whole Peeled,ingredient,external,,Tomato Whole Peeled,OD200,0.00,,
XDA-YDR-KGR,0,Yeast Dry,ingredient,external,,Yeast Dry,OD200,90.00,,
XDE-AST-EAC,30836,Astd roses,miscellaneous,external,,Astd roses,OD200,0.07,,
XDE-GBD-KGR,30187,Gold Beads per Kg,ingredient,external,,Gold Beads per Kg,OD200,653.25,,
XDE-GLI-EAC,30186,Glitter,ingredient,external,,Glitter,OD200,17.00,,
XDE-NOP-KGR,30195,Non Pareil,ingredient,external,,Non Pareil,OD200,53.85,,
XDE-PMG-KGR,30196,Powder Metallic Gold,ingredient,external,,Powder Metallic Gold,OD200,136.31,,
XDE-PMS-KGR,30197,Powder Metallic Silver,ingredient,external,,Powder Metallic Silver,OD200,120.96,,
XDE-RIB-EAC,30198,Ribbon,consumables,external,,Ribbon,OD200,48.50,,
XDE-TEA-EAC,30201,Ribbon tear 1 Roll,miscellaneous,external,,Ribbon tear 1 Roll,OD200,5.58,,
XDO-BTE-200G,0,Bakers Tennis Biscuit 200g,ingredient,external,,Bakers Tennis Biscuit 200g,OD200,26.91,,
XFA-COO-LTR,0,Cooking Oil 5ltrs,ingredient,external,,Cooking Oil 5ltrs,OD200,179.99,,
XFA-EGG-KGR,0,Eggs,ingredient,external,,Eggs,OD200,46.67,,
XFA-FPS-KGR,30206,Fat Pastrex Super,ingredient,external,,Fat Pastrex Super,OD200,31.64,,
XFA-MAR-KGR,30208,Margarine Marvello Yellow,ingredient,external,,Margarine Marvello Yellow,OD200,41.48,,
XFA-MAS-KGR,30209,Margarine Mastercraft White,ingredient,external,,Margarine Mastercraft White,OD200,31.44,,
XFA-MOO-KGR,30780,Mooi river butter,ingredient,external,,Mooi river butter,OD200,62.12,,
XFA-MRG-KGR,30210,Margarine Mr G,ingredient,external,,Margarine Mr G,OD200,21.22,,
XFA-OIL-LTR,30211,Oil Crispa Gold,ingredients,external,,Oil Crispa Gold,OD200,23.26,,
XFA-OVA-KGR,30212,Ovalette,ingredient,external,,Ovalette,OD200,26.51,,
XFA-PTX-KGR,30672,Pastrex Super,ingredient,external,,Pastrex Super,OD200,35.08,,
XFA-RAM-KGR,30810,Rama,ingredient,external,,Rama,OD200,0.00,,
XFA-REL-LTR,30213,Release,ingredient,external,,Release,OD200,18.43,,
XFA-SOI-LTR,0,Sunflower Sunfoil 5 Ltr,ingredient,external,,Sunflower Sunfoil 5 Ltr,OD200,0.00,,
XFA-SOR-LRT,30242,Sorbitol 30LTR,ingredient,external,,Sorbitol 30LTR,OD200,17.63,,
XFA-YWT-KGR,30244,Yeast Wet,ingredient,external,,Yeast Wet,OD200,33.43,,
XFL-BRF-125,30215,Flour Brown,packaging,external,,Flour Brown,OD200,6.16,,
XFL-CAF-125,30217,FlourCake,ingredients,external,,FlourCake,OD200,11.92,,
XFL-CMB-125,0,Complete Mix - Brown Bread Flour,ingredients,external,,Complete Mix - Brown Bread Flour,OD200,13.23,,
XFL-CMB-125,0,Complete Mix - Brown Bread Flour,ingredients,external,,Complete Mix - Brown Bread Flour,OD200,13.10,,
XFL-CMW-125,0,Complete Mix - White Bread Flour,ingredient,external,,Complete Mix - White Bread Flour,OD200,13.43,,
XFL-CMW-125,0,Complete Mix - White Bread Flour,ingredient,external,,Complete Mix - White Bread Flour,OD200,13.30,,
XFL-GSE-KGR,0,Semolina Golden Cloud 1kg,ingredient,external,,Semolina Golden Cloud 1kg,OD200,16.87,,
XFL-NYA-KGR,0,Nyala Maize Meal 10kg,ingredient,external,,Nyala Maize Meal 10kg,OD200,8.60,,
XMO-BS6-KGR,0,Premix Bread S6002 5%,ingredient,external,,Premix Bread S6002 5%,OD200,19.68,,
XMP -BFM-KGR,0,Premix Butter Flavoured Madeira 12.5kg,ingredient,external,,Premix Butter Flavoured Madeira 12.5kg,OD200,44.30,,
XMP-S60-KGR,0,Premix S6002 Bread,ingredient,external,,Premix S6002 Bread,OD200,0.00,,
XMP-S60-KGR,0,Premix S6002 Bread,ingredient,external,,Premix S6002 Bread,OD200,0.00,,
XMP-SCC-KGR,0,Sponge Chocolate Coastal,ingredient,external,,Sponge Chocolate Coastal,OD200,53.73,,
XMP-SRA-KGR,0,Soft Roll Alpaga Improver,ingredient,external,,Soft Roll Alpaga Improver,OD200,190.90,,
XMP-SRA-KGR,0,Soft Roll Alpaga Improver,ingredient,external,,Soft Roll Alpaga Improver,OD200,187.08,,
XMP-SRE-EAC,0,Sponge Redvelvet Premix,ingredient,external,,Sponge Redvelvet Premix,OD200,0.00,,
XPM-5PB-KGR,0,Premix bread 5%,ingredient,external,,Premix bread 5%,OD200,18.70,,
XPM-5PB-KGR,0,Premix bread 5%,ingredient,external,,Premix bread 5%,OD200,18.33,,
XPM-AFG-KGR,0,Apricot Flan Gel,ingredient,external,,Apricot Flan Gel,OD200,0.00,,
XPM-CCM-KGR,30110,Mix Chocomousse,ingredient,external,,Mix Chocomousse,OD200,73.45,,
XPM-EMC-KGR,0,Sponge Ebony Moist Choc Mix,ingredient,external,,Sponge Ebony Moist Choc Mix,OD200,66.64,,
XPM-FAI-KGR,30118,Premix 15% Sweet Fairglen,ingredient,external,,Premix 15% Sweet Fairglen,OD200,37.24,,
XPM-FON-5KG,30233,Fond Suisse,ingredient,external,,Fond Suisse,OD200,53.50,,
XPM-FRU-KGR,30088,Fruit Mince,ingredient,external,,Fruit Mince,OD200,51.75,,
XPM-HXB-KGR,30104,Hot x bun full premix,ingredient,external,,Hot x bun full premix,OD200,30.89,,
XPM-KOK-KGR,,Kokomix Pettina,ingredient,external,,Kokomix Pettina,OD200,61.82,,
XPM-MUE-KGR,30113,Mix Muesli Slice,ingredient,external,,Mix Muesli Slice,OD200,53.35,,
XPM-NOB-KGR,0,No-bake premix,ingredient,external,,No-bake premix,OD200,69.81,,
XPM-PAS-KGR,30116,Paste 4.5% Standard Bread,ingredient,external,,Paste 4.5% Standard Bread,OD200,14.24,,
XPM-SCH-KGR,30099,Sponge Chocolate,ingredient,external,,Sponge Chocolate,OD200,31.39,,
XPM-SPC-KGR,30243,Stabiliser Pettina Cream,ingredient,external,,Stabiliser Pettina Cream,OD200,36.87,,
XPM-SPE-KGR,30128,Sponge Eggless,ingredient,external,,Sponge Eggless,OD200,82.92,,
XPM-SPI-KGR,30100,Sponge Pettina Instant,ingredient,external,,Sponge Pettina Instant,OD200,20.93,,
XPM-SVC-KGR,0,Sponge Instant Coastal,ingredient,external,,Sponge Instant Coastal,OD200,43.75,,
XPM-SWE-KGR,30119,Premix 20% Sweet Red,ingredient,external,,Premix 20% Sweet Red,OD200,31.47,,
XPO-BCS-KGR,0,Specialty-Chai,ingredient,external,,Specialty-Chai,OD200,195.00,,
XPO-MHS-LTR,0,Monin Hazelnut Syrup,ingredient,external,,Monin Hazelnut Syrup,OD200,185.00,7.00,
XPO-MHS-LTR,0,Monin Hazelnut Syrup,ingredient,external,,Monin Hazelnut Syrup,OD200,185.00,,
XPO-MVS-LTR,0,Monin Vanilla Syrup,ingredient,external,,Monin Vanilla Syrup,OD200,195.00,7.00,
XPO-MVS-LTR,0,Monin Vanilla Syrup,ingredient,external,,Monin Vanilla Syrup,OD200,195.00,,
XPO-SCF-KGR,0,Specialty - Coffee Freezo,ingredient,external,,Specialty - Coffee Freezo,OD200,225.00,,
XPO-SCM-LTR,0,Salted Caramel Milkshake Syrup,ingredient,external,,Salted Caramel Milkshake Syrup,OD200,110.00,,
XPO-SIC-KGR,0,Specialty -Indonesian Coffee,ingredient,external,,Specialty -Indonesian Coffee,OD200,290.00,,
XPO-SMC-EAC,0,Monin Caramel Sauce,ingredient,external,,Monin Caramel Sauce,OD200,292.00,7.00,
XPO-SMC-EAC,0,Monin Caramel Sauce,ingredient,external,,Monin Caramel Sauce,OD200,292.00,,
XPO-SMC-LTR,0,Monin Caramel Syrup,ingredient,external,,Monin Caramel Syrup,OD200,195.00,7.00,
XPO-SMC-LTR,0,Monin Caramel Syrup,ingredient,external,,Monin Caramel Syrup,OD200,195.00,,
XPO-SMS-LTR,0,Strawberry Milkshake Syrup,ingredient,external,,Strawberry Milkshake Syrup,OD200,46.80,,
XSN-ANI-KGR,30479,Aniseed,ingredient,external,,Aniseed,OD200,93.86,,
XSN-FLA-KGR,0,Flaked Almonds 1Kg,ingredient,external,,Flaked Almonds 1Kg,OD200,0.00,,
XSN-NUT-KGR,30131,Nuts Nibb,ingredient,external,,Nuts Nibb,OD200,48.25,,
XSN-PEA-KGR,,Pecan Nut kg,ingredient,external,,Pecan Nut kg,OD200,157.72,,
XSN-PEH-KGR,0,Pecan Nut Halves,ingredient,external,,Pecan Nut Halves,OD200,0.00,,
XSN-SDP-KGR,30135,seed poppy,ingredient,external,,seed poppy,OD200,145.09,,
XSN-SES-KGR,30499,Sesame Seed,Ingredient,external,,Sesame Seed,OD200,82.95,,
XSN-SJEE-KGR,0,Spice Jeera Whole,ingredient,external,,Spice Jeera Whole,OD200,130.43,,
XSN-SMI-KGR,0,Spice Mixed Herbs,ingredient,external,,Spice Mixed Herbs,OD200,0.00,,
XSN-SOR-KGR,0,Spice Origanum,ingredient,external,,Spice Origanum,OD200,0.00,,
XSN-WHS-KGR,0,Whole Somph,ingredient,external,,Whole Somph,OD200,72.61,,
XSP- DHA-EAC,0,Spice- Dhania,ingredient,external,,Spice- Dhania,OD200,24.99,,
XSP-ALG-KGR,0,Ground Almonds,ingredient,external,,Ground Almonds,OD200,0.00,,
XSP-ALG-KGR,0,Ground Almonds,ingredient,external,,Ground Almonds,OD200,0.00,,
XSP-BAK-KGR,30239,Baking Powder (Hercules),ingredient,external,,Baking Powder (Hercules),OD200,49.37,,
XSP-BIC-KGR,30224,Bicarbonate Soda,ingredient,external,,Bicarbonate Soda,OD200,21.62,,
XSP-CIN-KGR,30506,Cinnamon Ground,ingredient,external,,Cinnamon Ground,OD200,78.87,,
XSP-COR-KGR,30633,CornFlour,ingredient,external,,CornFlour,OD200,23.79,,
XSP-PAR-KGR,,Spice - Parsley,ingredient,external,,Spice - Parsley,OD200,13.99,,
XSP-SAL-EAC,30240,Salt Bale,ingredient,external,,Salt Bale,OD200,3.91,,
XSP-SBN-KGR,30142,Spice Bunspice,ingredient,external,,Spice Bunspice,OD200,0.00,,
XSP-SNU-800G,0,Spice Nutmeg Ground 800g,ingredient,external,,Spice Nutmeg Ground 800g,OD200,440.24,,
XSP-WNM-KGR,1034,Whole Nutmeg,ingredient,external,,Whole Nutmeg,OD200,6.96,,
XSU-ESS-KGR,0,Equisweet Sucralose Sachets,ingredient,external,,Equisweet Sucralose Sachets,OD200,0.18,,
XSU-IBS-KGR,0,Hullets Brown Sugar Tubes,ingredient,external,,Hullets Brown Sugar Tubes,OD200,0.19,,
XSU-IWS-KGR,0,Huletts White Sugar Tubes,ingredient,external,,Huletts White Sugar Tubes,OD200,0.15,,
XSU-SBN-KGR,30148,Sugar Brown,ingredient,external,,Sugar Brown,OD200,17.70,,
XSU-SCH-KGR,30149,Sugar Castor Huletts,ingredients,external,,Sugar Castor Huletts,OD200,24.39,,
XSU-SIC-KGR,30150,Sugar Icing Huletts,ingredient,external,,Sugar Icing Huletts,OD200,22.81,,
XSU-SWH-KGR,30151,Sugar White Huletts,ingredient,external,,Sugar White Huletts,OD200,15.42,,
XTO - PIR-KGR,0,Pineapple Rings 440g,ingredient,external,,Pineapple Rings 440g,OD200,505.68,,
XTO- ESG-KGR,0,Espresso Grind Slojo Spiced Chai,ingredient,external,,Espresso Grind Slojo Spiced Chai,OD200,0.00,,
XTO- GRT-EAC,0,Green Tea,drink,external,,Green Tea,OD200,46.08,,
XTO- VIC-LTR,0,Gatti Vanilla Ice Cream,ingredient,external,,Gatti Vanilla Ice Cream,OD200,25.22,,
XTO-AJM-KGR,30219,Jam Apricot (All Gold),ingredient,external,,Jam Apricot (All Gold),OD200,37.35,,
XTO-ALE-KGR,0,Almond Essence,ingredient,external,,Almond Essence,OD200,11.74,,
XTO-ALM-KGR,30188,Almond Icing,ingredient,external,,Almond Icing,OD200,62.68,,
XTO-ASA-KGR,0,Ayesha Samoosa Strips,ingredient,external,,Ayesha Samoosa Strips,OD200,86.96,,
XTO-BAR-KGR,30651,Bar One Spread,ingredient,external,,Bar One Spread,OD200,105.59,,
XTO-BBQ-ML,,BBQ Sauce 700ml,ingredient,external,,BBQ Sauce 700ml,OD200,37.56,,
XTO-CCL-KGR,0,Officemate Creamy Chai Latte,ingredient,external,,Officemate Creamy Chai Latte,OD200,0.00,,
XTO-CFU-KGR,0,Cereal Choc Future Life 1.25kg,ingredient,external,,Cereal Choc Future Life 1.25kg,OD200,0.00,,
XTO-CHE-KGR,30222,Pie Filling Black Forest Pie Filling,ingredient,external,,Pie Filling Black Forest Pie Filling,OD200,80.43,,
XTO-CHI-LTR,0,Sauce Chilli 2lt,ingredient,external,,Sauce Chilli 2lt,OD200,0.00,,
XTO-COB-KGR,0,Coffee Beans,ingredient,external,,Coffee Beans,OD200,0.00,,
XTO-CTS-EAC,0,Carte D Toffee Sauce,ingredient,external,,Carte D Toffee Sauce,OD200,0.00,,
XTO-CTS-EAC,0,Carte D Toffee Sauce,ingredient,external,,Carte D Toffee Sauce,OD200,0.00,,
XTO-DHC-KGR,0,Officemate Dark Hot Choc,ingredient,external,,Officemate Dark Hot Choc,OD200,0.00,,
XTO-GAR-KGR,0,Spread Garlic & Herb,ingredient,external,,Spread Garlic & Herb,OD200,0.00,,
XTO-GAR-KGR,0,Spread Garlic & Herb,ingredient,external,,Spread Garlic & Herb,OD200,0.00,,
XTO-GRA-KGR,30221,Pie Filling Granadilla,ingredient,external,,Pie Filling Granadilla,OD200,26.79,,
XTO-GSP-KGR,30561,Golden Syrup,ingredient,external,,Golden Syrup,OD200,20.97,,
XTO-HAS-KGR,0,Spread Hazelnut 5kg,ingredient,external,,Spread Hazelnut 5kg,OD200,107.75,,
XTO-HCC-KGR,0,Hot Chocolate Coffee Merchant,ingredient,external,,Hot Chocolate Coffee Merchant,OD200,0.00,,
XTO-HPM-EAC,0,Carte D Hot Pudding Mix,ingredient,external,,Carte D Hot Pudding Mix,OD200,0.00,,
XTO-HPM-EAC,0,Carte D Hot Pudding Mix,ingredient,external,,Carte D Hot Pudding Mix,OD200,0.00,,
XTO-HZL-KGR,30152,Hazelnut Praline,ingredient,external,,Hazelnut Praline,OD200,115.95,,
XTO-ICE-KGR,0,Ice,ingredient,external,,Ice,OD200,0.00,,
XTO-ICK-5KG,30105,Instant Custard Kramess,ingredient,external,,Instant Custard Kramess,OD200,70.90,,
XTO-JEL-KG,0,Assorted Jelly,ingredient,external,,Assorted Jelly,OD200,0.00,,
XTO-JEL-KG,0,Assorted Jelly,ingredient,external,,Assorted Jelly,OD200,0.00,,
XTO-KAC-ML,,Kashmiri Chilli Sauce 350ml,ingredient,external,,Kashmiri Chilli Sauce 350ml,OD200,20.86,,
XTO-KBO-EAC,0,Knorr Brown Onion Soup,ingredient,external,,Knorr Brown Onion Soup,OD200,152.21,,
XTO-KBO-EAC,0,Knorr Brown Onion Soup,ingredient,external,,Knorr Brown Onion Soup,OD200,152.21,,
XTO-KCM-EAC,0,Knorr Creamy Mushroom Sauce,ingredient,external,,Knorr Creamy Mushroom Sauce,OD200,87.50,,
XTO-KCM-EAC,0,Knorr Creamy Mushroom Sauce,ingredient,external,,Knorr Creamy Mushroom Sauce,OD200,86.19,,
XTO-KCS-EAC,0,Knorr Cream of Chicken Soup,ingredient,external,,Knorr Cream of Chicken Soup,OD200,6.95,,
XTO-KCS-EAC,0,Knorr Cream of Chicken Soup,ingredient,external,,Knorr Cream of Chicken Soup,OD200,6.95,,
XTO-KLI-KGR,0,Klim 500g,ingredient,external,,Klim 500g,OD200,0.00,,
XTO-MBD-500ML,0,Milky Bar Dessert Topping,ingredient,external,,Milky Bar Dessert Topping,OD200,193.06,,
XTO-MHC-KGR,0,Officemate Milky Hot Choc,ingredient,external,,Officemate Milky Hot Choc,OD200,0.00,,
XTO-MUS-LTR,0,Mustard Sauce,ingredient,external,,Mustard Sauce,OD200,0.00,,
XTO-MUS-LTR,0,Mustard Sauce,ingredient,external,,Mustard Sauce,OD200,0.00,,
XTO-NUT-KGR,0,Nutella 3kg,ingredient,external,,Nutella 3kg,OD200,204.35,,
XTO-OAT-KGR,0,Fine Oats 25 kg,ingredient,external,,Fine Oats 25 kg,OD200,0.00,,
XTO-OAT-KGR,0,Fine Oats 25 kg,ingredient,external,,Fine Oats 25 kg,OD200,0.00,,
XTO-PCH-KGR,30162,Paste Chocolate,ingredient,external,,Paste Chocolate,OD200,65.21,,
XTO-PDA-KG,0,Pitted Dates,ingredient,external,,Pitted Dates,OD200,0.00,,
XTO-PDA-KG,0,Pitted Dates,ingredient,external,,Pitted Dates,OD200,0.00,,
XTO-PEP-KGR,0,Nestle Peppermint Topping,ingredient,external,,Nestle Peppermint Topping,OD200,0.00,,
XTO-PIN-EAC,0,Pineapple crushed,ingredient,external,,Pineapple crushed,OD200,31.04,,
XTO-PLI-KGR,30189,Icing plastic,ingredient,external,,Icing plastic,OD200,37.59,,
XTO-RIC-KGR,0,Aunt Caroline Rice,ingredient,external,,Aunt Caroline Rice,OD200,46.99,,
XTO-SAJ-900G,0,Jam Strawberry All Gold 900g,ingredient,external,,Jam Strawberry All Gold 900g,OD200,68.03,,
XTO-SBJ-KGR,30220,Jam Strawberry (All Gold),ingredient,external,,Jam Strawberry (All Gold),OD200,51.42,,
XTO-SBO-KGR,30154,Spread Bar One Nestle,ingredient,external,,Spread Bar One Nestle,OD200,90.77,,
XTO-SCA-KGR,30155,Spread caramel,ingredient,external,,Spread caramel,OD200,52.59,,
XTO-SCF-KGR,0,Coffee Freezo Slojo,ingredient,external,,Coffee Freezo Slojo,OD200,0.00,,
XTO-SHC-KGR,0,Specialty Hot Chocolate,ingredient,external,,Specialty Hot Chocolate,OD200,195.00,,
XTO-SHW-KGR,0,Specialty White Hot Chocolate,ingredient,external,,Specialty White Hot Chocolate,OD200,168.00,,
XTO-SPE-KGR,0,Spread Peanut Butter 3kg,ingredient,external,,Spread Peanut Butter 3kg,OD200,0.00,,
XTO-STR-KGR,30710,Pie Filling Strawberry,ingredient,external,,Pie Filling Strawberry,OD200,63.63,,
XTO-TOM-LTR,0,Tomatoe Sauce,ingredient,external,,Tomatoe Sauce,OD200,21.08,,
XTO-TOM-LTR,0,Tomatoe Sauce,ingredient,external,,Tomatoe Sauce,OD200,21.08,,
XTO-VIN-LT,0,Vinegar,ingredient,external,,Vinegar,OD200,4.93,,
YBA-BOO-MX1,30446,Sub Batter - Bar One Sponge Round,sub recipe,internal,,Sub Batter - Bar One Sponge Round,OD200,0.00,,
YBA-BSC-MXI,0,Sub Batter- Butter Scones,sub recipe,internal,,Sub Batter- Butter Scones,OD200,0.00,,
YBA-CAC-MX1,30432,Sub Batter Carrot Cake,sub recipe,internal,,Sub Batter Carrot Cake,OD200,8.84,,
YBA-CCC-MX1,30859,Sub Batter-Carrot Cake with Cream Cheese Slab,sub recipe,internal,,Sub Batter-Carrot Cake with Cream Cheese Slab,OD200,0.00,,
YBA-CGS-MX1,30442,Sub Batter- Chocolate Gateaux Sponge,sub recipe,internal,,Sub Batter- Chocolate Gateaux Sponge,OD200,5.95,,
YBA-CHC-MX1,30434,Sub Batter-Chocolate Brownie,sub recipe,internal,,Sub Batter-Chocolate Brownie,OD200,2.65,,
YBA-CHO-MX1,30352,Sub Sponge Batter -Chocolate,sub recipe,internal,,Sub Sponge Batter -Chocolate,OD200,120.91,,
YBA-CHS-MX1,30441,Sub Batter-Chocolate Sponge Sheet,sub recipe,internal,,Sub Batter-Chocolate Sponge Sheet,OD200,47.91,,
YBA-CSP-MX1,30447,Sub Batter- Choc Swissroll Sponge,sub recipe,internal,,Sub Batter- Choc Swissroll Sponge,OD200,0.00,,
YBA-CSS-MX1,30864,Sub Batter - choc sheet scratch mix,sub recipe,internal,,Sub Batter - choc sheet scratch mix,OD200,0.00,,
YBA-DEG-MX1,0,Sub Batter Eggless Diwali Cake,sub recipe,internal,,Sub Batter Eggless Diwali Cake,OD200,0.00,,
YBA-DIS-MX1,30622,Sub Batter Diwali Sponge,sub recipe,internal,,Sub Batter Diwali Sponge,OD200,3.66,,
YBA-DIV-MX1,30537,Sub Sponge Batter Diwali,sub recipe,internal,,Sub Sponge Batter Diwali,OD200,0.00,,
YBA-EFS-MX1,30443,Sub Batter -Eggfree Sponge sheet,sub recipe,internal,,Sub Batter -Eggfree Sponge sheet,OD200,69.55,,
YBA-EGS-MX1,30623,Sub Batter Eggless Gateaux Sponge,sub recipe,internal,,Sub Batter Eggless Gateaux Sponge,OD200,0.00,,
YBA-ESN-MX1,30768,Sub Batter Snowball Eggles,sub recipe,internal,,Sub Batter Snowball Eggles,OD200,0.00,,
YBA-FRS-MX1,30438,Sub Batter- Fruit Scones,sub recipe,internal,,Sub Batter- Fruit Scones,OD200,0.00,,
YBA-HCB-MX1,30351,Sub Dough- Hot Cross Buns,sub recipe,internal,,Sub Dough- Hot Cross Buns,OD200,0.00,,
YBA-HCC-MX1,30659,Sub Batter Cross for Hot Cross Buns,sub recipe,internal,,Sub Batter Cross for Hot Cross Buns,OD200,0.00,,
YBA-MAD-MX1,30435,Sub Batter - Madeira Slab,sub recipe,internal,,Sub Batter - Madeira Slab,OD200,0.00,,
YBA-MCC-MX1,0,Sub Sponge Batter- Moist Choc Sponge C/C,sub recipe,internal,,Sub Sponge Batter- Moist Choc Sponge C/C,OD200,0.00,,
YBA-QUC-MX1,30436,Sub Batter -Queen Cake,sub recipe,internal,,Sub Batter -Queen Cake,OD200,0.68,,
YBA-RBS-MX1,30618,Sub Batter Rainbow Sponge,sub recipe,internal,,Sub Batter Rainbow Sponge,OD200,0.00,,
YBA-RCS-MX1,30656,Sub Batter Rich Choc Sponge,sub recipe,internal,,Sub Batter Rich Choc Sponge,OD200,0.00,,
YBA-ROT-MX1,0,Sub Dough Roti 12s,sub recipe,internal,,Sub Dough Roti 12s,OD200,0.00,,
YBA-ROT-MX1,0,Sub Dough Roti 12s,sub recipe,internal,,Sub Dough Roti 12s,OD200,0.00,,
YBA-SCO-MX1,30437,Sub Batter - Scones,sub recipe,internal,,Sub Batter - Scones,OD200,0.00,,
YBA-SMC-MX1,0,Sub Sponge Batter - Moist Choc Sponge Fererro,sub recipe,internal,,Sub Sponge Batter - Moist Choc Sponge Fererro,OD200,0.00,,
YBA-SNB-MX1,30439,Sub Batter -Snowball,sub recipe,internal,,Sub Batter -Snowball,OD200,1.04,,
YBA-SPO-MX1,30444,Sub Batter - Strawberry Sponge,sub recipe,internal,,Sub Batter - Strawberry Sponge,OD200,4.08,,
YBA-VAN-MX1,30353,Sub Sponge Batter - Vanilla Gateaux,sub recipe,internal,,Sub Sponge Batter - Vanilla Gateaux,OD200,117.86,,
YBA-VNS-MX1,30445,Sub Batter Vanilla Sheets Coastal,sub recipe,internal,,Sub Batter Vanilla Sheets Coastal,OD200,42.82,,
YBA-VSR-MX1,30448,Sub Batter- Vanilla Swissroll Sponge,sub recipe,internal,,Sub Batter- Vanilla Swissroll Sponge,OD200,0.00,,
YBA-WNS-MX1,30440,Sub Batter- Windsor Slab,sub recipe,internal,,Sub Batter- Windsor Slab,OD200,0.00,,
YBU -CTR-EAC,0,Cake ring tins 170X70mm,equipment,external,,Cake ring tins 170X70mm,OD200,30.00,,
YBU-CRE-MX6,30347,Sub Buns-Cream 6s,sub recipe,internal,,Sub Buns-Cream 6s,OD200,1.30,,
YBU-JUG-2LT,0,Jug Plastic 2 litre,consumables,external,,Jug Plastic 2 litre,OD200,292.00,,
YBU-JUG-2LT,0,Jug Plastic 2 litre,consumables,external,,Jug Plastic 2 litre,OD200,286.16,,
YBU-JUG-5LT,0,Jug Plastic 5 litre,consumables,external,,Jug Plastic 5 litre,OD200,415.00,,
YBU-JUG-5LT,0,Jug Plastic 5 litre,consumables,external,,Jug Plastic 5 litre,OD200,406.70,,
YBU-OVM-EAC,30005,Oven Mittens,consumables,external,,Oven Mittens,OD200,84.17,,
YBU-PAL-EAC,30653,Palette Knife,consumables,external,,Palette Knife,OD200,100.20,,
YBU-PBR-EACH,0,Pastry Brush Nylon 60mm,consumables,external,,Pastry Brush Nylon 60mm,OD200,150.00,,
YBU-PBR-EACH,0,Pastry Brush Nylon 60mm,consumables,external,,Pastry Brush Nylon 60mm,OD200,150.00,,
YBU-SBP-EAC,30012,Sponge for bread pan,consumables,external,,Sponge for bread pan,OD200,28.79,,
YBU-SPR-EAC,30013,Springform Cake Pan,equipment,external,,Springform Cake Pan,OD200,0.00,,
YBU-SSC-EAC,0,Scraper Steel 115x80mm,consumables,external,,Scraper Steel 115x80mm,OD200,0.00,,
YCC-14C-EAC,30288,Case No 14 Cake,packaging,external,,Case No 14 Cake,OD200,0.10,,
YCC-24E-EAC,30485,Madeira case 24e,packaging,external,,Madeira case 24e,OD200,0.39,,
YCC-APR-EAC,0,White Plastic Aprons,consumables,external,,White Plastic Aprons,OD200,0.50,,
YCC-BLA-EAC,0,Gel super black,ingredient,external,,Gel super black,OD200,86.23,,
YCC-BUN-EAC,30044,Paper 10kg Bunny,consumables,external,,Paper 10kg Bunny,OD200,80.60,,
YCC-BUR-EAC,30169,Gel Burgundy,ingredient,external,,Gel Burgundy,OD200,83.83,,
YCC-CHA-EAC,30630,Champagne Bottle,miscellaneous,external,,Champagne Bottle,OD200,0.00,,
YCC-CRC-MX1,0,Sub Cream Cheese,sub recipe,external,,Sub Cream Cheese,OD200,0.00,,
YCC-CRC-MX1,0,Sub Cream Cheese,sub recipe,external,,Sub Cream Cheese,OD200,0.00,,
YCC-CRG-EAC,0,Cream Gun 500g,consumables,external,,Cream Gun 500g,OD200,"1,765.00",,
YCC-CSC-EAC,0,Coffee Scale,equpment,external,,Coffee Scale,OD200,"1,200.00",,
YCC-CUP-EAC,30803,Red Cupcakes Cup,packaging,external,,Red Cupcakes Cup,OD200,0.12,,
YCC-DEP-EAC,0,Gel Food Deep Pink,ingredient,external,,Gel Food Deep Pink,OD200,91.60,,
YCC-DEP-EAC,0,Gel Food Deep Pink,ingredient,external,,Gel Food Deep Pink,OD200,89.31,,
YCC-ELE-EAC,30165,Electric Green Gel,ingredient,external,,Electric Green Gel,OD200,71.36,,
YCC-EOR-EAC,30660,Gel Col. Elec Orange,ingredient,external,,Gel Col. Elec Orange,OD200,87.83,,
YCC-ESL-EAC,30677,Electronic Scale,equpment,0,,Electronic Scale,OD200,0.00,,
YCC-GEL-EAC,30185,Gel liquid gold /silver/ pearl,ingredient,external,,Gel liquid gold /silver/ pearl,OD200,0.00,,
YCC-GEP-EAC,30625,Gel Food Col.Elec Purple,ingredient,external,,Gel Food Col.Elec Purple,OD200,82.12,,
YCC-GLG-EAC,30626,Gel Food Col.Leaf Green,consumables,external,,Gel Food Col.Leaf Green,OD200,80.81,,
YCC-GLY-EAC,30628,Gel Food Col. Lemon Yellow,ingredient,external,,Gel Food Col. Lemon Yellow,OD200,82.23,,
YCC-GLY-KGR,30207,Glycerine,ingredient,external,,Glycerine,OD200,0.00,,
YCC-GOM-EAC,30002,GlovesOven Mittens,consumables,external,,GlovesOven Mittens,OD200,113.39,,
YCC-GPP-EAC,30766,Grease Proof Paper,consumables,external,,Grease Proof Paper,OD200,3.59,,
YCC-GPR-EAC,30740,GP REAM,consumables,external,,GP REAM,OD200,93.00,,
YCC-GSB-EAC,30627,Gel Food ColSky Blue,ingredient,external,,Gel Food ColSky Blue,OD200,83.58,,
YCC-ICS-EAC,0,Icing Sheet A4 New,ingredients,external,,Icing Sheet A4 New,OD200,29.58,,
YCC-ICS-EAC,0,Icing Sheet A4 New,ingredients,external,,Icing Sheet A4 New,OD200,28.84,,
YCC-ISH-EAC,30235,Icing Sheet A4 Borderless,Ingredient,external,,Icing Sheet A4 Borderless,OD200,20.10,,
YCC-LEA-EAC,30624,Leaves No.Large,miscellaneous,external,,Leaves No.Large,OD200,1.39,,
YCC-MET-EAC,30003,metallic nozzil 15mm star,consumables,external,,metallic nozzil 15mm star,OD200,0.00,,
YCC-MIS-EAC,30817,Mistletoe Garland ribbon,miscellaneous,external,,Mistletoe Garland ribbon,OD200,0.00,,
YCC-MMC-EAC,30831,RICH MOIST XMAS CAKE,exotic cakes,internal,,RICH MOIST XMAS CAKE,OD200,0.00,,
YCC-MOH-EAC,0,Mop Hats,consumables,external,,Mop Hats,OD200,0.30,,
YCC-MOH-EAC,0,Mop Hats,consumables,external,,Mop Hats,OD200,0.29,,
YCC-NME-EAC,30014,Nozzels metallic,consumables,external,,Nozzels metallic,OD200,0.00,,
YCC-NST-EAC,30004,Nozzles star tubes 5s ( 42),consumables,external,,Nozzles star tubes 5s ( 42),OD200,0.00,,
YCC-OCC-KGR,0,Old Cakes Currant Square,miscellaneous,external,,Old Cakes Currant Square,OD200,0.00,,
YCC-OCC-KGR,0,Old Cakes Currant Square,miscellaneous,external,,Old Cakes Currant Square,OD200,0.00,,
YCC-PAS-EAC,30006,Pastry Bag 13040 4 46cm,consumables,external,,Pastry Bag 13040 4 46cm,OD200,0.00,,
YCC-PIL-EAC,30046,Pillars White,miscellaneous,external,,Pillars White,OD200,0.00,,
YCC-PIN-EAC,30166,Pink Gel,ingredient,external,,Pink Gel,OD200,71.36,,
YCC-PIP-EAC,30674,Piping Bags No 4,consumables,external,,Piping Bags No 4,OD200,93.28,,
YCC-PLG-EAC,0,Plastic Gloves,consumables,external,,Plastic Gloves,OD200,0.09,,
YCC-PLG-EAC,0,Plastic Gloves,consumables,external,,Plastic Gloves,OD200,0.09,,
YCC-POT-KGR,30237,Potassium Sorbate Granular,ingredient,external,,Potassium Sorbate Granular,OD200,107.93,,
YCC-PSR-EAC,30045,Paper Silicone Ream,consumables,external,,Paper Silicone Ream,OD200,0.97,,
YCC-PSS-EAC,30008,Piping Tip Star Set,consumables,external,,Piping Tip Star Set,OD200,0.00,,
YCC-PST-EAC,30007,Pastry Bag 13040 5 50cm Export,consumables,external,,Pastry Bag 13040 5 50cm Export,OD200,0.00,,
YCC-PUR-EAC,30543,Gel Food Colouring Purple,ingredient,external,,Gel Food Colouring Purple,OD200,0.00,,
YCC-ROB-EAC,0,Gel Food Royal Blue,ingredient,external,,Gel Food Royal Blue,OD200,87.65,,
YCC-ROB-EAC,0,Gel Food Royal Blue,ingredient,external,,Gel Food Royal Blue,OD200,85.46,,
YCC-SHB-EAC,0,Smartchef Heavy Duty Blender,equpment,external,,Smartchef Heavy Duty Blender,OD200,"2,465.00",,
YCC-SIL-EAC,30655,Silicon Paper 500,consumables,external,,Silicon Paper 500,OD200,1.09,,
YCC-SOS-EAC,30701,Soccer Set,miscellaneous,external,,Soccer Set,OD200,0.00,,
YCC-SRD-EAC,30657,Gel Col.Super Red,ingredient,external,,Gel Col.Super Red,OD200,83.49,,
YCC-SUP-EAC,30170,Gel Super Red,ingredient,external,,Gel Super Red,OD200,81.18,,
YCC-TEA-EAC,30172,Gel Teal,ingredient,external,,Gel Teal,OD200,13.34,,
YCC-THF-KGR,0,Thickflo 25kg,ingredient,external,,Thickflo 25kg,OD200,66.30,,
YCC-VIT-KGR,0,Vitap Starch 25kg,ingredient,external,,Vitap Starch 25kg,OD200,48.00,,
YCC-XPS-EAC,30815,Xmas Poinsettia Star Ribbon,miscellaneous,external,,Xmas Poinsettia Star Ribbon,OD200,0.00,,
YCC-XSS-EAC,30834,Xmas stickers scroll,consumables,external,,Xmas stickers scroll,OD200,16.96,,
YCK-BAN-MX1,30748,Sub-Banana Cake,sub recipe,internal,,Sub-Banana Cake,OD200,0.00,,
YCK-FRC-MX1,30529,Sub Batter Christmas Windsor Plain,sub recipe,internal,,Sub Batter Christmas Windsor Plain,OD200,0.00,,
YCL-BAG-EAC,30048,Bag Black Refuse HD,packaging,external,,Bag Black Refuse HD,OD200,15.92,,
YCL-BLD-LTR,0,Black Dip,consumables,external,,Black Dip,OD200,24.00,,
YCL-BLE-EAC,30049,Bleach 5L,consumables,external,,Bleach 5L,OD200,6.33,,
YCL-EMP-EAC,30052,Empty Boxes,packaging,external,,Empty Boxes,OD200,20.89,,
YCL-FAS-LTR,0,Fat Solves,consumables,external,,Fat Solves,OD200,47.84,,
YCL-FLO-EAC,30053,Floor Cleaner Lav,consumables,external,,Floor Cleaner Lav,OD200,7.51,,
YCL-HHG-EAC,30814,Household Gloves,consumables,external,,Household Gloves,OD200,0.00,,
YCL-HHH-EAC,30054,Handy Household 5l,consumables,external,,Handy Household 5l,OD200,6.33,,
YCL-MRM-EAC,30819,Mr min,consumables,external,,Mr min,OD200,16.81,,
YCL-OVC-EAC,30055,Oven Cleaner,consumables,external,,Oven Cleaner,OD200,9.74,,
YCL-POT-EAC,30056,Pot Scourers,consumables,external,,Pot Scourers,OD200,450.00,,
YCL-SAN-500,0,Hand Sanitiser 500ml,consumables,external,,Hand Sanitiser 500ml,OD200,32.00,,
YCL-SCC-KGR,0,Speciality Cleaning Chemicals -Machine Cleaner 900,consumables,external,,Speciality Cleaning Chemicals -Machine Cleaner 900,OD200,245.00,,
YCL-SLW-EAC,30640,Steel Wool,consumables,external,,Steel Wool,OD200,3.75,,
YCL-SPO-EAC,30057,Sponges,ingredient,external,,Sponges,OD200,39.89,,
YCL-UCD-900G,0,Urnex Cafiza2 Detergent,consumables,external,,Urnex Cafiza2 Detergent,OD200,0.00,,
YDO-BIS-MX1,30463,Sub Dough-Biscuit,sub recipe,internal,,Sub Dough-Biscuit,OD200,0.00,,
YDO-BRB-MX1,30413,Sub Dough Brown Bread,sub recipe,internal,,Sub Dough Brown Bread,OD200,2.86,,
YDO-BUN-MX1,0,Sub Dough - Buns,sub recipe,internal,,Sub Dough - Buns,OD200,0.00,,
YDO-CRO-MX1,0,Sub dough Croissants,sub recipe,internal,,Sub dough Croissants,OD200,0.00,,
YDO-CRO-MX1,0,Sub dough Croissants,sub recipe,internal,,Sub dough Croissants,OD200,0.00,,
YDO-CUC-MX1,30794,Sub Dough - Butter Biscuits,sub recipe,internal,,Sub Dough - Butter Biscuits,OD200,5.39,,
YDO-DAN-MX1,30451,Sub Dough -Danish,sub recipe,internal,,Sub Dough -Danish,OD200,58.06,,
YDO-DOU-MX1,30453,Sub Dough-Doughnut,sub recipe,internal,,Sub Dough-Doughnut,OD200,0.00,,
YDO-M3M-MX1,30464,Sub Dough Melting Moment Round 60g,sub recipe,internal,,Sub Dough Melting Moment Round 60g,OD200,0.00,,
YDO-MML-MX1,0,Sub Dough Melting Moments Long 95g,sub recipe,internal,,Sub Dough Melting Moments Long 95g,OD200,0.00,,
YDO-MML-MX1,0,Sub Dough Melting Moments Long 95g,sub recipe,internal,,Sub Dough Melting Moments Long 95g,OD200,0.00,,
YDO-NAA-MX1,30449,Sub Dough - Naan,sub recipe,internal,,Sub Dough - Naan,OD200,0.00,,
YDO-ROL-MX1,30450,Sub Dough - Rolls,sub recipe,internal,,Sub Dough - Rolls,OD200,4.49,,
YDP-CHD-MX1,30401,Sub Lamington -Dip Chocolate,sub recipe,internal,,Sub Lamington -Dip Chocolate,OD200,11.30,,
YDP-LAM-MX3,30402,Sub Raspberry Lamington - Dip,sub recipe,internal,,Sub Raspberry Lamington - Dip,OD200,0.00,,
YDP-SNO-MX1,30403,Sub Snowball Dip,sub recipe,internal,,Sub Snowball Dip,OD200,7.17,,
YEG-SNO-MX1,30767,Sub Snowball Eggless,sub recipe,internal,,Sub Snowball Eggless,OD200,0.87,,
YFC-FRC-MX1,30366,Sub Fresh Cream,sub recipe,internal,,Sub Fresh Cream,OD200,0.00,,
YFI-BOG-MX1,30391,Sub Chocolate Ganache,sub recipe,internal,,Sub Chocolate Ganache,OD200,24.48,,
YFI-BOM-MX1,30409,Sub Choc Mousse Bar One,sub recipe,internal,,Sub Choc Mousse Bar One,OD200,0.00,,
YFI-CCC-KGR,0,Sub Choc Cream Cheese,sub recipe,internal,,Sub Choc Cream Cheese,OD200,0.00,,
YFI-CUS-MX1,30406,Sub Custard Filing,sub recipe,internal,,Sub Custard Filing,OD200,8.06,,
YFI-FEM-MX1,0,sub choc mousse ferrero,sub recipe,internal,,sub choc mousse ferrero,OD200,0.00,,
YFI-FEM-MX1,0,sub choc mousse ferrero,sub recipe,internal,,sub choc mousse ferrero,OD200,0.00,,
YFI-MIL-MX1,30408,Sub Milk Tart Filling,sub recipe,internal,,Sub Milk Tart Filling,OD200,8.77,,
YFI-MOU-MX1,0,Sub Mousse Mix,sub recipe,internal,,Sub Mousse Mix,OD200,0.00,,
YFI-MOU-MX1,0,Sub Mousse Mix,sub recipe,internal,,Sub Mousse Mix,OD200,0.00,,
YFI-SQF-MX1,30405,Sub Currant Square Filling,sub recipe,internal,,Sub Currant Square Filling,OD200,0.67,,
YFI-STJ-MX1,30410,Sub Strawberry Jam Filling,sub recipe,internal,,Sub Strawberry Jam Filling,OD200,0.00,,
YFI-TIR-MX1,30411,Sub Tiramisu,sub recipe,internal,,Sub Tiramisu,OD200,36.21,,
YGA-19K-EAC,30061,Gas 19kg,consumables,external,,Gas 19kg,OD200,466.47,,
YGA-AFS-EAC,0,Air Filled Stand 1550x500,miscellenous,external,,Air Filled  Stand 1550x500,OD200,0.00,,
YGA-FIR-EAC,30799,Fire Extinguisher,equipment,external,,Fire Extinguisher,OD200,0.00,,
YPA-ECL-MX1,30457,Sub Batter Eclairs,sub recipe,internal,,Sub Batter Eclairs,OD200,0.00,,
YPA-PUF-MX1,30459,Sub Pastry-Puff,sub recipe,internal,,Sub Pastry-Puff,OD200,8.67,,
YPA-SWE-MX1,30461,Sub Sweet Paste,sub recipe,internal,,Sub Sweet Paste,OD200,10.29,,
YPI-PIC-MX1,30646,Sub Picture,sub recipe,internal,,Sub Picture,OD200,132.43,,
YRO-COR-M12,30649,Sub Cocktail Rolls 12s,sub recipe,internal,,Sub Cocktail Rolls 12s,OD200,0.00,,
YSP-BSC-MX1,0,Sub- Pie Bottom Short Crust Pastry,sub recipe,internal,,Sub- Pie Bottom Short Crust Pastry,OD200,0.00,,
YSP-SCM-MX1,0,Sub- Chicken & Mushroom Pie Filling,sub recipe,internal,,Sub- Chicken & Mushroom Pie Filling,OD200,0.00,,
YSP-SHE-MX1,30389,Sub Bar One Sponge - Sheets,sub recipe,internal,,Sub Bar One Sponge - Sheets,OD200,88.78,,
YSP-SMC-MX1,0,Sub- Mutton Curry Pie Filling,sub recipe,internal,,Sub- Mutton Curry Pie Filling,OD200,0.00,,
YSP-SVP-MX1,0,Sub- Veg Curry Pie Filling,sub recipe,internal,,Sub- Veg Curry Pie Filling,OD200,0.00,,
YSP-TRI-MX1,30355,Sub -Sponge Trifle,sub recipe,internal,,Sub -Sponge Trifle,OD200,2.69,,
YST-A4P-EAC,30066,A4 PAPER,consumables,external,,A4 PAPER,OD200,181.06,,
YST-ABR-EAC,30745,Absa Rolls,consumables,external,,Absa Rolls,OD200,2.80,,
YST-BAT-EAC,30837,Battery,consumables,external,,Battery,OD200,200.88,,
YST-BCI-EAC,0,New Birthday Cake Invoices,consumables,external,,New Birthday Cake Invoices,OD200,1.02,,
YST-BRO-EAC,30632,Brother Toner Cart.7225N,consumables,external,,Brother Toner Cart.7225N,OD200,0.00,,
YST-DPL-EAC,0,Diwali Cake Box Plates,packaging,external,,Diwali Cake Box Plates,OD200,0.00,,
YST-ERC-EAC,0,Epson Ribbon Cartridge,consumables,external,,Epson Ribbon Cartridge,OD200,149.00,,
YST-EXE-EAC,30065,A4 exercise book,consumables,external,,A4 exercise book,OD200,0.00,,
YST-HLS-EAC,30843,High lighters,consumables,external,,High lighters,OD200,61.23,,
YST-LMP-EAC,30797,Laminating Plastic,consumables,external,,Laminating Plastic,OD200,0.00,,
YST-LPS-EAC,30074,Laser Payslips,consumables,external,,Laser Payslips,OD200,1.32,,
YST-PFL-EAC,30075,paper file,consumables,external,,paper file,OD200,0.00,,
YST-PRI-EAC,30750,Pritt,consumables,external,,Pritt,OD200,0.00,,
YST-SQA-PAC,30078,square white paper,consumables,external,,square white paper,OD200,13.16,,
YST-STA-BOX,30079,Staples rexel no .56,consumables,external,,Staples rexel no .56,OD200,15.79,,
YST-TAP-EAC,30728,tape,consumables,external,,tape,OD200,13.90,,
YST-TIL-EAC,30687,Till Rolls,consumables,external,,Till Rolls,OD200,11.92,,
YST-TIP-EAC,30860,Tipex,consumables,external,,Tipex,OD200,43.47,,
YST-TRL-EAC,30059,toilet roll,consumables,external,,toilet roll,OD200,7.57,,
YST-WGE-EAC,30733,Wage Envelope,packaging,external,,Wage Envelope,OD200,1.11,,
YTB-MIL-MX1,30510,Sub Milk Tart Base Large,sub recipe,internal,,Sub Milk Tart Base Large,OD200,2.45,,
YTB-MIS-MX1,30512,Sub Milk Tart Base Small,sub recipe,internal,,Sub Milk Tart Base Small,OD200,0.55,,
YTB-NOB-EAC,0,Sub No Bake Cake,sub recipe,internal,,Sub No Bake Cake,OD200,0.00,,
YTO-BLC-MX1,30508,Sub Belgica Crumbs,subrecipe,internal,,Sub Belgica Crumbs,OD200,0.00,,
YTO-BOF-KGR,0,Sub Bar One Filling,sub recipe,internal,,Sub Bar One Filling,OD200,0.00,,
YTO-BOG-KGR,0,Sub- Bar One Ganache,sub recipe,internal,,Sub- Bar One Ganache,OD200,0.00,,
YTO-BUC-MX1,30398,Sub Buttercream Chocolate,sub recipe,internal,,Sub Buttercream Chocolate,OD200,13.44,,
YTO-BUW-MX1,30357,Sub Buttercream- White,sub recipe,internal,,Sub Buttercream- White,OD200,12.73,,
YTO-BUY-MX1,30400,Sub Buttercream Yellow,sub recipe,internal,,Sub Buttercream Yellow,OD200,0.00,,
YTO-FOC-MX1,30412,Sub Fondant Chocolate,sub recipe,internal,,Sub Fondant Chocolate,OD200,0.00,,
YTO-NAA-MX1,30375,Sub Naan topping,sub recipe,internal,,Sub Naan topping,OD200,0.00,,
YTO-SNO-MX1,30419,Sub Snowball Coconut Topping,sub recipe,internal,,Sub Snowball Coconut Topping,OD200,22.83,,
YTO-SUS-MX1,30417,Sub Sugar Syrup,sub recipe,internal,,Sub Sugar Syrup,OD200,0.00,,
YTO-SUW-MX1,30416,Sub Glaze Sugar Water,sub recipe,internal,,Sub Glaze Sugar Water,OD200,0.00,,
YTO-WFI-MX1,30539,Sub - White Fondant Icing,sub recipe,internal,,Sub - White Fondant Icing,OD200,5.73,,
YUT-CDW-EAC,0,Cutter Dough Wheel Divider,equipment,external,,Cutter Dough Wheel Divider,OD200,489.51,,
YUT-GRU-EAC,30654,Grunter Knife,consumables,external,,Grunter Knife,OD200,0.00,,
YUT-PIP-EAC,30594,Piping Bag No 5,consumables,external,,Piping Bag No 5,OD200,152.30,,
YUT-SCA-EAC,30652,Scale Electronic,equipment,external,,Scale Electronic,OD200,0.00,,
YUT-WHI-EAC,0,Whisks 350mm,equipment,external,,Whisks 350mm,OD200,0.00,,
ZBX-884-EAC,30738,8*8*4,packaging,external,,8*8*4,OD200,3.23,,
ZDB- FIC-EAC,0,Genus Eco 30 Flying Insect Catcher,pest control,external,,Genus Eco 30 Flying Insect Catcher,OD200,"3,350.00",,
ZDB-351-EAC,0,L 351 Domes,packaging,external,,L 351 Domes,OD200,23.28,,
ZDO-DOY-EAC,30320,Doyley Round 240mm,packaging,external,,Doyley Round 240mm,OD200,1.51,,
ZFO-10-EAC,30501,KR 10,packaging,external,,KR 10,OD200,8.45,,
ZFO-14-EAC,30321,KR14,packaging,external,,KR14,OD200,11.31,,
ZFO-16-EAC,30322,KR16,packaging,external,,KR16,OD200,15.10,,
ZFO-18-EAC,30323,KR18,packaging,external,,KR18,OD200,17.35,,
ZFO-1M5-EAC,0,KS 1MX500,packaging,external,,KS 1MX500,OD200,125.00,,
ZFO-1M5-EAC,0,KS 1MX500,packaging,external,,KS 1MX500,OD200,118.75,,
ZFO-20-EAC,30324,KR20,packaging,external,,KR20,OD200,21.52,,
ZFO-20R-EAC,30742,20 Round Board,packaging,external,,20 Round Board,OD200,0.00,,
ZFO-NR1-EAC,30584,NR 10,packaging,external,,NR 10,OD200,8.70,,
ZFO-NR2-EAC,30585,NR 12,packaging,external,,NR 12,OD200,6.94,,
ZFO-NS1-EAC,30329,NS 10,packaging,external,,NS 10,OD200,5.54,,
ZFO-NS2-EAC,30330,NS12,packaging,external,,NS12,OD200,7.85,,
ZFO-S16-EAC,30325,KS16,packaging,external,,KS16,OD200,15.13,,
ZFO-S18-EAC,30326,KS18,packaging,external,,KS18,OD200,19.03,,
ZFO-S20-EAC,30328,KS20,packaging,external,,KS20,OD200,21.39,,
ZFO-T14-EAC,30331,NS14,packaging,external,,NS14,OD200,9.03,,
ZFO-TN6-EAC,30617,NR 6,packaging,external,,NR 6,OD200,3.85,,
ZFO-TN8-EAC,30332,NS8,packaging,external,,NS8,OD200,0.00,,
ZLA- REA-EAC,0,Label Real Butter,packaging,external,,Label Real Butter,OD200,0.04,,
ZLA-ALA-50MM,0,Oven Delights logo labels 50mmx40mm,packaging,external,,Oven Delights logo labels 50mmx40mm,OD200,0.05,,
ZLA-IDL-EAC,,Label Idhli Oven Delights Logo,packacing,external,,Label Idhli Oven Delights Logo,OD200,0.05,,
ZLA-LAB-EAC,30333,Label 40x46 B/white Label,packaging,external,,Label 40x46 B/white Label,OD200,0.04,,
ZLA-LEF-EAC,,Label Eggs,packacing,external,,Label Eggs,OD200,0.06,,
ZLA-LEL-EAC,,Label Eggless,packacing,external,,Label Eggless,OD200,0.06,,
ZLA-LKI-EACH,0,Label White Keep In Fridge,packaging,external,,Label White Keep In Fridge,OD200,0.04,,
ZLA-LPL-EAC,0,Label For Platter Domes,packaging,external,,Label  For Platter Domes,OD200,0.06,,
ZLA-OLA-EAC,0,Label Oven Delights Logo 50x50mm,packaging,external,,Label Oven Delights Logo 50x50mm,OD200,0.06,,
ZLA-PLA-EAC,0,Label Plates logo 50x50mm,packaging,external,,Label Plates logo 50x50mm,OD200,450.00,,
ZLA-PLL-EAC,0,Label for Platters Assorted Flavours,packaging,external,,Label for Platters  Assorted Flavours,OD200,0.06,,
ZLA-WLB-EACH,0,Label 40x29 White Label,packaging,external,,Label 40x29 White Label,OD200,0.04,,
ZLA-WLB-EACH,0,Label 40x29 White Label,packaging,external,,Label 40x29 White Label,OD200,0.04,,
ZPA- SSW-EAC,0,Stirrer Sticks Wooden,consumables,external,,Stirrer Sticks Wooden,OD200,0.00,,
ZPA-CDA-EAC,0,4 Cup Drinkaway Carrier P2106,packaging,external,,4 Cup Drinkaway Carrier P2106,OD200,2.29,,
ZPA-CDC-EAC,0,2 Cup Drinkaway Carrier P2105,packaging,external,,2 Cup Drinkaway Carrier P2105,OD200,1.38,,
ZPA-DWK-250ML,0,250ml Double Wall Kraft Cup,packaging,external,,250ml Double Wall Kraft Cup,OD200,1.20,,
ZPA-DWK-350ML,0,350ml Double Wall Kraft Cup,packaging,external,,350ml Double Wall Kraft Cup,OD200,1.45,,
ZPA-GRE-EAC,30302,Grease Proof 2(200*170),packaging,external,,Grease Proof 2(200*170),OD200,0.13,,
ZPA-RSL-250ML,0,250ml Ripple Sip Lid,packaging,external,,250ml Ripple Sip Lid,OD200,0.46,,
ZPA-RSL-350ML,0,350ml Ripple Sip Lid,packaging,external,,350ml Ripple Sip Lid,OD200,0.72,,
ZPA-SER-BOX,30315,Servittes 200x300,consumables,external,,Servittes 200x300,OD200,7.15,,
ZPA-SSW-EAC,0,Stirrer Sticks Wooden,consumables,external,,Stirrer Sticks Wooden,OD200,0.07,,
ZPL-DES-EAC,30274,Desert Spoons,consumables,external,,Desert Spoons,OD200,0.33,,
ZPL-F70-EAC,30279,F70 BISCUIT CONTAINER,packaging,external,,F70 BISCUIT CONTAINER,OD200,0.00,,
ZPL-STR-BOX,30317,Wrapped Straws,consumables,external,,Wrapped Straws,OD200,0.47,,
ZPL-TRO-EAC,30316,Trolley Cover,consumables,external,,Trolley Cover,OD200,70.26,,
ZPL-WSS--BOX,0,Wrapped Smoothie Straw,consumables,external,,Wrapped Smoothie Straw,OD200,0.17,,
BD-BAR-020,,BD Bar One Square 20,exotic,internal,,BD Bar One Square 20,OD400,0.00,"1,600.00",
BIS- CHC-EAC,0,Biscuit Choc Chip,biscuit,internal,,Biscuit Choc Chip,OD400,0.00,85.00,
BIS-BCV-EAC,0,Biscuit Choc Vanilla 300g,biscuit,internal,,Biscuit Choc Vanilla 300g,OD400,0.00,85.00,
BIS-CCC-EAC,0,Biscuit Choc Chip Cookie,biscuit,internal,,Biscuit Choc Chip Cookie,OD400,0.00,85.00,
BIS-CHD-EAC,14079,Biscuit Choc Delights 300G,biscuit,internal,,Biscuit Choc Delights 300G,OD400,0.00,85.00,
BIS-CJN-EAC,14067,Biscuit Jam Nest 300G,biscuits,internal,,Biscuit Jam Nest 300G,OD400,43.48,85.00,
BIS-COC-EAC,0,Biscuit Coconut,biscuit,internal,,Biscuit Coconut,OD400,0.00,85.00,
BIS-CUS-EAC,16201,Biscuit Custard,biscuit,internal,,Biscuit Custard,OD400,0.00,85.00,
BIS-DAT-EAC,0,Biscuit Date Roll 300G,biscuit,internal,,Biscuit Date Roll 300G,OD400,0.00,100.00,
BIS-DEB-EAC,14073,Designer Biscuits 300G,biscuits,internal,,Designer Biscuits 300G,OD400,0.00,100.00,
BIS-FEB-EAC,16200,Biscuit Fego 300G,biscuit,internal,,Biscuit Fego 300G,OD400,0.00,85.00,
BIS-FLF-EAC,14068,Biscuit choc Fingers 300G,biscuit,internal,,Biscuit choc Fingers 300G,OD400,0.00,85.00,
BIS-HSB-EAC,14076,Biscuit Horse Shoe 300G,biscuit,internal,,Biscuit Horse Shoe 300G,OD400,0.00,85.00,
BIS-NAK-EAC,16077,Biscuit Naan Katai 300G,biscuit,internal,,Biscuit Naan Katai 300G,OD400,0.00,85.00,
BIS-PAO-EAC,16203,Biscuit Pcn & almnd 300G,biscuit,internal,,Biscuit Pcn & almnd 300G,OD400,0.00,85.00,
BIS-PNS-EAC,14069,Biscuit Pecan Nut Squares 300G,biscuit,internal,,Biscuit Pecan Nut Squares 300G,OD400,0.00,85.00,
Cafe Late short,,Cafe Late short,drink,internal,,Cafe Late short,OD400,0.00,28.00,
Cafe Late Tall,,Cafe Late Tall,drink,internal,,Cafe Late Tall,OD400,0.00,33.00,
CAN-CMS-EAC,0,Candles 10s- Silver,candle,external,,Candles 10s- Silver,OD400,0.00,20.00,
CAN-GOL-000,0,Candle Numeral 0 Gold,candle,external,,Candle Numeral 0 Gold,OD400,0.00,22.00,
CAN-GOL-001,0,Candle Numeral 1 Gold,candle,external,,Candle Numeral 1 Gold,OD400,0.00,22.00,
CAN-GOL-002,0,Candle Numeral 2 Gold,candle,external,,Candle Numeral 2 Gold,OD400,0.00,22.00,
CAN-GOL-003,0,Candle Numeral 3 Gold,candle,external,,Candle Numeral 3 Gold,OD400,0.00,22.00,
CAN-GOL-004,0,Candle Numeral 4 Gold,candle,external,,Candle Numeral 4 Gold,OD400,0.00,22.00,
CAN-GOL-005,0,Candle Numeral 5 Gold,candle,external,,Candle Numeral 5 Gold,OD400,0.00,22.00,
CAN-GOL-006,0,Candle Numeral 6 Gold,candle,external,,Candle Numeral 6 Gold,OD400,0.00,22.00,
CAN-GOL-007,0,Candle Numeral 7 Gold,candle,external,,Candle Numeral 7 Gold,OD400,0.00,22.00,
CAN-GOL-008,0,Candle Numeral 8 Gold,candle,external,,Candle Numeral 8 Gold,OD400,0.00,22.00,
CAN-GOL-009,0,Candle Numeral 9 Gold,candle,external,,Candle Numeral 9 Gold,OD400,0.00,22.00,
CAN-MAG-24S,8004,Candle Magic Assorted,candle,external,,Candle Magic Assorted,OD400,0.00,30.00,
CAN-MCA-EAC,30714,Magic Candles,candle,external,,Magic Candles,OD400,0.00,30.00,
CAN-MIX-24S,8005,Candle Mixed - 24x24,candle,external,,Candle Mixed - 24x24,OD400,0.00,30.00,
CAN-RAI-000,8006,Candle Numeral 0 Rainbow,candle,external,,Candle Numeral 0 Rainbow,OD400,0.00,22.00,
CAN-RAI-001,8007,Candle Numeral 1 Rainbow,candle,external,,Candle Numeral 1 Rainbow,OD400,0.00,22.00,
CAN-RAI-002,8008,Candle Numeral 2 Rainbow,candle,external,,Candle Numeral 2 Rainbow,OD400,43.50,22.00,
CAN-RAI-004,8010,Candle Numeral 4 Rainbow,candle,external,,Candle Numeral 4 Rainbow,OD400,0.00,22.00,
CAN-RAI-005,8011,Candle Numeral 5 Rainbow,candle,external,,Candle Numeral 5 Rainbow,OD400,0.00,22.00,
CAN-RAI-006,8012,Candle Numeral 6 Rainbow,candle,external,,Candle Numeral 6 Rainbow,OD400,0.00,22.00,
CAN-RAI-007,8013,Candle Numeral 7 Rainbow,candle,external,,Candle Numeral 7 Rainbow,OD400,0.00,22.00,
CAN-RAI-008,8014,Candle Numeral 8 Rainbow,candle,external,,Candle Numeral 8 Rainbow,OD400,0.00,22.00,
CAN-RAI-009,8015,Candle Numeral 9 Rainbow,candle,external,,Candle Numeral 9 Rainbow,OD400,0.00,22.00,
CAN-SIL-000,0,Candle Numeral 0 Silver,candle,external,,Candle Numeral 0 Silver,OD400,0.00,22.00,
CAN-SIL-001,0,Candle Numeral 1 Silver,candle,external,,Candle Numeral 1 Silver,OD400,0.00,22.00,
CAN-SIL-002,0,Candle Numeral 2 Silver,candle,external,,Candle Numeral 2 Silver,OD400,0.00,22.00,
CAN-SIL-003,0,Candle Numeral 3 Silver,candle,external,,Candle Numeral 3 Silver,OD400,0.00,22.00,
CAN-SIL-004,0,Candle Numeral 4 Silver,candle,external,,Candle Numeral 4 Silver,OD400,0.00,22.00,
CAN-SIL-005,0,Candle Numeral 5 Silver,candle,external,,Candle Numeral 5 Silver,OD400,0.00,22.00,
CAN-SIL-006,0,Candle Numeral 6 Silver,candle,external,,Candle Numeral 6 Silver,OD400,0.00,22.00,
CAN-SIL-007,0,Candle Numeral 7 Silver,candle,external,,Candle Numeral 7 Silver,OD400,0.00,22.00,
CAN-SIL-008,0,Candle Numeral 8 Silver,candle,external,,Candle Numeral 8 Silver,OD400,0.00,22.00,
CAN-SIL-009,0,Candle Numeral 9 Silver,candle,external,,Candle Numeral 9 Silver,OD400,0.00,22.00,
CAN-WHI-000,8025,Candle Numeral 0 White,candle,external,,Candle Numeral 0 White,OD400,0.00,22.00,
CAN-WHI-001,8016,Candle Numeral 1 White,candle,external,,Candle Numeral 1 White,OD400,0.00,22.00,
CAN-WHI-002,8017,Candle Numeral 2 White,candle,external,,Candle Numeral 2 White,OD400,0.00,22.00,
CAN-WHI-003,8018,Candle Numeral 3 White,candle,external,,Candle Numeral 3 White,OD400,0.00,22.00,
CAN-WHI-004,8019,Candle Numeral 4 White,candle,external,,Candle Numeral 4 White,OD400,0.00,22.00,
CAN-WHI-005,8020,Candle Numeral 5 White,candle,external,,Candle Numeral 5 White,OD400,0.00,22.00,
CAN-WHI-006,8021,Candle Numeral 6 White,candle,external,,Candle Numeral 6 White,OD400,0.00,22.00,
CAN-WHI-007,8022,Candle Numeral 7 White,candle,external,,Candle Numeral 7 White,OD400,0.00,22.00,
CAN-WHI-008,8023,Candle Numeral 8 White,candle,external,,Candle Numeral 8 White,OD400,0.00,22.00,
CAN-WHI-009,8024,Candle Numeral 9 White,candle,external,,Candle Numeral 9 White,OD400,0.00,22.00,
CBA-BAC-014,0,BD 14'' Buttercream Alphabet Cake,novelty,internal,,BD 14'' Buttercream Alphabet Cake,OD400,0.00,640.00,
CBA-BEA-016,0,BD 16'' Eggless Buttercream Alphabet Cake,novelty,internal,,BD 16'' Eggless Buttercream Alphabet Cake,OD400,0.00,830.00,
CBC-BBG-EAC,11001,BC Birthday Gateaux,buttercream cake,internal,,BC Birthday Gateaux,OD400,0.00,120.00,
CBC-BCC-EAC,30337,Icing Cup Cakes,buttercream cake,internal,,Icing Cup Cakes,OD400,0.00,20.00,
CBC-BCD-EAC,11004,BC Chocolate Delight,buttercream cake,internal,,BC Chocolate Delight,OD400,0.00,22.00,
CBC-BCE-EAC,0,BC Eggless Vanilla Gateaux,buttercream cake,internal,,BC Eggless Vanilla Gateaux,OD400,0.00,120.00,
CBC-BCG-EAC,11003,BC Chocolate Gateaux,buttercream cake,internal,,BC Chocolate Gateaux,OD400,0.00,125.00,
CBC-BCN-EAC,30339,Icing Cup Cakes With Name,buttercream cake,internal,,Icing Cup Cakes With Name,OD400,0.00,20.00,
CBC-BCS-EAC,11005,BC Chocolate Slice,buttercream cake,internal,,BC Chocolate Slice,OD400,0.00,22.00,
CBC-BDN-EAC,11016,BC Doughnut,buttercream cake,internal,,BC Doughnut,OD400,0.00,16.00,
CBC-BEG-EAC,11040,BC Eggless Birthday Gateaux,buttercream cake,internal,,BC Eggless Birthday Gateaux,OD400,0.00,125.00,
CBC-BRG-EAC,11042,BC Smash Choc Rose Pattern Gateaux,buttercream cake,internal,,BC Smash Choc Rose Pattern Gateaux,OD400,0.00,600,
CBC-CBG-EAC,11097,Christmas Buttercream Gateaux,buttercream cake,internal,,Christmas Buttercream Gateaux,OD400,0.00,160.00,
CBC-CDN-EAC,11018,Chocolate Doughnut,buttercream cake,internal,,Chocolate Doughnut,OD400,0.00,18.00,
CBC-CNL-EAC,11032,Coconut Tartlet,biuttercream cake,internal,,Coconut Tartlet,OD400,0.00,20.00,
CBC-CNR-EAC,11030,Coconut Ring,buttercream cake,internal,,Coconut Ring,OD400,0.00,20.00,
CBC-CNS-EAC,11008,Coconut Slice,buttercream cake,internal,,Coconut Slice,OD400,0.00,18.00,
CBC-CRP-EAC,11034,Cream Puff,buttercream figure,internal,,Cream Puff,OD400,0.00,18.00,
CBC-CUS-EAC,11035,Currant Square,buttercream cake,internal,,Currant Square,OD400,0.00,18.00,
CBC-EB1-1M,0,BD 1MX500 BC Eggless,buttercream 1mx500,internal,,BD 1MX500 BC Eggless,OD400,0.00,"2,400.00",
CBC-FLA-EAC,11036,Flakey Bits,buttercream cake,internal,,Flakey Bits,OD400,0.00,18.00,
CBC-JAP-EAC,11037,Jam Puff,buttercream cake,internal,,Jam Puff,OD400,0.00,17.00,
CBC-JDN-EAC,11019,Jam Doughnut,buttercream cake,internal,,Jam Doughnut,OD400,0.00,15.00,
CBC-JTO-EAC,11039,Jam Turnover,buttercream cake,internal,,Jam Turnover,OD400,0.00,18.00,
CBC-KOE-EAC,11020,Koeksuster 1s,buttercream cake,internal,,Koeksuster 1s,OD400,0.00,18.00,
CBC-LPC-EAC,11009,Choc Lamington Plain,buttercream cake,internal,,Choc Lamington Plain,OD400,0.00,18.00,
CBC-LPR-EAC,11010,Raspberry Lamington Plain,buttercream cake,internal,,Raspberry Lamington Plain,OD400,0.00,18.00,
CBC-LPR-EAC,11010,Raspberry Lamington Plain,buttercream cake,internal,,Raspberry Lamington Plain,OD400,0.00,18.00,
CBC-MBD-EAC,11043,Mini Buttercream D/N,buttercream,internal,,Mini Buttercream D/N,OD400,0.00,12.00,
CBC-MBG-EAC,11098,Mothers Day Buttercream Gateaux,buttercream cake,internal,,Mothers Day Buttercream Gateaux,OD400,0.00,140.00,
CBC-MCD-EAC,11044,Mini Chocolate D/N,buttercream cake,internal,,Mini Chocolate D/N,OD400,0.00,13.00,
CBC-MCL-EAC,0,Mini Lamington Chocolate Plain,shop front,internal,,Mini Lamington Chocolate Plain,OD400,0.00,13.00,
CBC-MEL-40G,11021,Melting Moments 40g (Round),sweet,external,,Melting Moments 40g (Round),OD400,0.00,15.00,
CBC-MEL-60G,11023,Melting Moments 60g (Long),buttercream cake,internal,,Melting Moments 60g (Long),OD400,0.00,18.00,
CBC-MFL-EAC,11045,Mini F/BITS,buttercream cake,internal,,Mini F/BITS,OD400,0.00,13.00,
CBC-MRL-EAC,0,Mini Lamington Raspberry Plain,buttercream cake,internal,,Mini Lamington Raspberry Plain,OD400,0.00,13.00,
CBC-MSB-EACH,11046,Mini S/B,buttercream cake,internal,,Mini S/B,OD400,0.00,13.00,
CBC-MUE-EAC,11007,Muesli Slice,buttercream cake,internal,,Muesli Slice,OD400,0.00,18.00,
CBC-PCC-EAC,30338,BD Picture Cup Cakes,buttercream cakes,internal,,BD Picture Cup Cakes,OD400,0.00,24.00,
CBC-QUC-EAC,11011,Queen Cakes 1s,buttercream cake,internal,,Queen Cakes 1s,OD400,0.00,12.00,
CBC-SNO-EAC,11013,Snowballs 1s,buttercream cake,internal,,Snowballs 1s,OD400,0.00,18.00,
CBF-BCF-018,10088,BD Buttercream Figure 18,buttercream figure cake,internal,,BD Buttercream Figure 18,OD400,0.00,850.00,
CBF-BCF-020,10090,BD Buttercream Figure 20,buttercream figure,internal,,BD Buttercream Figure 20,OD400,0.00,900.00,
CBF-BFE-020,10199,BD 20 Buttercream Figure on Base Eggless,buttercream figure,internal,,BD 20 Buttercream Figure on Base Eggless,OD400,0.00,"1,350.00",
CBF-BFS-018,10092,BD Buttercream Fig on SL 18,buttercream figure cake,internal,,BD Buttercream Fig on SL 18,OD400,0.00,940.00,
CBF-BFS-020,10094,BD Buttercream Fig on SL 20,buttercream figure cake,internal,,BD Buttercream Fig on SL 20,OD400,0.00,990.00,
CBF-BLF-014,12001,BD Freshcream 14 Black Forest,freshcream square black forest,internal,,BD Freshcream 14 Black Forest,OD400,0.00,740.00,
CBF-BLF-016,12020,BD Freshcream 16 Blackforest,freshcream blackforest,internal,,BD Freshcream 16 Blackforest,OD400,0.00,800.00,
CBF-FCD-014,10039,BD Freshcream 14 DL,freshcream square,internal,,BD Freshcream 14 DL,OD400,0.00,470.00,
CBF-FCF-018,10089,BD Freshcream Figure 18,freshcream figure cake,internal,,BD Freshcream Figure 18,OD400,0.00,900.00,
CBF-FCF-020,10091,BD Freshcream Figure 20,freshcream figure,internal,,BD Freshcream Figure 20,OD400,0.00,950.00,
CBF-FF0-020,0,BD 20 Freshcream Figure Only Eggless,freshcream figure,internal,,BD 20 Freshcream Figure Only Eggless,OD400,0.00,1300,
CBF-FFE-020,10198,BD Freshcream Figure on Base Eggless 20,freshcream figure cake,internal,,BD Freshcream Figure on Base Eggless 20,OD400,0.00,"1,450.00",
CBF-FFS-018,10093,BD Freshcream Fig on SL 18,freshcream figure cake,internal,,BD Freshcream Fig on SL 18,OD400,0.00,990.00,
CBF-FFS-020,10095,BD Freshcream Fig on SL 20,freshcream figure,internal,,BD Freshcream Fig on SL 20,OD400,0.00,"1,040.00",
CBF-FOE-020,0,BD 20 Buttercream Figure Only Eggless,buttercream figure,internal,,BD 20 Buttercream Figure Only Eggless,OD400,0.00,1250,
CBN-B1M-EACH,0,BD Buttercream 1MX1M,novelty,internal,,BD Buttercream 1MX1M,OD400,0.00,"5,500.00",
CBN-F1M-EACH,0,BD Freshcream 1M X1M,novelty,internal,,BD Freshcream 1M X1M,OD400,0.00,"5,700.00",
CBR-BCR-012,10105,BD Buttercream 12 Round,buttercream cake round,internal,,BD Buttercream 12 Round,OD400,0.00,420.00,
CBR-BCR-014,10107,BD Buttercream 14 Round,buttercream cake round,internal,,BD Buttercream 14 Round,OD400,0.00,450.00,
CBR-BCR-016,10109,BD Buttercream 16 Round,buttercream round,internal,,BD Buttercream 16 Round,OD400,0.00,480.00,
CBR-BCR-018,10104,BD Buttercream 18 Round,buttercream cake round,internal,,BD Buttercream 18 Round,OD400,0.00,570.00,
CBR-BCR-020,10112,BD Buttercream 20 Round,buttercream round,internal,,BD Buttercream 20 Round,OD400,0.00,610.00,
CBR-FCR-012,10106,BD Freshcream 12 Round,freshcream cake round,internal,,BD Freshcream 12 Round,OD400,0.00,460.00,
CBR-FCR-014,10108,BD Freshcream 14 Round,freshcream cake round,internal,,BD Freshcream 14 Round,OD400,0.00,490.00,
CBR-FCR-016,10110,BD Freshcream 16 Round,freashcream round,internal,,BD Freshcream 16 Round,OD400,0.00,520.00,
CBR-FCR-018,10111,BD Freshcream 18 Round,freshcream round,internal,,BD Freshcream 18 Round,OD400,0.00,620.00,
CBR-FCR-020,10113,BD Freshcream 20 Round,freshcream round,internal,,BD Freshcream 20 Round,OD400,0.00,660.00,
CBS-BCD-012,10005,BD Buttercream 12 DL,buttercream square,internal,,BD Buttercream 12 DL,OD400,0.00,400.00,
CBS-BCD-014,10007,BD Buttercream 14 DL,buttercream square,internal,,BD Buttercream 14 DL,OD400,0.00,430.00,
CBS-BCD-016,10011,BD Buttercream 16 DL,buttercream square,internal,,BD Buttercream 16 DL,OD400,0.00,460.00,
CBS-BCD-018,10015,BD Buttercream 18 DL,buttercream square cake,internal,,BD Buttercream 18 DL,OD400,0.00,550.00,
CBS-BCD-020,10018,BD Buttercream 20 DL,buttercream square,internal,,BD Buttercream 20 DL,OD400,0.00,590.00,
CBS-BCD-022,10031,BD Buttercream 22 DL,buttercream square,internal,,BD Buttercream 22 DL,OD400,0.00,770.00,
CBS-BCE-016,10033,BD 16 BC DL Eggless,buttercream square,internal,,BD 16 BC DL Eggless,OD400,0.00,520.00,
CBS-BLF-012,10078,BD Freshcream 12 Black Forest,freshcream black forest,internal,,BD Freshcream 12 Black Forest,OD400,0.00,670.00,
CBS-FCD-012,10037,BD Freshcream 12 DL,freshcream square,internal,,BD Freshcream 12 DL,OD400,0.00,440.00,
CBS-FCD-016,10041,BD Freshcream 16 DL,freshcream square,internal,,BD Freshcream 16 DL,OD400,0.00,500.00,
CBS-FCD-018,10045,BD Freshcream 18 DL,freshcream square,internal,,BD Freshcream 18 DL,OD400,0.00,600.00,
CBS-FCD-020,10050,BD Freshcream 20 DL,frsshcream square,internal,,BD Freshcream 20 DL,OD400,0.00,640.00,
CBS-FCD-022,10054,BD Freshcream 22 DL,freshcream square,internal,,BD Freshcream 22 DL,OD400,0.00,830.00,
CBS-FCE-016,10103,BD 16 Freshcream Eggless,freshcream square,internal,,BD 16 Freshcream Eggless,OD400,0.00,560.00,
CBW-CAK-003,10102,BD Buttercream 3 Tier Stacked,wedding cake,internal,,BD Buttercream 3 Tier Stacked,OD400,0.00,"2,900.00",
CBW-STA-EAC,10289,BD Buttercream 2Tier Stacked 12 16,wedding cake,internal,,BD Buttercream 2Tier Stacked 12 16,OD400,0.00,"2,100.00",
CEX -NYW-EAC,30665,New York Baked Cheese Cake Round,exotic cakes,internal,,New York Baked Cheese Cake Round,OD400,0.00,400.00,
CEX CCD-EAC,14030,Cheese Cake Dessert,exotic cakes,internal,,Cheese Cake Dessert,OD400,0.00,40.00,
CEX- BEG-EAC,14050,FC Bar One Eggless Drip,exotic cakes,internal,,FC Bar One Eggless Drip,OD400,0.00,230.00,
CEX- MCP-EAC,14091,Moist Chocolate Pudding,exotic cakes,internal,,Moist Chocolate Pudding,OD400,0.00,60.00,
CEX- MDB-EAC,0,Buttercream 6 Layer Drip Cake with toppings,exotic cakes,internal,,Buttercream 6 Layer Drip Cake with toppings,OD400,0.00,"1,400.00",
CEX- NBS-EAC,0,New York Blueberry Cheese Cake Slice,exotic,internal,,New York Blueberry Cheese Cake Slice,OD400,0.00,50.00,
CEX- RTR-12,0,BC 12'' Round Triple Layer Rose Pattern,novelty,internal,,BC 12'' Round Triple Layer Rose Pattern,OD400,0.00,950.00,
CEX-APP-EAC,14025,Apple Tart,exotic,internal,,Apple Tart,OD400,0.00,80.00,
CEX-ATS-EAC,0,Apple Tartlet,exotic,internal,,Apple Tartlet,OD400,0.00,30.00,
CEX-BAR-012,10001,BD Bar One Square 12,exotic cakes,internal,,BD Bar One Square 12,OD400,0.00,"1,000.00",
CEX-BAR-014,10002,BD Bar One Square 14,exotic cakes,internal,,BD Bar One Square 14,OD400,0.00,"1,200.00",
CEX-BAR-016,10003,BD Bar One Square 16,exotic cakes,internal,,BD Bar One Square 16,OD400,0.00,"1,400.00",
CEX-BAR-018,0,BD Bar One Square 18,exotic cakes,internal,,BD Bar One Square 18,OD400,0.00,1700,
CEX-BOL-EAC,4005,Bar One Log,exotic cakes,internal,,Bar One Log,OD400,0.00,185.00,
CEX-BOM-EAC,14065,Mothers Day Bar One Round with rose and leaves,exotic cakes,internal,,Mothers Day Bar One Round with rose and leaves,OD400,0.00,290.00,
CEX-BOR-EAC,14003,Bar One Round,exotic cakes,internal,,Bar One Round,OD400,0.00,290.00,
CEX-BOS-EAC,4008,Bar One Slice,exotic cakes,internal,,Bar One Slice,OD400,0.00,45.00,
CEX-CAC-012,0,BD 12 Carrot Cake square wit cream cheese,exotic,internal,,BD 12 Carrot Cake square wit cream cheese,OD400,0.00,"1,000.00",
CEX-CAC-014,0,BD 14' Carrot cake square with cream cheese,exotic,internal,,BD 14' Carrot cake square with cream cheese,OD400,0.00,1300,
CEX-CAC-016,0,BD 16' Carrot Cake Square with cream cheese,exotic cakes,internal,,BD 16' Carrot Cake Square with cream cheese,OD400,0.00,"1,400.00",
CEX-CAC-018,0,BD 18 Carrot Cake Square with cream cheese,exotic cakes,internal,,BD 18 Carrot Cake Square with cream cheese,OD400,0.00,1700,
CEX-CAC-020,0,BD 20 Carrot Cake Square with cream cheese,exotic,internal,,BD 20 Carrot Cake Square with cream cheese,OD400,0.00,"1,800.00",
CEX-CAC-EAC,0,Carrot Cake Cupcake,exotic cakes,internal,,Carrot Cake Cupcake,OD400,0.00,25.00,
CEX-CBD-EAC,0,Chocolate Bar One 6 Layer Drip Cake,exotic cakes,internal,,Chocolate Bar One 6 Layer Drip Cake,OD400,0.00,"1,400.00",
CEX-CBO-EAC,14006,Christmas Bar One Round,exotic cakes,internal,,Christmas Bar One Round,OD400,0.00,280.00,
CEX-CCS-EAC,14007,Cheese Cake Slice,exotic cakes,internal,,Cheese Cake Slice,OD400,0.00,50.00,
CEX-CCT-EAC,14008,Cheese Cake Tart,exotic cakes,internal,,Cheese Cake Tart,OD400,0.00,67.00,
CEX-CEG-EAC,14035,Caramel Exotic Gateaux,exotic cakes,internal,,Caramel Exotic Gateaux,OD400,0.00,230.00,
CEX-CFD-EAC,0,Chocolate Fererro 6 Layer Drip Cake,exotic cakes,internal,,Chocolate Fererro 6 Layer Drip Cake,OD400,0.00,"1,400.00",
CEX-CFE-EAC,14010,Christmas Ferrero Cake,exotic cakes,internal,,Christmas Ferrero Cake,OD400,0.00,280.00,
CEX-CUS-EAC,14042,Custard & Jelly,exotic cakes,internal,,Custard & Jelly,OD400,0.00,19,
CEX-EBC-EACH,0,Bar One Cupcake Eggless,exotic cakes,internal,,Bar One Cupcake Eggless,OD400,0.00,20.00,
CEX-FEM-EAC,14045,Mothers Day Ferrero Round with rose and leaves,exotic cakes,internal,,Mothers Day Ferrero Round with rose and leaves,OD400,0.00,290.00,
CEX-FER-012,10075,BD Ferrero Cake 12,exotic cakes,internal,,BD Ferrero Cake 12,OD400,0.00,"1,000.00",
CEX-FER-014,10076,BD Ferrero Cake 14,exotic cakes,internal,,BD Ferrero Cake 14,OD400,0.00,"1,200.00",
CEX-FER-016,10077,BD Ferrero Cake 16,exotic cakes,internal,,BD Ferrero Cake 16,OD400,0.00,"1,400.00",
CEX-FER-018,0,BD Ferrero Cake 18,exotic cakes,internal,,BD Ferrero Cake 18,OD400,0.00,1700,
CEX-FER-018,0,BD Ferrero Cake 18,exotic cakes,internal,,BD Ferrero Cake 18,OD400,0.00,"1,600.00",
CEX-FRC-EAC,14012,Ferrero Rocher Cake,exotic cakes,internal,,Ferrero Rocher Cake,OD400,0.00,290.00,
CEX-LMS-EAC,0,Lemon Meringue Tart Small,exotic,internal,,Lemon Meringue Tart Small,OD400,0.00,20,
CEX-LMT-EAC,0,Lemon Meringue Tart Large,exotic cakes,internal,,Lemon Meringue Tart Large,OD400,0.00,60,
CEX-MAC-EAC,14047,Macaroons (4s),exotic cakes,internal,,Macaroons (4s),OD400,0.00,60.00,
CEX-MAL-EAC,14048,Malva Pudding,exotic,internal,,Malva Pudding,OD400,0.00,34,
CEX-MAO-EAC,0,Macaroons (1s),exotic,internal,,Macaroons (1s),OD400,10.00,18.00,
CEX-MBE-EAC,14049,Milky Bar Exotic,exotic cakes,internal,,Milky Bar Exotic,OD400,0.00,250.00,
CEX-MBS-EAC,0,Bar One Swissroll Slice,exotic cakes,internal,,Bar One Swissroll Slice,OD400,0.00,40.00,
CEX-MDF-EAC,0,Freshcream 6 Layer Drip Cake with Toppings,shop front,internal,,Freshcream 6 Layer Drip Cake with Toppings,OD400,0.00,"1,400.00",
CEX-MIL-12,0,BD Milky Bar 12'',exotic,internal,,BD Milky Bar 12'',OD400,0.00,950.00,
CEX-MIL-14,0,BD Milky Bar 14'',exotic cakes,internal,,BD Milky Bar 14'',OD400,0.00,"1,050.00",
CEX-MIL-EAC,0,Milky Bar Swissroll Slice,exotic cakes,internal,,Milky Bar Swissroll Slice,OD400,0.00,36.00,
CEX-MPN-EAC,0,Mini Pecan Nut Tart,exotic cakes,internal,,Mini Pecan Nut Tart,OD400,0.00,25.00,
CEX-MPT-EAC,0,Malva Pudding Tartlet,exotic cakes,internal,,Malva Pudding Tartlet,OD400,0.00,16,
CEX-MRC-EAC,0,Cream Cheese Rainbow Cake,exotic cakes,internal,,Cream Cheese Rainbow Cake,OD400,0.00,350,
CEX-MRS-EAC,0,Cream Cheese Rainbow Slice,exotic cakes,internal,,Cream Cheese Rainbow Slice,OD400,0.00,43,
CEX-MVC-EAC,14092,Moist Vanilla Cake with Caramel Drizzle,exotic cakes,internal,,Moist Vanilla Cake with Caramel Drizzle,OD400,0.00,75.00,
CEX-NBC-EAC,0,New York Baked Blueberry Cheesecake Round,exotic cakes,internal,,New York Baked Blueberry Cheesecake Round,OD400,0.00,360.00,
CEX-NUT-12,0,12'' Nibbed Nuts Only,miscellenous,internal,,12'' Nibbed Nuts Only,OD400,0.00,80.00,
CEX-NUT-14,0,14'' Nibbed Nuts Only,miscellaneous,internal,,14'' Nibbed Nuts Only,OD400,0.00,80.00,
CEX-NUT-16,0,16'' Nibbed Nuts Only,miscellenous,internal,,16'' Nibbed Nuts Only,OD400,0.00,120.00,
CEX-NUT-18,0,18'' Nibbed Nuts Only,exotic,internal,,18'' Nibbed Nuts Only,OD400,0.00,120.00,
CEX-NUT-20,0,20'' Nibbed Nuts Only,miscellenous,internal,,20'' Nibbed Nuts Only,OD400,0.00,180.00,
CEX-NUT-22,0,22'' Nibbed Nuts Only,miscellenous,internal,,22'' Nibbed Nuts Only,OD400,0.00,180.00,
CEX-NYC-EAC,0,New York Baked Cheese Cake Slice,exotic cakes,internal,,New York Baked Cheese Cake Slice,OD400,0.00,50.00,
CEX-PCT-EAC,0,Portuguese Custard Tart,exotic,external,,Portuguese Custard Tart,OD400,10.00,22.00,
CEX-PEA-12,0,12'' Peaches Slices Only,miscellenous,internal,,12'' Peaches Slices Only,OD400,0.00,80.00,
CEX-PEA-14,0,14'' Peaches Slices Only,miscellaneous,internal,,14'' Peaches Slices Only,OD400,0.00,80.00,
CEX-PEA-16,0,16'' Peaches Slices Only,miscellaneous,internal,,16'' Peaches Slices Only,OD400,0.00,120.00,
CEX-PEA-18,0,18'' Peaches Slices Only,miscellenous,internal,,18'' Peaches Slices Only,OD400,0.00,180.00,
CEX-PEA-20,0,20'' Peaches Slices Only,miscellenous,internal,,20'' Peaches Slices Only,OD400,0.00,180.00,
CEX-PEA-22,0,22'' Peaches Slices Only,miscellaneous,internal,,22'' Peaches Slices Only,OD400,0.00,180.00,
CEX-PET-EACH,0,Pecan Nut Tartlet,exotic cakes,internal,,Pecan Nut Tartlet,OD400,0.00,20.00,
CEX-PNT-EAC,14016,Pecan Nut Tart,exotic cakes,internal,,Pecan Nut Tart,OD400,0.00,35.00,
CEX-RED-016,30778,BD 16 Red Velvet Square,exotic cakes,internal,,BD 16 Red Velvet Square,OD400,0.00,"1,200.00",
CEX-RMC-EAC,14059,OREO CAKE,exotic cakes,internal,,OREO CAKE,OD400,0.00,350,
CEX-RSW-EAC,14060,Red velvet Swissroll,exotic cakes,internal,,Red velvet Swissroll,OD400,0.00,35,
CEX-RTR-14,0,BC 14'' Round Triple Layer Rose Pattern,novelty,internal,,BC 14'' Round Triple Layer Rose Pattern,OD400,0.00,"1,000.00",
CEX-RTR-16,0,BC 16'' Round Triple Layer Rose Pattern,novelty,internal,,BC 16'' Round Triple Layer Rose Pattern,OD400,0.00,"1,100.00",
CEX-RTR-18,0,BC 18'' Round Triple Layer Rose Pattern,novelty,internal,,BC 18'' Round Triple Layer Rose Pattern,OD400,0.00,"1,250.00",
CEX-RTR-20,0,BC 20'' Round Triple Layer Rose Pattern,novelty,internal,,BC 20'' Round Triple Layer Rose Pattern,OD400,0.00,"1,500.00",
CEX-RVC-EAC,14017,Red Velvet Cupcakes,exotic cakes,internal,,Red Velvet Cupcakes,OD400,0.00,21.00,
CEX-RVG-EAC,30776,Red Velvet Gateaux,exotic cakes,internal,,Red Velvet Gateaux,OD400,0.00,150.00,
CEX-RVL-EAC,14019,Red Velvet Log,exotic cakes,internal,,Red Velvet Log,OD400,0.00,70.00,
CEX-RVS-EAC,14020,Red Velvet Slice,exotic cakes,internal,,Red Velvet Slice,OD400,0.00,35.00,
CEX-TIR-EAC,14021,Cake Tiramisu,exotic cakes,internal,,Cake Tiramisu,OD400,0.00,180.00,
CEX-TIS-EAC,14022,tirumisu slice,exotic cakes,internal,,tirumisu slice,OD400,0.00,33.00,
CEX-TRO-EAC,14023,Tirumisu round,exotic cakes,internal,,Tirumisu round,OD400,0.00,180.00,
CEZ-MIL-16,0,BD Milky Bar 16'',exotic cakes,internal,,BD Milky Bar 16'',OD400,0.00,"1,200.00",
CFA-FAC-014,0,BD 14'' Freshcream Alphabet Cake,novelty,internal,,BD 14''  Freshcream Alphabet Cake,OD400,0.00,630.00,
CFA-FAE-016,0,BD 16'' Eggless Freshcream Alphabet Cake,novelty,internal,,BD 16'' Eggless Freshcream Alphabet Cake,OD400,0.00,800.00,
CFC-BET-EAC,12022,Belgica Tart,freshcream cake,internal,,Belgica Tart,OD400,0.00,80.00,
CFC-BTL-EAC,12023,Belgica Tartlet,freshcream cake,internal,,Belgica Tartlet,OD400,0.00,35.00,
CFC-CBS-EAC,12009,FC Black Forest Slice,freshcream cake,internal,,FC Black Forest Slice,OD400,0.00,25.00,
CFC-CCC-EAC,30866,Carrot Cake With Cream Cheese,freshcream cake,internal,,Carrot Cake With Cream Cheese,OD400,0.00,85.00,
CFC-CCD-EAC,12035,Custard Doughnut,freshcream cakes,internal,,Custard Doughnut,OD400,0.00,20.00,
CFC-CFE-EACH,0,Christmas Freshcream Eggless Gateaux,freshcream cake,internal,,Christmas Freshcream Eggless Gateaux,OD400,0.00,170.00,
CFC-CUD-EAC,12024,Custard Danish,freshcream cake,internal,,Custard Danish,OD400,0.00,28.00,
CFC-CUS-EAC,12025,Custard Slice,freshcream cake ,internal,,Custard Slice,OD400,0.00,28.00,
CFC-EF1-1M,0,BD 1M X500 FC Eggless,freshcream 1mx 500,internal,,BD 1M X500 FC Eggless,OD400,0.00,"3,500.00",
CFC-EMT-EACH,0,Eggless Milk Tartlet,freshcream cake,internal,,Eggless Milk Tartlet,OD400,0.00,28.00,
CFC-FBF-EAC,12004,FC Black Forest Gateaux,freshcream cake,internal,,FC Black Forest Gateaux,OD400,0.00,290.00,
CFC-FBG-EAC,12002,FC Birthday Gateaux,freshcream cake,internal,,FC Birthday Gateaux,OD400,0.00,130.00,
CFC-FCD-EAC,12015,Fresh Cream Doughnut,freshcream cake,internal,,Fresh Cream Doughnut,OD400,0.00,20.00,
CFC-FCE-EAC,12027,FC Eclair Chocolate,freshcream cakes,internal,,FC Eclair Chocolate,OD400,0.00,25.00,
CFC-FCG-EAC,12006,FC Chocolate Gateaux,freshcream cake,internal,,FC Chocolate Gateaux,OD400,0.00,140.00,
CFC-FCJ-EAC,12037,Christmas Freshcream Choc Gateaux,freshcream cake,internal,,Christmas Freshcream Choc Gateaux,OD400,0.00,180.00,
CFC-FCL-EAC,12010,FC Fresh Cream Slice,freshcream cake,internal,,FC Fresh Cream Slice,OD400,0.00,25.00,
CFC-FCM-EAC,12012,FC Lamington Chocolate,freshcream cake,internal,,FC Lamington Chocolate,OD400,0.00,25.00,
CFC-FCP-EAC,12030,FC Caramel Sponge,exotic cakes,internal,,FC Caramel Sponge,OD400,0.00,80.00,
CFC-FCR-EAC,12026,FC Croissant 80g,freshcream cake,internal,,FC Croissant 80g,OD400,0.00,25.00,
CFC-FCS-EAC,12014,FC Chocolate Swiss Roll,freshcream cake,internal,,FC Chocolate Swiss Roll,OD400,0.00,95.00,
CFC-FDD-EAC,8102,Cake Freshcream In Dome Eggless,freshcream cake,internal,,Cake Freshcream In Dome Eggless,OD400,0.00,100.00,
CFC-FDI-EAC,8101,Cake Buttercream In Dome Eggless,buttercream cake,internal,,Cake Buttercream In Dome Eggless,OD400,0.00,80.00,
CFC-FEB-EAC,30519,FC Eggless Birthday Gateaux,freshcream cake,internal,,FC Eggless Birthday Gateaux,OD400,0.00,180.00,
CFC-FEG-EAC,12007,FC Eggless Vanilla Gateaux,freshcream cake,internal,,FC Eggless Vanilla Gateaux,OD400,0.00,160.00,
CFC-FES-EAC,30621,FC Eggless Slice,freshcream cake,internal,,FC Eggless Slice,OD400,0.00,26.00,
CFC-FMS-EAC,12011,FC Milky Bar Slice,exotic cakes,internal,,FC Milky Bar Slice,OD400,0.00,18.00,
CFC-FRL-EAC,12013,FC Lamington Raspberry,freshcream cake,internal,,FC Lamington Raspberry,OD400,0.00,25.00,
CFC-FRM-EAC,0,Mini Jam TurnOvers,buttercream cake,internal,,Mini Jam TurnOvers,OD400,0.00,13.00,
CFC-FRU-010,10079,BD Fruit Cake 10,fruit cake,internal,,BD Fruit Cake 10,OD400,0.00,950.00,
CFC-FRU-012,10080,BDFruit Cake 12,fruit cake,internal,,BDFruit Cake 12,OD400,0.00,"1,000.00",
CFC-FRU-014,10081,BD Fruit Cake 14,fruit cake,internal,,BD Fruit Cake 14,OD400,0.00,"1,100.00",
CFC-FRU-016,10082,BD Fruit Cake 16,fruit cake,internal,,BD Fruit Cake 16,OD400,0.00,"1,150.00",
CFC-FRU-EAU,0,Fruit Cake Pieces Unwrapped,fruit cake,internal,,Fruit Cake Pieces Unwrapped,OD400,0.00,9.00,
CFC-FRU-EAW,0,Fruit Cake Pieces Wrapped,fruit cake,internal,,Fruit Cake Pieces Wrapped,OD400,0.00,12.00,
CFC-FSS-EAC,12031,FC Strawberry Sponge,freshcream cake,internal,,FC Strawberry Sponge,OD400,0.00,100.00,
CFC-MEG-EAC,12034,Mothers Day Eggless Freshcream Gateaux,freshcream cake,internal,,Mothers Day Eggless Freshcream Gateaux,OD400,0.00,180.00,
CFC-MFD-EAC,0,Mini FC D/N,freshcream cake,internal,,Mini FC D/N,OD400,0.00,14.00,
CFC-MFE-EAC,0,Mini Freshcream Eclairs,freshcream cakes,internal,,Mini Freshcream Eclairs,OD400,0.00,14.00,
CFC-MFG-EAC,12033,Mothers Day FC Choc Gateaux with rose and leaves,freshcream cakes,internal,,Mothers Day FC Choc Gateaux with rose and leaves,OD400,0.00,160.00,
CFC-MFL-EAC,0,Mini CreamPuffs,buttercream cake,internal,,Mini CreamPuffs,OD400,0.00,13.00,
CFC-MMT-EAC,0,Mini Milk Tart,freshcream cake,internal,,Mini Milk Tart,OD400,0.00,15.00,
CFC-MTA-EAC,12028,Milk Tart Large,freshcream cake,internal,,Milk Tart Large,OD400,0.00,55.00,
CFC-MTL-EAC,12029,Milk Tartlet,freshcream cakes,internal,,Milk Tartlet,OD400,0.00,24.00,
CFC-NOB-EAC,12032,No Bake Cake,freshcream cake,internal,,No Bake Cake,OD400,61.20,24.00,
CFR-CFR-012,30340,BD Round Fruitcake 12,fruit cake round,internal,,BD Round Fruitcake 12,OD400,0.00,"1,100.00",
CFR-CFR-014,30363,BD Round Fruitcake 14,fruit cak eround,internal,,BD Round Fruitcake 14,OD400,0.00,"1,200.00",
CFR-CFR-016,30364,BD Round Fruitcake 16,fruit cake round,internal,,BD Round Fruitcake 16,OD400,0.00,"1,300.00",
CFW-CAF-002,10100,BD WC Fruit 2 Layer,wedding cake,internal,,BD WC Fruit 2 Layer,OD400,0.00,"3,900.00",
CFW-CAF-003,10101,BD WC Fruit 3 Layer,wedding cake,internal,,BD WC Fruit 3 Layer,OD400,0.00,"4,900.00",
CLE-BGS-EAC,0,Betasan Gel Sanitizer Refills,consumables,external,,Betasan Gel Sanitizer Refills,OD400,140.00,,
CLE-MPP-EAC,0,Monthly Pest Control,pest control,external,,Monthly Pest Control,OD400,850.00,,
CLE-SOR-EAC,#N/A,#N/A,#N/A,#N/A,,Hx11 Soap Refills,OD400,110.00,,
CLE-VIB-EAC,0,Viper Boards,consumables,external,,Viper Boards,OD400,50.00,,
CNO-BC1-1X5,10083,BD Buttercream 1mx500,buttercream 1mx500,internal,,BD Buttercream 1mx500,OD400,0.00,"2,400.00",
CNO-BCB-016,10060,BD Buttercream 16 Bible,novelty,internal,,BD Buttercream 16 Bible,OD400,0.00,870.00,
CNO-BCB-018,10065,BD Buttercream 18 Bible,novelty,internal,,BD Buttercream 18 Bible,OD400,0.00,920.00,
CNO-BCB-020,10068,BD Buttercream 20 Bible,novelty,internal,,BD Buttercream 20 Bible,OD400,0.00,980.00,
CNO-BCE-1X5,0,BD Buttercream 1mx500 Eggless,buttercream cake 1mx500,internal,,BD Buttercream 1mx500 Eggless,OD400,0.00,"3,100.00",
CNO-BCH-016,10063,BD Buttercream 16 Heart,novelty,internal,,BD Buttercream 16 Heart,OD400,0.00,870.00,
CNO-BCH-018,10067,BD Buttercream 18 Heart,novelty,internal,,BD Buttercream 18 Heart,OD400,0.00,920.00,
CNO-BCH-020,10036,BD Buttercream 20 Heart,novelty,internal,,BD Buttercream 20 Heart,OD400,0.00,980.00,
CNO-BCS-014,10059,BD Buttercream 14 Soccer,novelty,internal,,BD Buttercream 14 Soccer,OD400,0.00,720.00,
CNO-BCS-016,10064,BD Buttercream 16 Soccer,novelty,internal,,BD Buttercream 16 Soccer,OD400,0.00,760.00,
CNO-BNY-018,10085,BD Mould On SL 18,novelty,internal,,BD Mould On SL 18,OD400,0.00,"1,500.00",
CNO-BUT-014,10057,BD Buttercream 14 Butterfly,novelty,internal,,BD Buttercream 14 Butterfly,OD400,0.00,950.00,
CNO-BUT-016,10062,BD Buttercream 16 Butterfly,novelty,internal,,BD Buttercream 16 Butterfly,OD400,0.00,"1,000.00",
CNO-CAS-018,10087,BD Castle,novelty,internal,,BD Castle,OD400,0.00,"1,700.00",
CNO-DHB-020,10167,BD Buttercream 20 Double Heart With Base,novelty,internal,,BD Buttercream 20 Double Heart With Base,OD400,0.00,"1,400.00",
CNO-DOLL-014,10058,BD Buttercream 14 Doll,novelty,internal,,BD Buttercream 14 Doll,OD400,0.00,870.00,
CNO-DOLL-016,10061,BD Buttercream 16 Doll,novelty,internal,,BD Buttercream 16 Doll,OD400,0.00,920.00,
CNO-FC1-1X5,10084,BD Freshcream 1mx500,freshcream 1mx 500,internal,,BD Freshcream 1mx500,OD400,0.00,"2,700.00",
CNO-FCB-016,30469,BD 16 Freshcream BIBLE,novelty,internal,,BD 16 Freshcream BIBLE,OD400,0.00,920.00,
CNO-FCB-018,10071,BD Freshcream 18 Bible,novelty,internal,,BD Freshcream 18 Bible,OD400,0.00,970.00,
CNO-FCB-020,10073,BD Freshcream 20 Bible,novelty,internal,,BD Freshcream 20 Bible,OD400,0.00,"1,050.00",
CNO-FCE-1X5,0,BD Freshcream 1m x 500 Eggless,freshcream cakes 1mx500 eggless,internal,,BD Freshcream 1m x 500 Eggless,OD400,0.00,"3,600.00",
CNO-FCH-016,10070,BD Freshcream 16 Heart,novelty,internal,,BD Freshcream 16 Heart,OD400,0.00,920.00,
CNO-FCH-018,10072,BD Freshcream 18 Heart,novelty,internal,,BD Freshcream 18 Heart,OD400,0.00,970.00,
CNO-FCH-020,10027,BD Freshcream 20 Heart,novelty,internal,,BD Freshcream 20 Heart,OD400,0.00,"1,050.00",
CNO-FCS-014,10069,BD Freshcream 14 Soccer,novelty,internal,,BD Freshcream 14 Soccer,OD400,0.00,760.00,
CNO-FCS-016,10074,BD Freshcream 16 Soccer,novelty,internal,,BD Freshcream 16 Soccer,OD400,0.00,800.00,
CNO-FSF-014,0,BD FC With Strawberries & Fence,novelty,internal,,BD FC With Strawberries & Fence,OD400,0.00,950,
CNO-SPI-018,10086,BD Spiderman On SL 18,novelty,internal,,BD Spiderman On SL 18,OD400,0.00,"1,600.00",
DRI- CZE-440,0,Coke Zero 440ml can,drink,external,,Coke Zero 440ml can,OD400,6.41,18.00,
DRI-AME-250ML,0,Americano Short,drink,internal,,Americano Short,OD400,0.00,25.00,
DRI-AME-350ML,0,Americano Tall,drink,internal,,Americano Tall,OD400,0.00,30.00,
DRI-APT-330,6.00105E+12,Appletiser 330ml CAN,drink,external,,Appletiser 330ml CAN,OD400,10.67,20.00,
DRI-BLI-EAC,0,Clover Bliss Double cream yogurt,ingredient,external,,Clover Bliss Double cream yogurt,OD400,29.57,15.00,
DRI-CBB-EAC,5.449E+12,Cappy Breakfast Blend 330ml,drink,external,,Cappy Breakfast Blend 330ml,OD400,11.29,20.00,
DRI-CFR=EAC,0,Coffee Freezo,drink,internal,,Coffee Freezo,OD400,0.00,4040,
DRI-CHA-350ML,0,Chai Latte Short,drink,internal,,Chai Latte Short,OD400,0.00,32.00,
DRI-CHF-250ML,0,Chocolate Freezo Short,drink,internal,,Chocolate Freezo Short,OD400,0.00,45.00,
DRI-CHF-350ML,0,Chocolate Freezo Tall,drink,internal,,Chocolate Freezo Tall,OD400,0.00,50.00,
DRI-CHL-EACH,0,Chai Latte Tall,drink,internal,,Chai Latte Tall,OD400,0.00,36.00,
DRI-COC-125,5.449E+12,Coca-Cola 1250ml,drink,external,,Coca-Cola 1250ml,OD400,0.00,12.00,
DRI-COC-1LT,5.449E+12,Coca-Cola 1L,drink,external,,Coca-Cola 1L,OD400,13.73,22.00,
DRI-COC-2LT,5.449E+12,Coca-Cola 2l,drink,external,,Coca-Cola 2l,OD400,21.72,30.00,
DRI-COC-300,2003,Coca-Cola 300ml Bottle,drink,external,,Coca-Cola 300ml Bottle,OD400,0.00,7.00,
DRI-COC-330,5.449E+12,Coca-Cola 300ml Can,drink,external,,Coca-Cola 300ml Can,OD400,8.98,15.00,
DRI-COC-500,5.449E+12,Coca-Cola 440ml Buddy,drink,external,,Coca-Cola 440ml Buddy,OD400,10.01,20.00,
DRI-COL-125,5.449E+12,Coca-Cola Light 1250ml,drink,external,,Coca-Cola Light 1250ml,OD400,9.67,12.00,
DRI-COL-225,0,Coke Light 2250ml,drink,external,,Coke Light 2250ml,OD400,15.10,28.00,
DRI-COL-2LT,5.449E+12,Coca-Cola Light 2l,drink,external,,Coca-Cola Light 2l,OD400,17.33,30.00,
DRI-COL-300C,5.49E+11,Coke 300ml Can,drink,external,,Coke 300ml Can,OD400,0.00,13.00,
DRI-COL-330,5.449E+12,Coca-Cola Light 330ml Can,drink,external,,Coca-Cola Light 330ml Can,OD400,9.17,15.00,
DRI-COL-500,5.449E+12,Coca-Cola Light 500ml,drink,external,,Coca-Cola Light 500ml,OD400,10.01,18.00,
DRI-COL-500ML,,Coke 500ml can,drink,external,,Coke 500ml can,OD400,9.17,18.00,
DRI-COR-250ML,0,Cortado Short,drink,internal,,Cortado Short,OD400,0.00,35.00,
DRI-COZ-2250,0,Coke Zero 2250ml,drink,external,,Coke Zero 2250ml,OD400,0.00,28.00,
DRI-COZ-2LT,5.449E+12,Coca-Cola Zero 2l,drink,external,,Coca-Cola Zero 2l,OD400,17.34,30.00,
DRI-COZ-330,5.449E+12,Coca-Cola Zero 300ml Can,drink,external,,Coca-Cola Zero 300ml Can,OD400,0.00,13.00,
DRI-COZ-500,5.449E+12,Coca-Cola Zero 500ml,ingredient,external,,Coca-Cola Zero 500ml,OD400,10.01,18.00,
DRI-CPP-EAC,5.449E+12,Cappy Passion Peach,drink,external,,Cappy Passion Peach,OD400,11.29,20.00,
DRI-CTP-330,5.449E+12,Cappy Trop Punch 330ml,drink,external,,Cappy Trop Punch 330ml,OD400,0.00,18.00,
DRI-ESS-250ML,0,Espresso Short,drink,internal,,Espresso  Short,OD400,0.00,22.00,
DRI-ESS-350ML,0,Espresso Tall,drink,internal,,Espresso Tall,OD400,0.00,26.00,
DRI-FAG-1LT,5.449E+13,Fanta Grape,drink,external,,Fanta Grape,OD400,10.29,22.00,
DRI-FAG-2LT,5.449E+12,Fanta Grape 2l,drink,external,,Fanta Grape 2l,OD400,18.03,30.00,
DRI-FAG-300,2004,Fanta Grape 300ml Bottle,drink,external,,Fanta Grape 300ml Bottle,OD400,6.63,9.00,
DRI-FAG-330,5.449E+12,Fanta Grape 300ml CAN,drink,external,,Fanta Grape 300ml CAN,OD400,6.41,13.00,
DRI-FAG-500,5.449E+12,Fanta Grape 440ml Buddy,drink,external,,Fanta Grape 440ml Buddy,OD400,8.83,20.00,
DRI-FAO-2LT,5.449E+12,Fanta Orange 2l,drink,external,,Fanta Orange 2l,OD400,19.48,30.00,
DRI-FAO-300,2008,Fanta Orange 300ml Bottle,drink,external,,Fanta Orange 300ml Bottle,OD400,0.00,7.00,
DRI-FAO-330,5.449E+12,Fanta Orange 300ml Can,drink,external,,Fanta Orange 300ml Can,OD400,9.17,15.00,
DRI-FAO-500,5.449E+12,Fanta Orange 440ml Buddy,drink,external,,Fanta Orange 440ml Buddy,OD400,10.01,20.00,
DRI-FAP-2LT,5.449E+12,Fanta Pineapple 2l,drink,external,,Fanta Pineapple 2l,OD400,18.75,30.00,
DRI-FAP-300,2007,Fanta Pine 300ml Bottle,drink,external,,Fanta Pine 300ml Bottle,OD400,0.00,9.00,
DRI-FAP-330,5.449E+12,Fanta Pineapple 330ml Can,drink,external,,Fanta Pineapple 330ml Can,OD400,0.00,15.00,
DRI-FAP-500,5.449E+12,Fanta Pineapple 440ml Buddy,drink,external,,Fanta Pineapple 440ml Buddy,OD400,9.29,20.00,
DRI-FAS-125,0,Fanta 1 litre,drink,external,,Fanta 1 litre,OD400,10.94,22.00,
DRI-FLW-250ML,0,Flat White Short,drink,internal,,Flat White Short,OD400,0.00,30.00,
DRI-FLW-350ML,0,Flat White Tall,drink,internal,,Flat White Tall,OD400,0.00,35.00,
DRI-FOC-500ML,5.449E+12,Fanta Orange Can 500ml,drink,external,,Fanta Orange Can 500ml,OD400,9.17,18.00,
DRI-FRT-250ML,0,Five Roses Tea Short,drink,internal,,Five Roses Tea Short,OD400,0.00,25.00,
DRI-FRT-350ML,0,Five Roses Tea Tall,drink,internal,,Five Roses Tea Tall,OD400,0.00,28.00,
DRI-GRA-330,6.00105E+12,Grapetiser 330ml Can,drink,external,,Grapetiser 330ml Can,OD400,10.67,20.00,
DRI-GRW-330,6.00105E+12,Grapetiser Wht 330ml Can,drink,external,,Grapetiser Wht 330ml Can,OD400,0.00,20.00,
DRI-HOC-250ML,0,Hot Chocolate Short,drink,internal,,Hot Chocolate Short,OD400,0.00,38.00,
DRI-HOC-350ML,0,Hot Chocolate Tall,drink,internal,,Hot Chocolate Tall,OD400,0.00,45.00,
DRI-IBR-125,0,Iron Brew1.25ml,drink,external,,Iron Brew1.25ml,OD400,0.00,12.00,
DRI-ICC-250ML,0,Iced Cappuccino Short,drink,internal,,Iced Cappuccino Short,OD400,0.00,32.00,
DRI-ICC-350ML,0,Iced Cappuccino Tall,drink,internal,,Iced Cappuccino Tall,OD400,0.00,38.00,
DRI-ICF-250ML,0,Iced Coffee Freezo Short,drink,internal,,Iced Coffee Freezo Short,OD400,0.00,40.00,
DRI-ICF-350ML,0,Iced Coffee Freezo Tall,drink,internal,,Iced Coffee Freezo Tall,OD400,0.00,45.00,
DRI-ICL-250ML,0,Iced Chai Latte Short,drink,internal,,Iced Chai Latte Short,OD400,0.00,40.00,
DRI-ICL-350ML,0,Iced Chai Latte Tall,drink,internal,,Iced Chai Latte Tall,OD400,0.00,45.00,
DRI-IRO-2LT,6.00113E+12,Iron Brew 2l,drink,external,,Iron Brew 2l,OD400,0.00,30.00,
DRI-IRO-300,2009,Iron Brew 300ml,drink,external,,Iron Brew 300ml,OD400,0.00,15.00,
DRI-IRO-330,5.449E+12,Iron Brew 330ml Can,drink,external,,Iron Brew 330ml Can,OD400,0.00,15.00,
DRI-KAPP-500ML,6.0013E+12,Clover Krush 100% Apple,juice,external,,Clover Krush 100% Apple,OD400,16.52,25.00,
DRI-KFF-500ML,6.0013E+12,Clover Krush 6 Fruit £ Fibre,juice,external,,Clover Krush 6 Fruit £ Fibre,OD400,17.39,25.00,
DRI-KOR-500ML,6.0013E+12,Clover Krush 100% Orange,juice,external,,Clover Krush 100% Orange,OD400,17.39,25.00,
DRI-LATT-250ML,0,Latte Short,drink,internal,,Latte Short,OD400,0.00,32.00,
DRI-MAC-250ML,0,Macchiato Short,drink,internal,,Macchiato Short,OD400,0.00,26.00,
DRI-MAC-350ML,0,Macchiato Tall,drink,internal,,Macchiato Tall,OD400,0.00,30.00,
DRI-MBU-EAC,0,OD Bubblegum Milkshake,drink,internal,,OD Bubblegum Milkshake,OD400,0.00,40.00,
DRI-MCH-EAC,0,OD Chocolate Milkshake,drink,internal,,OD Chocolate Milkshake,OD400,0.00,40.00,
DRI-MEN-500,5.06017E+12,Monster Engery 500ml,drink,external,,Monster Engery 500ml,OD400,15.70,25.00,
DRI-MLI-EAC,0,OD Lime Milkshake,drink,internal,,OD Lime Milkshake,OD400,0.00,40.00,
DRI-MML-500,5.06052E+12,Monster Mucho Logo 500ml,drink,external,,Monster Mucho Logo 500ml,OD400,15.70,25.00,
DRI-MOC-250ML,0,Mocha Short,drink,internal,,Mocha Short,OD400,0.00,40.00,
DRI-MOC-350ML,0,Mocha Tall,drink,internal,,Mocha Tall,OD400,0.00,45.00,
DRI-MOF-250ML,0,Mocha Freezo Short,drink,internal,,Mocha Freezo Short,OD400,0.00,50.00,
DRI-MOF-350ML,0,Mocha Freezo Tall,drink,internal,,Mocha Freezo Tall,OD400,0.00,55.00,
DRI-MON-330,5.06052E+12,Monster Original,drink,external,,Monster Original,OD400,15.70,25.00,
DRI-MST-EAC,0,OD Strawberry Milkshake,drink,internal,,OD Strawberry Milkshake,OD400,0.00,40.00,
DRI-MVA-EAC,0,OD Vanilla Milkshake,drink,internal,,OD Vanilla Milkshake,OD400,0.00,40.00,
DRI-OBS-EAC,0,OD Berry Smoothie,drink,internal,,OD Berry Smoothie,OD400,0.00,65.00,
DRI-OMS-EAC,0,OD Mango Smoothie,drink,internal,,OD Mango Smoothie,OD400,0.00,65.00,
DRI-OOM-EAC,0,OD Oreo Milkshake,drink,internal,,OD Oreo Milkshake,OD400,0.00,45.00,
DRI-OSP-EAC,0,OD Peanut Butter Smoothie,drink,internal,,OD Peanut Butter Smoothie,OD400,0.00,65.00,
DRI-PBB-EAC,54490482,Powerade Blueberry 500ml,drink,external,,Powerade Blueberry 500ml,OD400,11.44,20.00,
DRI-PGE-500,5.06052E+12,Predator Gold Energy Drink 500ml,drink,external,,Predator Gold Energy Drink 500ml,OD400,6.80,20.00,
DRI-PJI-EAC,90492488,Powerade Jagged Ice,drink,external,,Powerade Jagged Ice,OD400,11.44,20.00,
DRI-PNA-500ML,90492501,Powerade Naartjie,drink,external,,Powerade Naartjie,OD400,10.64,20.00,
DRI-PPL-EAC,0,Powerplay,drink,external,,Powerplay,OD400,0.00,20.00,
DRI-REB-EAC,9.00249E+12,Red Bull 250ml,drink,external,,Red Bull 250ml,OD400,13.04,25.00,
DRI-REC-350ML,0,Red Cappuccino,drink,external,,Red Cappuccino,OD400,0.00,40.00,
DRI-SCS-125,2017,Spar C/Soda 1250ml,drink,external,,Spar C/Soda 1250ml,OD400,0.00,12.00,
DRI-SCS-2LT,6.00113E+12,Spar C\Soda 2lt,drink,external,,Spar C\Soda 2lt,OD400,16.90,30.00,
DRI-SCS-300,5.449E+12,Spar C/Soda 300ml,drink,external,,Spar C/Soda 300ml,OD400,9.67,15.00,
DRI-SCS-330,5.449E+12,Spar C/Soda 330ml Can,drink,external,,Spar C/Soda 330ml Can,OD400,8.02,15.00,
DRI-SCS-500,5.449E+12,Spar Cream Soda 440ml Buddy,drink,external,,Spar Cream Soda 440ml Buddy,OD400,10.01,20.00,
DRI-SIB-125,2011,Spar Iron Brew 1250ml,drink,external,,Spar Iron Brew 1250ml,OD400,0.00,12.00,
DRI-SPI-500,,Sprite 500ml Can,drink,external,,Sprite 500ml Can,OD400,9.17,18.00,
DRI-SPN-125,2012,Spar Pine Nut 1250ml,drink,external,,Spar Pine Nut 1250ml,OD400,0.00,12.00,
DRI-SPN-2LT,5.449E+12,Spar Sparbry Pine Nut 2ltr,drink,external,,Spar Sparbry Pine Nut 2ltr,OD400,12.59,30.00,
DRI-SPR-125,5.449E+12,Sprite 1 litre,drink,external,,Sprite 1 litre,OD400,10.94,22.00,
DRI-SPR-2LT,5.449E+12,Sprite 2l,drink,external,,Sprite 2l,OD400,19.48,30.00,
DRI-SPR-300,5.449E+12,Sprite 300ml Can,drink,external,,Sprite 300ml Can,OD400,8.29,15.00,
DRI-SPR-330,5.449E+12,Sprite 330ml Can,drink,external,,Sprite 330ml Can,OD400,8.47,15.00,
DRI-SPR-440,5.449E+12,Sprite 400ml can,drink,external,,Sprite 400ml can,OD400,9.17,15.00,
DRI-SPR-500,5.449E+12,Sprite 440ml Buddy,drink,external,,Sprite 440ml Buddy,OD400,10.01,20.00,
DRI-SPZ-2LT,5.449E+12,Sprite Zero 2l,drink,external,,Sprite Zero 2l,OD400,0.00,30.00,
DRI-SPZ-330,5.449E+12,Sprite Zero 330ml Can,5rink,external,,Sprite Zero 330ml Can,OD400,0.00,15.00,
DRI-SPZ-500,5.449E+12,Sprite Zero 500ml,drink,external,,Sprite Zero 500ml,OD400,8.47,18.00,
DRI-SRB-500,5.449E+12,Sparletta Raspberry 440ml Buddy,drink,external,,Sparletta Raspberry 440ml Buddy,OD400,10.01,20.00,
DRI-SSB-125,6.00113E+12,Sparletta 1250ml,drink,external,,Sparletta 1250ml,OD400,0.00,12.00,
DRI-SSB-2LT,6.00113E+12,Spar Sparberry 2LTR,drink,external,,Spar Sparberry 2LTR,OD400,16.90,30.00,
DRI-SSB-330,5.449E+12,Spar Sparbry 300ml Can,drink,external,,Spar Sparbry 300ml Can,OD400,9.67,13.00,
DRI-SST-330,5.449E+12,Spar Stoney 330ml Can,drink,external,,Spar Stoney 330ml Can,OD400,7.28,15.00,
DRI-STO-125,5.449E+12,Stoney 1 litre,drink,external,,Stoney 1 litre,OD400,10.94,22.00,
DRI-STO-2LT,6.00113E+12,Stoney Ginger Beer 2lt,drink,external,,Stoney Ginger Beer 2lt,OD400,19.48,30.00,
DRI-STO-440,5.449E+12,Stoney 400ml can,drink,external,,Stoney 400ml can,OD400,9.17,15.00,
DRI-STO-500,5.449E+12,Stoney -gingerbeer 440ml Buddy,drink,external,,Stoney -gingerbeer 440ml Buddy,OD400,10.01,20.00,
DRI-STW-EAC,30607,Still Water,drink,external,,Still Water,OD400,0.00,15.00,
DRI-TWG-2LT,5.449E+12,Twist Gran 2l,drink,external,,Twist Gran 2l,OD400,12.59,30.00,
DRI-TWG-300,2016,Twist Gran 300ml,drink,external,,Twist Gran 300ml,OD400,0.00,15.00,
DRI-TWG-330,5.449E+12,Twist Gran 300ml Can,drink,external,,Twist Gran 300ml Can,OD400,6.63,15.00,
DRI-TWG-500,5.449E+12,Twist Gran 440ml Buddy,drink,external,,Twist Gran 440ml Buddy,OD400,9.29,20.00,
DRI-TWL-2LT,5.449E+12,Twist Lemon 2l,drink,external,,Twist Lemon 2l,OD400,12.59,30.00,
DRI-TWL-330,5.449E+12,Twist Lemon 300ml Can,drink,external,,Twist Lemon 300ml Can,OD400,8.29,15.00,
DRI-TWL-500,40822747,Twist Lemon 500ml,drink,external,,Twist Lemon 500ml,OD400,9.29,18.00,
DRI-VAF-EAC,0,Vanilla Freezo,drink,internal,,Vanilla Freezo,OD400,0.00,40,
DRI-WTF-2LTR,5.449E+12,Fanta What The Flavour 2litre,drink,external,,Fanta What The Flavour 2litre,OD400,0.00,30.00,
JUI- FNB-500ML,6.0013E+12,Juice Krush Fruit Nectar 500ml,juice,external,,Juice Krush Fruit Nectar 500ml,OD400,0.00,25.00,
JUI-EBL-500,6.00132E+12,Energade 500ml Blueberry,drink,external,,Energade 500ml Blueberry,OD400,8.33,20.00,
JUI-EGR-500,6.00132E+12,Energade 500ml Grape,drink,external,,Energade 500ml Grape,OD400,9.42,20.00,
JUI-ELL-500,6.00132E+12,Energade 500ml Lemon & Lime,drink,external,,Energade 500ml Lemon & Lime,OD400,0.00,20.00,
JUI-EMB-500,6.00132E+12,Energade 500ml Mixed Berry,drink,external,,Energade 500ml Mixed Berry,OD400,8.33,20.00,
JUI-ENA-500,6.00132E+12,Energade 500ml Naartjie,drink,external,,Energade 500ml Naartjie,OD400,7.25,20.00,
JUI-ENO-500,6.00132E+12,Energade 500ml Orange,drink,external,,Energade 500ml Orange,OD400,0.00,20.00,
JUI-ETR-500,6.00132E+12,Energade 500ml Tropical,drink,external,,Energade 500ml Tropical,OD400,8.33,20.00,
JUI-KRM-500ML,6.0013E+12,Clover Krush 100% Mango,juice,external,,Clover Krush  100% Mango,OD400,17.39,25.00,
JUI-ORA-2LT,6.0013E+12,Juice 2l Orange Nectar,juice,external,,Juice 2l Orange Nectar,OD400,20.86,32.00,
JUI-ORA-500,6.0013E+12,Juice 500ml Orange Nectar,juice,external,,Juice 500ml Orange Nectar,OD400,11.30,16.00,
JUI-TRO-500,6.0013E+12,Tropika 500ml Orange,juice,external,,Tropika 500ml Orange,OD400,12.17,20.00,
JUI-TRP-500,6.0013E+12,Tropika 500ml Pineapple,juice,external,,Tropika 500ml Pineapple,OD400,12.17,20.00,
Lamb Samoosa,,Lamb Samoosa,savoury,external,,Lamb Samoosa,OD400,0.00,8.00,
MIL-ALM-EAC,0,Almond Milk,ingredient,external,,Almond Milk,OD400,0.00,10.00,
MIL-MFC-1LT,6.0013E+12,Milk 1l Full Cream,ingredient,external,,Milk 1l Full Cream,OD400,19.00,30.00,
MIL-MFC-250,6.0013E+12,Milk 250ml Full Cream,ingredients,external,,Milk 250ml Full Cream,OD400,9.50,18.00,
MIL-MFC-500,6.0013E+12,Milk 500ml Full Cream,miscellaneous,external,,Milk 500ml Full Cream,OD400,11.71,16.00,
MIL-OAT-EAC,0,Oat Milk,ingredient,external,,Oat Milk,OD400,0.00,10.00,
MIL-SMB-EAC,6.0013E+12,Super M 300ml Banana,drink,external,,Super M 300ml Banana,OD400,11.30,18.00,
MIL-SMC-EAC,6.0013E+12,Super M 300ml Chocolate,drink,external,,Super M 300ml Chocolate,OD400,11.30,18.00,
MIL-SMO-EAC,6.0013E+12,Super M 300ml Cream Soda,drink,external,,Super M 300ml Cream Soda,OD400,11.30,18.00,
MIL-SMS-EAC,6.0013E+12,Super M 300ml Strawberry,drink,external,,Super M 300ml Strawberry,OD400,11.30,18.00,
MIL-SOY-EAC,0,Soy Milk,ingredient,external,,Soy Milk,OD400,0.00,10.00,
MIS - CCB-12,0,Colour Cream - 12'',miscellaneous,internal,,Colour Cream - 12'',OD400,0.00,80.00,
MIS - SCB-KGR,0,Solid Colour Buttercream,miscellaneous,internal,,Solid Colour Buttercream,OD400,0.00,100,
MIS- CCB-14,0,Colour Cream - 14'',miscellenous,internal,,Colour Cream - 14'',OD400,0.00,80.00,
MIS- FIT-EAC,0,Happy Anniversary Cake Topper,miscellaneous,external,,Happy Anniversary Cake Topper,OD400,52.17,100.00,
MIS- FON-EAC,0,Fondant Writing,miscellenous,internal,,Fondant Writing,OD400,0.00,150.00,
MIS-ACC-EAC,0,Plastic Icing Baby Accessory Set,miscellaneous,external,,Plastic Icing Baby Accessory Set,OD400,0.00,60.00,
MIS-AES-EACH,0,Additional Espresso Shot,miscellenous,internal,,Additional Espresso Shot,OD400,0.00,10,
MIS-API-EAC,30421,Picture,ingredient,external,,Picture,OD400,0.00,90.00,
MIS-BAB-EAC,0,Plastic icing Baby with blanket,miscellaneous,internal,,Plastic icing Baby with blanket,OD400,0.00,40.00,
MIS-BGM-EAC,30540,Bride & Groom Meduim,miscellaneous,external,,Bride & Groom Meduim,OD400,0.00,80.00,
MIS-BGS-EAC,30541,Bride & Groom Small,miscellenous,external,,Bride & Groom Small,OD400,0.00,60.00,
MIS-BOO-EAC,0,Plastic icing Booties,miscellenous,internal,,Plastic icing Booties,OD400,0.00,60.00,
MIS-CAN-EAC,30516,Cancellation,miscellaneous,internal,,Cancellation,OD400,0.00,30.00,
MIS-CAT-EAC,0,Cake Toppers Acyrlic,miscellenous,external,,Cake Toppers Acyrlic,OD400,52.17,120,
MIS-CBC-BDC,0,Chocolate Buttercream -Birthday Cake,miscellaneous,internal,,Chocolate Buttercream -Birthday Cake,OD400,0.00,30.00,
MIS-CCB-16,0,Colour Cream - 16'',miscellenous,internal,,Colour Cream - 16'',OD400,0.00,120.00,
MIS-CCB-18,0,Colour Cream - 18'',miscellenous,internal,,Colour Cream - 18'',OD400,0.00,120.00,
MIS-CCB-20,0,Colour Cream - 20'',miscellenous,internal,,Colour Cream - 20'',OD400,0.00,180.00,
MIS-CCB-22,0,Colour Cream - 22'',miscellaneous,internal,,Colour Cream - 22'',OD400,0.00,180.00,
MIS-CHA-EAC,0,Service Charge for Changes,miscellaneous,internal,,Service Charge for Changes,OD400,0.00,20.00,
MIS-CHT-EAC,0,Figure Cake Topper,miscellenous,external,,Figure Cake Topper,OD400,0.00,100.00,
MIS-CHW-EAC,30523,Choc Writing,miscellaneous,internal,,Choc Writing,OD400,0.00,20.00,
MIS-CSA-(6S),0,Candle Assorted Sparkle (6s),candle,external,,Candle Assorted Sparkle (6s),OD400,0.00,100.00,
MIS-CSG-(6s),0,Candle Sparkle Gold (6s),candle,external,,Candle Sparkle Gold (6s),OD400,0.00,100.00,
MIS-CUP-EAC,8016,Foam Cups 250ml,miscellaneous,external,,Foam Cups 250ml,OD400,0.30,1.00,
MIS-CWR-EAC,0,Customised Writing,miscellaneous,internal,,Customised Writing,OD400,0.00,10.00,
MIS-DAO-EAC,0,Day Old Cakes,miscellenous,internal,,Day Old Cakes,OD400,0.00,8.00,
MIS-DBC-012,23002,Dbl Choc 12,miscellaneous,internal,,Dbl Choc 12,OD400,0.00,20.00,
MIS-DBC-014,24002,Dbl Choc 14,miscellaneous,internal,,Dbl Choc 14,OD400,0.00,20.00,
MIS-DBC-016,25002,Dbl Choc 16,miscellaneous,internal,,Dbl Choc 16,OD400,0.00,20.00,
MIS-DBC-018,26002,Dbl Choc 18,miscellaneous,internal,,Dbl Choc 18,OD400,0.00,25.00,
MIS-DBC-020,27002,Dbl Choc 20,miscellaneous,internal,,Dbl Choc 20,OD400,0.00,25.00,
MIS-DBC-022,28002,Dbl Choc 22,miscellaneous,internal,,Dbl Choc 22,OD400,0.00,25.00,
MIS-DEL-EAC,0,Delivery,miscellaneous,internal,,Delivery,OD400,30.43,,
MIS-DOR-EAC,30856,Oven Delights Flags,consumables,internal,,Oven Delights Flags,OD400,800.00,15.00,
MIS-DOS-EAC,8202,Day Old Scones,miscellaneous,internal,,Day Old Scones,OD400,0.00,17.00,
MIS-EPO-EAC,30422,Edible Picture Only,miscellaneous,external,,Edible Picture Only,OD400,0.00,200.00,
MIS-FCB-EAC,0,Balloons -Foil Character,miscellenous,external,,Balloons -Foil Character,OD400,0.00,50.00,
MIS-FFL-EAC,0,Fresh Flowers Each,miscellenous,external,,Fresh Flowers  Each,OD400,0.00,30.00,
MIS-FGB-EAC,0,Balloons-Foil General,miscellaneous,external,,Balloons-Foil General,OD400,0.00,50.00,
MIS-FMG-EAC,0,Balloons- Foil Number Gold,miscellenous,external,,Balloons- Foil Number Gold,OD400,0.00,100.00,
MIS-FNG-EAC,0,Balloons- Foil Number Rose Gold,miscellenous,external,,Balloons- Foil Number Rose Gold,OD400,0.00,100.00,
MIS-FNR-EAC,0,Balloons-Foil Number Rainbow Splash,miscellenous,external,,Balloons-Foil Number Rainbow Splash,OD400,0.00,100.00,
MIS-FNS-EAC,0,Balloons- Foil Number Silver,miscellaneous,external,,Balloons- Foil Number Silver,OD400,0.00,100.00,
MIS-FNW-EAC,0,Balloons-Foil Number White Gold,packaging,external,,Balloons-Foil Number White Gold,OD400,0.00,100.00,
MIS-GBE-EAC,8017,Gold Beads,miscellaneous,external,,Gold Beads,OD400,0.00,10.00,
MIS-GWR-EAC,30521,Gold Writing,miscellaneous,external,,Gold Writing,OD400,0.00,20.00,
MIS-HBT-EAC,0,Happy Birthday Cake Topper,miscellaneous,external,,Happy Birthday Cake Topper,OD400,52.17,100.00,
MIS-HEL-5LTR,0,Heluim Small Cylinder,consumables,external,,Heluim Small Cylinder,OD400,0.00,,
MIS-HEL-LAR,0,Heluim Large,miscellaneous,external,,Heluim Large,OD400,24.35,100.00,
MIS-HEL-SML,0,Heluim Small,miscellenous,external,,Heluim Small,OD400,14.78,50.00,
MIS-LEA-EAC,8018,Leaves,miscellaneous,external,,Leaves,OD400,0.00,3.00,
MIS-MAT-EAC,60069795,Matches,consumables,external,,Matches,OD400,34.00,1.00,
MIS-MGR-EAC,8035,Rib Metallic Gold,miscellaneous,external,,Rib Metallic Gold,OD400,0.00,20.00,
MIS-MSR-EAC,8036,Rib Metallic Silver,miscellaneous,external,,Rib Metallic Silver,OD400,0.00,20.00,
MIS-MVU-EAC,8032,Mvutu,miscellaneous,external,,Mvutu,OD400,0.00,6.00,
MIS-NOV-EAC,30524,Novelities Sets,miscellaneous,external,,Novelities Sets,OD400,0.00,120.00,
MIS-OOH-EACH,0,Overheads,consumables,external,,Overheads,OD400,0.00,,
MIS-PLA-EAC,8019,Plasters,consumables,external,,Plasters,OD400,0.00,0.80,
MIS-RAS-EACH,0,Rakhi String,miscellenous,external,,Rakhi String,OD400,20.00,30.00,
MIS-RIP-EAC,10299,Ribbon Picture,ingredient,external,,Ribbon Picture,OD400,0.00,150,
MIS-RMV-EAC,8033,Mvutu Rainbow,miscellaneous,external,,Mvutu Rainbow,OD400,0.00,5.00,
MIS-ROS-EAC,8020,Roses,miscellaneous,external,,Roses,OD400,0.00,12.00,
MIS-SBE-EAC,8030,Silver Beads,miscellaneous,external,,Silver Beads,OD400,0.00,10.00,
MIS-SCB-EAC,0,Balloons- Stick Character,miscellenous,external,,Balloons- Stick Character,OD400,0.00,50.00,
MIS-SDC-EAC,30515,Same Day Charge,miscellaneous,external,,Same Day Charge,OD400,0.00,30.00,
MIS-SGA-EAC,8026,Sign H.A. Gold,miscellaneous,external,,Sign H.A. Gold,OD400,0.00,10.00,
MIS-SGB-EAC,8028,Sign H.B. Gold,miscellaneous,external,,Sign H.B. Gold,OD400,0.00,10.00,
MIS-STG-EAC,0,Balloons-Stick General,miscellaneous,external,,Balloons-Stick General,OD400,0.00,50.00,
MIS-SWR-EAC,30522,Silver Writing,miscellaneous,external,,Silver Writing,OD400,0.00,15.00,
MIS-WHC-EAC,0,Additional Whipped Cream,miscellaneous,external,,Additional Whipped Cream,OD400,0.00,7.00 ,
MIS-XSR-EAC,0,Xmas Sticker Scroll English,miscellaneous,external,,Xmas Sticker Scroll English,OD400,0.00,,
PAC -F3D-EAC,0,F3 Double Wall Pie box,packaging,external,,F3 Double Wall Pie box,OD400,0.00,,
PAC- BTL-EACH,0,Bag Brown Thrifty Paper Bag Large,packaging,external,,Bag Brown Thrifty Paper Bag Large,OD400,2.40,,
PAC- CUC-350ML,0,Cup Clear 350ML,packaging,external,,Cup Clear 350ML,OD400,0.00,,
PAC- HAB-EAC,0,Hamburger Base Black F60,packaging,external,,Hamburger Base Black F60,OD400,0.24,,
PAC- LIC- 350ML,0,Lids Clear 350ML,packaging,external,,Lids Clear 350ML,OD400,0.00,,
PAC- MIN-EAC,0,Cup Cake Boxes With Inserts,packaging,external,,Cup Cake Boxes With Inserts,OD400,0.00,,
PAC- NAB-EAC,0,Name Badges,consumables,external,,Name Badges,OD400,20.00,,
PAC- SDL-EAC,0,Square Desert Lid,packaging,external,,Square Desert Lid,OD400,1.02,,
PAC-083-EAC,0,83X54X300 30mic,packaging,external,,83X54X300 30mic,OD400,0.35,,
PAC-083-EAC,0,83X54X300 30mic,packaging,external,,83X54X300 30mic,OD400,0.35,,
PAC-12X-EAC,30254,12x12x6,packaging,external,,12x12x6,OD400,12.86,,
PAC-14X-EAC,30255,14X14X6,packaging,external,,14X14X6,OD400,13.35,,
PAC-16X-EAC,30256,16x16x6,packaging,external,,16x16x6,OD400,15.79,,
PAC-18H-EAC,30257,18X18X5 High,packaging,external,,18X18X5 High,OD400,14.44,,
PAC-18X-EAC,30258,18X18X6,packaging,external,,18X18X6,OD400,19.27,,
PAC-196-EAC,30267,196T swissroll folder,packaging,external,,196T swissroll folder,OD400,1.85,,
PAC-200-EAC,30291,Foil Container 100 (200IL),packaging,external,,Foil Container 100 (200IL),OD400,0.32,,
PAC-20H-EAC,30266,20X20X5 High,packaging,external,,20X20X5 High,OD400,0.00,,
PAC-20X-EAC,30259,20X20X6,packaging,external,,20X20X6,OD400,28.57,,
PAC-214-EAC,0,214 Gateaux Dome,packaging,external,,214 Gateaux Dome,OD400,3.02,,
PAC-215-EAC,30706,215 Gateaux Base,packaging,external,,215 Gateaux Base,OD400,1.61,,
PAC-225-EAC,30804,225X270X30MIC Scone bag medium,packaging,external,,225X270X30MIC Scone bag medium,OD400,0.27,,
PAC-260-EAC,30806,260*450*25mic,packaging,external,,260*450*25mic,OD400,0.22,,
PAC-300-EAC,30292,Foil Container 100 (3001P),packaging,external,,Foil Container 100 (3001P),OD400,1.27,,
PAC-310-EAC,30808,310*450*30mic,packaging,external,,310*450*30mic,OD400,0.53,,
PAC-315-EAC,30268,315 bar one dome,packaging,external,,315 bar one dome,OD400,3.30,,
PAC-317-EAC,30269,317 bar one base,packaging,external,,317 bar one base,OD400,2.00,,
PAC-400-EAC,30807,250*400*40mic Rolls large,packaging,external,,250*400*40mic Rolls large,OD400,0.48,,
PAC-405-EAC,30287,4051 foil container,packaging,external,,4051 foil container,OD400,1.12,,
PAC-419-EAC,30692,4191 Foil Container,packaging,external,,4191 Foil Container,OD400,0.00,,
PAC-450-EAC,30805,250*450*30mic Naan exlarge,packaging,external,,250*450*30mic Naan exlarge,OD400,0.40,,
PAC-552-EAC,30801,5*5*2.5,packaging,external,,5*5*2.5,OD400,1.34,,
PAC-572-EAC,30737,5*5*2.5,packaging,external,,5*5*2.5,OD400,1.52,,
PAC-573-EAC,30827,5*7*3,packaging,external,,5*7*3,OD400,1.67,,
PAC-73D-EAC,30725,No 73D Foam Tray,packaging,external,,No 73D Foam Tray,OD400,0.35,,
PAC-773-EAC,30800,7*7*3 Diwali Boxes,packaging,external,,7*7*3 Diwali Boxes,OD400,2.63,,
PAC-835-EAC,30303,Bag 1000 83*54*300mm,packaging,external,,Bag 1000 83*54*300mm,OD400,0.00,,
PAC-882-EAC,0,8X8X2,packaging,external,,8X8X2,OD400,2.15,,
PAC-884-EAC,30486,8X8X4,packaging,external,,8X8X4,OD400,3.60,,
PAC-A34-EAC,30587,A34 Round Cake Dome,packaging,external,,A34 Round Cake Dome,OD400,1.80,,
PAC-A35-EAC,30588,A35 Round Cake Base,packaging,external,,A35 Round Cake Base,OD400,1.05,,
PAC-B75-EAC,0,K75 Base,packaging,external,,K75 Base,OD400,2.02,,
PAC-BAG-EAC,6.00968E+12,Bags 1000 White Midi,packaging,external,,Bags 1000 White Midi,OD400,0.74,1.00,
PAC-BAG-EAC,6.00968E+12,Bags 1000 White Midi,packaging,external,,Bags 1000 White Midi,OD400,0.74,,
PAC-BAG-JUM,6.00968E+12,Bags 1000 White Jumbo,packaging,external,,Bags 1000 White Jumbo,OD400,1.05,1.00,
PAC-BAG-JUM,6.00968E+12,Bags 1000 White Jumbo,packaging,external,,Bags 1000 White Jumbo,OD400,0.86,,
PAC-BBC-EAC,0,Bon Bon Biscuit Container,packaging,external,,Bon Bon Biscuit Container,OD400,1.94,,
PAC-BBL-EAC,0,Bon Bon Biscuit Lid,packaging,external,,Bon Bon Biscuit Lid,OD400,1.94,,
PAC-BEB-EAC,0,Empty Bandini Box,packaging,external,,Empty Bandini Box,OD400,8.00,,
PAC-BOR-EAC,30308,Bag on Roll (30x45),packaging,external,,Bag on Roll (30x45),OD400,0.08,,
PAC-BPB-EAC,0,Bag Brown Thrifty Paper Bag meduim,packaging,external,,Bag Brown Thrifty Paper Bag meduim,OD400,2.42,3.00,
PAC-BPB-EAC,0,Bag Brown Thrifty Paper Bag meduim,packaging,external,,Bag Brown Thrifty Paper Bag meduim,OD400,2.42,,
PAC-BRE-EAC,30533,Packaging New 76x91 Black Refuse,packaging,external,,Packaging New 76x91 Black Refuse,OD400,0.00,,
PAC-CHO-EAC,30249,Oven Delight Cake Box Choc,packaging,external,,Oven Delight Cake Box Choc,OD400,3.32,,
PAC-CON-EAC,0,7119P Foil container,packaging,external,,7119P Foil container,OD400,3.24,,
PAC-CUC-500ML,0,Cup Clear 500ML,packaging,external,,Cup Clear 500ML,OD400,0.00,,
PAC-D75-EAC,0,K75 Dome,packaging,external,,K75  Dome,OD400,1.45,,
PAC-DCW-EAC,0,High Window Box For Drip cake,packaging,external,,High Window Box For Drip cake,OD400,50.00,,
PAC-EPI-EAC,0,Faze 3 Boxes Empty for Pies,packaging,external,,Faze 3 Boxes Empty for Pies,OD400,20.90,,
PAC-F5B-EAC,0,F50 High Cake Base,packaging,external,,F50 High Cake Base,OD400,1.83,,
PAC-F5B-EAC,0,F50 High Cake Base,packaging,external,,F50 High Cake Base,OD400,1.83,,
PAC-F5D-EAC,0,F50 High Cake Dome,packaging,external,,F50 High Cake Dome,OD400,2.71,,
PAC-F5D-EAC,0,F50 High Cake Dome,packaging,external,,F50 High Cake Dome,OD400,2.71,,
PAC-FLP-EAC,0,Foil - Loaf Pan 4161P,packaging,external,,Foil - Loaf Pan 4161P,OD400,2.25,,
PAC-FOI-EAC,30290,Foil Buns 4051D,packaging,external,,Foil Buns 4051D,OD400,1.40,,
PAC-GP2-EAC,30300,Bag GP 2,packaging,external,,Bag GP 2,OD400,0.11,,
PAC-HAM-EAC,0,Hamburger Dome F60,packaging,external,,Hamburger Dome F60,OD400,1.10,,
PAC-K96-EAC,30280,K 96 milk tart domes,packaging,external,,K 96 milk tart domes,OD400,2.18,,
PAC-LCB-EAC,0,Laser Cut Box Only,packaging,external,,Laser Cut Box Only,OD400,0.00,,
PAC-LEV-EACH,0,EPR LEVY,packaging,external,,EPR LEVY,OD400,0.00,,
PAC-LIC-500ML,0,Lid Clear 500ML,packaging,external,,Lid Clear 500ML,OD400,0.00,,
PAC-LID-EAC,0,7119P Clear lids,packaging,external,,7119P Clear lids,OD400,2.07,,
PAC-LLB-EAC,0,Large Log Base,packaging,external,,Large Log Base,OD400,1.59,,
PAC-LLD-EAC,0,Large Log Dome,packaging,external,,Large Log Dome,OD400,2.40,,
PAC-MAD-EAC,0,Madeira Packaging Small B,packaging,external,,Madeira Packaging Small B,OD400,0.00,,
PAC-MAD-EAC,0,Madeira Packaging Small B,packaging,external,,Madeira Packaging Small B,OD400,0.00,,
PAC-MCC-350ML,0,Milkshake Cup 350ml,packaging,external,,Milkshake Cup 350ml,OD400,"1,280.00",,
PAC-MCL-350ML,0,Milkshake Cup Lids 350ml,packaging,external,,Milkshake Cup Lids 350ml,OD400,460.00,,
PAC-MFO-EAC,30282,Mince pie foil,packaging,external,,Mince pie foil,OD400,0.26,,
PAC-MIN-EAC,30293,Foil Container Mince Pie Tray,packaging,external,,Foil Container Mince Pie Tray,OD400,0.19,,
PAC-NDI-EAC,0,New Diwali Cake Boxes,packacing,external,,New Diwali Cake Boxes,OD400,0.00,,
PAC-P45-EAC,0,P45 Round platter,packaging,external,,P45 Round platter,OD400,10.33,,
PAC-PFB-EAC,0,Platter foil base,packaging,external,,Platter base,OD400,11.00,,
PAC-PLD-EAC,0,Platter Dome,packaging,external,,Platter Dome,OD400,8.00,30.00,
PAC-PTC-EAC,0,Paper Tulip Cups giant cup cakes,packaging,external,,Paper Tulip Cups giant cup cakes,OD400,0.81,,
PAC-REC-EAC,0,Rectangle Pie Foil,packaging,external,,Rectangle Pie Foil,OD400,0.55,,
PAC-REF-EAC,30492,Packaging Black Refuse,packaging,external,,Packaging Black Refuse,OD400,0.00,,
PAC-SDT-EAC,0,Square Desert Tub,packaging,external,,Square Desert Tub,OD400,1.25,,
PAC-SLI-70ML,0,Sauce Lids 70ml,packaging,external,,Sauce Lids 70ml,OD400,0.22,,
PAC-SO6-EAC,30299,Bag Brown BB3,packaging,external,,Bag Brown BB3,OD400,0.37,,
PAC-STR-EAC,30250,Oven Delight Cake Box Strbery,packaging,external,,Oven Delight Cake Box Strbery,OD400,2.87,,
PAC-STU-70ML,0,Sauce Tub 70ml,packaging,external,,Sauce Tub 70ml,OD400,0.35,,
PAC-SWI-EAC,30826,Swissroll Box,packaging,external,,Swissroll Box,OD400,5.50,,
PAC-TAL-EAC,0,GLUTEN FREE CHOC MOUSSE CAKE TUB,exotic cakes,internal,,GLUTEN FREE CHOC MOUSSE CAKE TUB,OD400,25.00,45,
PAC-VPC-EAC,0,Vinyl Print Coffee Boards,consumables,external,,Vinyl Print Coffee Boards,OD400,0.00,,
PAC-WIN-EAC,0,Windsor X-Small B,packaging,external,,Windsor X-Small B,OD400,0.00,,
PAC-WRG-EAC,0,Wrist Guard,consumables,external,,Wrist Guard,OD400,0.74,,
PAC-ZIP-EACH,0,Ziplock Bags,packaging,external,,Ziplock Bags,OD400,0.00,,
PIE -CSR-EAC,15002,OD Premium Chicken Tikka Sausage Roll,pie,external,,OD Premium Chicken Tikka Sausage Roll,OD400,12.77,28.00,
PIE-APP-KG,0,Pie Apple,ingredient,external,,Pie Apple,OD400,74.90,,
PIE-COD-EAC,15103,Pie OD Chicken & Mushroom,pie,internal,,Pie OD Chicken & Mushroom,OD400,13.50,30.00,
PIE-CPP-EAC,15007,Pie Chicken Peri Peri,pie,external,,Pie Chicken Peri Peri,OD400,16.85,30.00,
PIE-MSR-EAC,15001,OD Premium Mutton Oriental Sausage Roll,pie,external,,OD Premium Mutton Oriental Sausage Roll,OD400,7.80,28.00,
PIE-ODM-EAC,15101,Pie OD Mutton Curry,pie,internal,,Pie OD Mutton Curry,OD400,0.00,35.00,
PIE-PPS-EAC,15009,Pie Pepper Steak,pie,internal,,Pie Pepper Steak,OD400,16.85,30.00,
PIE-SAF-EAC,15005,Pie Spinach & Feta,pie,external,,Pie Spinach & Feta,OD400,14.95,30.00,
PIE-SAK-EAC,15010,Pie Steak & Kidney,pie,external,,Pie Steak & Kidney,OD400,16.85,30.00,
PIE-SRB-EACH,15105,Pie Sausage Roll( Beef),pie,external,,Pie Sausage Roll( Beef),OD400,16.85,30.00,
PIE-VEG-EAC,15004,Pie OD Vegetable,pie,internal,,Pie OD Vegetable,OD400,13.50,30.00,
PLA -SCO-EAC,0,Platter Scone Delight 18s,platter,internal,,Platter Scone Delight 18s,OD400,0.00,400.00,
PLA- MIX-EAC,0,Platter Mixy Delight,platter,internal,,Platter Mixy Delight,OD400,0.00,650.00,
PLA- PEM-EAC,0,Platter Mini Pecan Nut Tarts 24s,platter,internal,,Platter Mini Pecan Nut Tarts 24s,OD400,0.00,620.00,
PLA-CHE-EAC,0,Platter Cheeky Delight,platter,internal,,Platter Cheeky Delight,OD400,0.00,650.00,
PLA-CRM-EAC,0,Platter Mini Cream Puffs 24s,platter,internal,,Platter Mini Cream Puffs 24s,OD400,0.00,350.00,
PLA-CRO-EAC,0,Platter Croissant Delight 20s,platter,internal,,Platter Croissant Delight 20s,OD400,0.00,400.00,
PLA-ECM-EAC,0,Platter Mini Freshcream Eclairs,platter,internal,,Platter Mini Freshcream Eclairs,OD400,0.00,380.00,
PLA-FLM-EAC,0,Platter Mini Flakey Bits 24s,platter,internal,,Platter Mini Flakey Bits 24s,OD400,0.00,350.00,
PLA-FRM-EAC,0,Platter Mini Freshcream Donuts,platter,internal,,Platter Mini Freshcream Donuts,OD400,0.00,380.00,
PLA-JAM-EAC,0,Platter Mini Jam Turnovers 24s,platter,internal,,Platter Mini Jam Turnovers 24s,OD400,0.00,350.00,
PLA-MBD-EAC,0,Platter Mini Buttercream Donuts 24s,platter,internal,,Platter Mini Buttercream Donuts 24s,OD400,0.00,320.00,
PLA-MCD-EAC,0,Platter Mini Chocolate Donut 24s,platter,internal,,Platter Mini Chocolate Donut 24s,OD400,0.00,350.00,
PLA-MEA-EAC,0,Platter Meaty Delight,platter,internal,,Platter Meaty Delight,OD400,0.00,650.00,
PLA-MIM-EAC,0,Platter Mini Milk Tarts 24S,platter,internal,,Platter Mini Milk Tarts 24S,OD400,0.00,400.00,
PLA-MLP-EAC,0,Platter Mini Lamingtons 24s,platter,internal,,Platter Mini Lamingtons 24s,OD400,0.00,350.00,
PLA-MUFF- EAC,0,Platter Muffin Delight 30s,platter,internal,,Platter Muffin Delight 30s,OD400,0.00,380.00,
PLA-SMA-EAC,0,Platter Snacky Delight,platter,internal,,Platter Snacky Delight,OD400,0.00,650.00,
PLA-SNM-EAC,0,Platter Mini Snowballs 24s,platter,internal,,Platter Mini Snowballs 24s,OD400,0.00,350.00,
PLA-VEG-EAC,0,Platter Veggy Delights,platter,internal,,Platter Veggy Delights,OD400,0.00,600.00,
Plain Croissant,,Plain Croissant (3's),savoury,#N/A,,Plain Croissant (3's),OD400,0.00,45.00,
Puri and Patha,,Puri and Patha (3's),savoury,#N/A,,Puri and Patha (3's),OD400,0.00,45.00,
REP-BRE-EAC,0,Bread Slicer Blades,equipment,external,,Bread Slicer Blades,OD400,0.00,45.00,
SAV-CCS-EAC,0,Crumbed Chicken Samoosa,savoury,internal,,Crumbed Chicken Samoosa,OD400,0.00,12.00,
SAV-CJF-EAC,0,Frozen Cheese And Jalapeno,savoury,internal,,Frozen Cheese And Jalapeno,OD400,0.00,15.00,
SAV-CJR-EAC,0,Chicken & Jalapeno Rissoles,savoury,internal,,Chicken & Jalapeno Rissoles,OD400,0.00,8.00,
SAV-CSA-EAC,0,Chicken Samoosa,savoury,internal,,Chicken Samoosa,OD400,0.00,8.00,
SAV-FCR-EAC,0,Frozen Chicken Sausage Rolls,savoury,internal,,Frozen Chicken Sausage Rolls,OD400,0.00,15.00,
SAV-FFI-EAC,0,Frozen Fish Cake,savoury,internal,,Frozen Fish Cake,OD400,0.00,15.00,
SAV-FIS-EAC,0,Fish Cake,savoury,internal,,Fish Cake,OD400,0.00,8.00,
SAV-FJC-EAC,0,Frozen Chicken And Jalapeno,savoury,internal,,Frozen Chicken And Jalapeno,OD400,0.00,15.00,
SAV-FKE-EAC,0,Frozen Kebabs,savoury,internal,,Frozen  Kebabs,OD400,0.00,15.00,
SAV-FMV-EAC,0,Frozen Mix Veg Pie,savoury,internal,,Frozen Mix Veg Pie,OD400,0.00,15.00,
SAV-FPA-EACH,0,Frozen Patha Wheel,savoury,internal,,Frozen  Patha Wheel,OD400,0.00,15.00,
SAV-LMS-EAC,0,Lamb Mince Samoosa,savoury,internal,,Lamb Mince Samoosa,OD400,0.00,8.00,
SAV-PAS-EAC,0,Patha Samoosa,savoury,internal,,Patha Samoosa,OD400,0.00,12.00,
SAV-PUP-EAC,0,Puri Plain,savoury,internal,,Puri Plain,OD400,0.00,8.00,
SAV-RCJ-EAC,0,Cheese & Jalapeno Rissoles,savoury,internal,,Cheese & Jalapeno Rissoles,OD400,0.00,8.00,
SAV-RRC-EAC,0,Roti Roll Chicken,savoury,internal,,Roti Roll Chicken,OD400,0.00,25.00,
SAV-RRP-EAC,0,Roti Roll Potatoe,savoury,internal,,Roti Roll Potatoe,OD400,0.00,25.00,
SAV-SAM-EAC,0,Samoosa 3s,savoury,internal,,Samoosa  3s,OD400,0.00,20.00,
SAV-SCC-EAC,0,Cheese And Corn Samoosa,savoury,internal,,Cheese And Corn Samoosa,OD400,0.00,12.00,
SHP - JAL-EACH,9009,Jalebi 250g,shop front,external,,Jalebi 250g,OD400,70.00,100.00,
SHP- BAN-EAC,16055,Banana Loaf,shop front,internal,,Banana Loaf,OD400,199.00,50.00,
SHP- CRW-EAC,0,Roti Chicken Wrap,savoury,internal,,Roti Chicken Wrap,OD400,0.00,20,
SHP- GUL-1KG,0,Gulab Jamun 1kg,shop front,external,,Gulab Jamun 1kg,OD400,190.00,280.00,
SHP- GUL-4S,60001,Gulab Jamun 4s Pure Butter,shop front,external,,Gulab Jamun 4s Pure Butter,OD400,0.00,60.00,
SHP- IDH-32S,0,Idhli Platter 32s,platter,internal,,Idhli Platter 32s,OD400,0.00,350.00,
SHP- MOL-6S,0,DC Sweetmeats Mini Oval Laser Cut Wooden (6s),shop front,external,,DC Deluxe Mini Wooden  Laser Cut,OD400,65.00,170.00,
SHP- PRW-EAC,0,Roti Potatoe Wrap,savoury,internal,,Roti Potatoe Wrap,OD400,0.00,15,
SHP- RAE-EAC,16058,Eggless Rainbow Sponge Log,shop front,internal,,Eggless Rainbow Sponge Log,OD400,0.00,85.00,
SHP- SWEE-250G,0,DC Sweet Meats Assorted 250g,shop front,external,,DC Sweet Meats Assorted 250g,OD400,62.00,80.00,
SHP- TID-EAC,,DC Timeless Box,shop front,external,,DC Timeless Box,OD400,0.00,180.00,
SHP-AUA-EAC,9008,DC Authentic Assorted Sweetmeats 11 pieces,shop front,external,,DC Authentic Assorted Sweetmeats 11 pieces,OD400,110.00,200.00,
SHP-AUT-EAC,0,Authentic Ladoo,shop front,external,,Authentic Ladoo,OD400,190.00,160.00,
SHP-BCC-EAC,16041,Buttercream Christmas cakes,shop front,internal,,Buttercream Christmas cakes,OD400,0.00,50.00,
SHP-BCG-EAC,16042,ButterCream Christmas Gateaux,shop front,internal,,ButterCream Christmas Gateaux,OD400,0.00,150.00,
SHP-BDD-EAC,#N/A,#N/A,#N/A,#N/A,,DC Designer Diya Box,OD400,0.00,220.00,
SHP-BRB-400,30370,Bread Brown 400g,shop front,internal,,Bread Brown 400g,OD400,0.00,10.00,
SHP-BRB-400G,0,Bread Bunny Loaf 400g,shop front,internal,,Bread Bunny Loaf 400g,OD400,0.00,12.00,
SHP-BRB-800,13005,Sun Bread Brown 800g,shop front,internal,,Sun Bread Brown 800g,OD400,0.00,15.00,
SHP-BRG-EAC,16003,Bread Garlic 300g,shop front,internal,,Bread Garlic 300g,OD400,0.00,29.00,
SHP-BRO-EAC,0,Butter Roti (6s),shop front,internal,,Butter Roti (6s),OD400,0.00,45,
SHP-BRR-500,16004,Bread Tea Ring,shop front,internal,,Bread Tea Ring,OD400,0.00,36.00,
SHP-BRT-500,16005,Bread Tea Loaf 500g,shop front ,internal,,Bread Tea Loaf 500g,OD400,0.00,40.00,
SHP-BRW-400,30372,Bread White 400g,shop front,internal,,Bread White 400g,OD400,0.00,10.00,
SHP-BRW-800,13003,Sun Bread White 800,shop front,internal,,Sun Bread White 800,OD400,0.00,15.00,
SHP-BSC-EAC,16044,Butter Scones (4s),shop front,internal,,Butter Scones (4s),OD400,0.00,42.00,
SHP-BSP-24S,0,Butter Scone Platter 24s,platter,internal,,Butter Scone Platter 24s,OD400,0.00,500.00,
SHP-BTW-500,16007,Bread 500g Twist,shop front,internal,,Bread 500g Twist,OD400,0.00,19.00,
SHP-BUN-EAC,16008,Buns 100g Soft 6s,shop front,internal,,Buns 100g Soft 6s,OD400,0.00,27.00,
SHP-BUR-1KG,0,Burfee 1kg,shop front,internal,,Burfee 1kg,OD400,220.00,300.00,
SHP-BUR-KGR,0,Burfee 9pc,shop front,internal,,Burfee 9pc,OD400,72.00,100.00,
SHP-BVS-EAC,16009,BC Vanilla Swiss Roll,buttercream cake,internal,,BC Vanilla Swiss Roll,OD400,0.00,50.00,
SHP-CFI-EAC,16015,Christmas fruit Cake Round Iced,shop front,internal,,Christmas fruit Cake Round Iced,OD400,0.00,140.00,
SHP-CFP-EAC,16016,Christmas Fruit Cake Round Plain,shop front,internal,,Christmas Fruit Cake Round Plain,OD400,0.00,120.00,
SHP-CHA-1KG,0,Chana Magaj 1kg,shop front,internal,,Chana Magaj 1kg,OD400,220.00,300.00,
SHP-CHB-04S,30755,Chelsea Buns (6s),shop front,internal,,Chelsea Buns (6s),OD400,0.00,45.00,
SHP-CHO-PLN,16013,Chocolate Gateaux Plain,shop front,internal,,Chocolate Gateaux Plain,OD400,0.00,28.00,
SHP-CPN-EAC,16014,Carrot and Pecan Nut Slab,shop front,internal,,Carrot and Pecan Nut Slab,OD400,0.00,50.00,
SHP-CRB-06S,16017,Cream Buns 6s,shop front,internal,,Cream Buns 6s,OD400,0.00,45.00,
SHP-CRM-EAC,0,Christmas Round Mini Cake,shop front,internal,,Christmas Round Mini Cake,OD400,0.00,60.00,
SHP-CRO-06S,16018,Rolls 70g Soft Hotdog Cheese 6,shop front,internal,,Rolls 70g Soft Hotdog Cheese 6,OD400,0.00,40.00,
SHP-CSC-EAC,6.00165E+12,Chocolate Sponge Cake,shop front,internal,,Chocolate Sponge Cake,OD400,0.00,50.00,
SHP-CTP-EAC,0,Christmas Steamed Pudding,shop front,internal,,Christmas Steamed Pudding,OD400,0.00,180.00,
SHP-CTR-EAC,16020,Cocktail Rolls,shop front,internal,,Cocktail Rolls,OD400,0.00,30.00,
SHP-CWP-EAC,16038,Christmas Windsor Plain,shop front,internal,,Christmas Windsor Plain,OD400,0.00,140.00,
SHP-CWS-EAC,16049,Christmas Windsor Slice,shop front,internal,,Christmas Windsor Slice,OD400,0.00,110,
SHP-DBB-EAC,0,DC Diwali Bandhani Box,shop front,external,,DC  Bandhani Box (8s),OD400,62.00,95.00,
SHP-DCL-EAC,,DC Classic Box,shop front,external,,DC Classic Box,OD400,0.00,120.00,
SHP-DDB-EAC,0,DC Diwali Designer Biscuit,shop front,external,,DC Diwali Designer Biscuit,OD400,0.00,100.00,
SHP-DDD-EAC,0,DC Diwali Designer Burfee,shop front,external,,DC Diwali Designer Burfee,OD400,220.00,160.00,
SHP-DEB-EAC,,DC Exclusive Box,shop front,external,,DC Exclusive Box,OD400,0.00,380.00,
SHP-DEG-EAC,0,DC Diwali Eggless Cake,shop front,internal,,DC Diwali Eggless Cake,OD400,0.00,60.00,
SHP-DEM-EAC,,DC Elegant  Boxes,shop front,external,,DC Elegant  Boxes,OD400,100.00,230.00,
SHP-DIB-EACH,0,DC Authentic Diya Boxes,shop front,external,,DC Authentic Diya Boxes,OD400,145.00,200.00,
SHP-DJA-EAC,0,DC Diwali Jalebi,shop front,external,,DC Diwali Jalebi,OD400,70.00,100.00,
SHP-DLB-EAC,0,DC Diwali Large Bag,shop front,external,,DC Diwali Large Bag,OD400,77.00,40.00,
SHP-DLD-EAC,0,DC Diwali Large Designer Box,shop front,external,,DC Diwali Large Designer Box,OD400,115.00,180.00,
SHP-DMA-EAC,0,DC Majestic Box,shop front,external,,DC Diwali Macaroons (5s),OD400,65.00,100.00,
SHP-DMB-EAC,,DC Majestic Jewels Ganesha 595g,shop front,external,,DC Majestic Box,OD400,0.00,90.00,
SHP-DMJ-EAC,,#N/A,shop front,external,,DC Majestic Jewels Ganesha 595g,OD400,270.00,450.00,
SHP-DPB-EAC,0,DC Diwali Peacock Box,shop front,external,,DC Diwali Peacock Box,OD400,18.00,80.00,
SHP-DRO-EAC,16045,Dhall Roti (6s),shop front,external,,Dhall Roti (6s),OD400,0.00,40.00,
SHP-DSB-EAC,0,DC Diwali Small Bag,shop front,external,,DC Diwali Small Bag,OD400,50.00,30.00,
SHP-DVB-EAC,,DC Velvet Box n Bag Set,shop front,external,,DC Velvet Box n Bag Set,OD400,100.00,200.00,
SHP-FCE-EAC,0,Christmas Fruit Cake Eggless Round,shop front,internal,,Christmas Fruit Cake Eggless Round,OD400,0.00,190.00,
SHP-FLB-EAC,,DC Floral Large Box,shop front,external,,DC Floral Large Box,OD400,110.00,320.00,
SHP-FMB-EAC,,DC Floral Medium Box,shop front,external,,DC Floral Medium Box,OD400,75.00,150.00,
SHP-FRT-LRG,0,Five Roses Tea Tall,drink,external,,Five Roses Tea Tall,OD400,0.00,28.00,
SHP-FRT-SML,0,Five Roses Tea Small,drink,external,,Five Roses Tea Small,OD400,0.00,23.00,
SHP-GLC-EAC,0,DC Diwali Gold Laser Cut,shop front,external,,DC Diwali Gold Laser Cut,OD400,0.00,100.00,
SHP-HBU-EAC,16022,Hot x Buns 6s,shop front,internal,,Hot x Buns 6s,OD400,27.61,32.00,
SHP-ICL-LRG,0,Iced Coffee Large,drink,internal,,Iced Coffee Large,OD400,0.00,40.00,
SHP-IDH-EACH,60071,Idhli Pure Butter (4s),platter,internal,,Idhli Pure Butter (4s),OD400,0.00,40.00,
SHP-LAD-EAC,0,Ladoo 9 piece,shop front,internal,,Ladoo  9 piece,OD400,220.00,95.00,
SHP-LBS-EAC,,DC Lotus Box,shop front,external,,DC Lotus Box,OD400,45.00,90.00,
SHP-LEM-EAC,0,Lemon Loaf,shop front,internal,,Lemon Loaf,OD400,0.00,60.00,
SHP-LHS-375,9003,DC Large Hexagonal Deluxe Sweetmeats 375g,shop front,external,,DC Large Hexagonal Deluxe Sweetmeats 375g,OD400,0.00,270.00,
SHP-LJS-350,9004,DC Large Jewels Deluxe Sweetmeats 350g,shop front,external,,DC Large Jewels Deluxe Sweetmeats 350g,OD400,0.00,250.00,
SHP-MAD-EAC,16023,Madeira,shop front,internal,,Madeira,OD400,0.46,50.00,
SHP-MHS-165,9001,DC Mini Hexagonal Deluxe Sweetmeats 165g,shop front,external,,DC Mini Hexagonal Deluxe Sweetmeats 165g,OD400,0.00,140.00,
SHP-MIN-EAC,16024,Mince Pies,shop front,internal,,Mince Pies,OD400,0.00,50.00,
SHP-MJS-250,9002,DC Mini Jewels Deluxe Sweetmeats 250g,shop front,external,,DC Mini Jewels Deluxe Sweetmeats 250g,OD400,130.00,180.00,
SHP-MRO-EACH,16048,Brown Roti (6s),shop front,internal,,Brown Roti (6s),OD400,0.00,30.00,
SHP-NAA-EAC,16026,Naan 300g,shop front,internal,,Naan 300g,OD400,0.00,20.00,
SHP-PFC-4S,60074,Poli With Fresh Coconut 4s,shop front,external,,Poli With Fresh Coconut 4s,OD400,0.00,60.00,
SHP-POL-EAC,60072,Poli (4s),shop front,external,,Poli (4s),OD400,7.05,50.00,
SHP-PPP-30S,0,Puri Patha Platter 30s,shop front,internal,,Puri Patha Platter 30s,OD400,0.00,480.00,
SHP-RAI-EAC,16027,Rainbow Sponge Log,shop front,internal,,Rainbow Sponge Log,OD400,0.00,65.00,
SHP-RAL-EAC,16028,Raisin Loaf,shop front,internal,,Raisin Loaf,OD400,0.00,18.00,
SHP-RBS-EAC,#N/A,DC Ribbon Box,shop,external,,DC Ribbon Box,OD400,60.00,120.00,
SHP-RBT-LRG,0,Rooibos Tea Tall,drink,internal,,Rooibos Tea Tall,OD400,0.00,28.00,
SHP-RJS-595,9006,DC Rajasthani Jewel Sweetmeats 595g,shop front,external,,DC Rajasthani Jewel Sweetmeats 595g,OD400,0.00,360.00,
SHP-RLC-EAC,0,DC Diwali Round Clear Assorted,shop front,external,,DC Diwali PVC Sweetmeat with Bow n Sticker,OD400,120.00,160.00,
SHP-ROLL-06S,16029,Rolls 60g Soft Hotdog 6s,shop front,internal,,Rolls 60g Soft Hotdog 6s,OD400,0.00,18.00,
SHP-ROLL-12S,16030,Rolls 60g Soft Hotdog 12s,shop front,internal,,Rolls 60g Soft Hotdog 12s,OD400,0.00,36.00,
SHP-ROT-EAC,16046,Rotis 12s,shpo front,internal,,Rotis 12s,OD400,0.00,45.00,
SHP-SBB-EACH,0,DC Sweetmeats Boujee Burfee,shop front,external,,DC Bandhani Burfee Box (9s),OD400,77.00,100.00,
SHP-SBC-EAC,8050,Burfee Soji Cake,shop front,internal,,Burfee Soji Cake,OD400,0.00,130.00,
SHP-SCF-EAC,16032,Scones Fruit 4s,shop front,internal,,Scones Fruit 4s,OD400,0.00,40.00,
SHP-SCG-EAC,16034,Dome Buttercream Christmas Cake,shop front,internal,,Dome Buttercream Christmas Cake,OD400,0.00,40.00,
SHP-SCO-EAC,16033,Scones 4s,shop front,internal,,Scones 4s,OD400,0.00,38.00,
SHP-SDB-EAC,0,DC Diwali Small Designer Box,shop front,external,,DC Diwali Small Designer Box,OD400,75.00,130.00,
SHP-SPO-EACH,60073,Soji Poli (5s),shop front,external,,Soji Poli (5s),OD400,7.05,60.00,
SHP-SSC-EAC,6.00165E+12,Strawberry Sponge Cake,shop front,internal,,Strawberry Sponge Cake,OD400,0.00,50.00,
SHP-STE-EAC,0,Eggless Trifle Sponge,shop front,internal,,Eggless Trifle Sponge,OD400,0.00,90.00,
SHP-TLB-EAC,0,DC Traingle Lotus Box,shop front,external,,DC Traingle Lotus Box,OD400,0.00,210.00,
SHP-TRI-EAC,16035,Trifle Sponge,shop front,internal,,Trifle Sponge,OD400,0.00,30.00,
SHP-WIC-EAC,16037,Christmas Windsor iced,shop front,internal,,Christmas Windsor iced,OD400,0.00,70.00,
SNA-CHE-EAC,16047,Maya Spices Chevda 250g,snack,external,,Maya Spices Chevda 250g,OD400,44.00,60.00,
SNA-KMU-EAC,6.00966E+12,Kashmiri Murkoo,snack,external,,Kashmiri Murkoo,OD400,9.00,25.00,
SNA-LMP-EAC,13007,Murkoo Extra Large Plain,snack,external,,Murkoo Extra Large Plain,OD400,23.00,50.00,
SNA-LMS-EAC,0,Murkoo Extra Large,snack,external,,Murkoo Extra Large,OD400,23.00,50.00,
SNA-MOC-EAC,6.00165E+12,Murkoo Original Crunch,snack,external,,Murkoo Original Crunch,OD400,0.00,30.00,
SNA-MSF-EAC,30781,Murkoo sticks flavoured,snack,external,,Murkoo sticks flavoured,OD400,0.00,20.00,
SNA-MUS-EAC,5010,Murkoo Sticks,snack,external,,Murkoo Sticks,OD400,7.50,20.00,
SNA-NUT-60G,6.00285E+12,ralphies nutties 60g,snack,external,,ralphies nutties 60g,OD400,0.00,7.00,
SNA-PGA-EAC,4001,Papdi Ganthiya,snack,external,,Papdi Ganthiya,OD400,25.00,45.00,
SNA-PNM-EAC,30491,PNS Murkoo,snack,external,,PNS Murkoo,OD400,9.00,11.80,
SNA-PNT-EAC,6.00242E+12,PNS Traditional Murkoo,snack,external,,PNS Traditional Murkoo,OD400,7.40,9.50,
SNA-SAN-400,,Serve and Nuts 400g,snack,external,,Serve and Nuts 400g,OD400,26.00,50.00,
SNA-SAN-EAC,0,Serv & Nuts,snack,external,,Serv & Nuts,OD400,6.00,20.00,
SNA-SGA-EAC,0,Soft Gantia,snack,external,,Soft Gantia,OD400,0.00,55.00,
SPI-BPE-KGR,0,Spice- Whole Black Pepper,ingredient,external,,Spice- Whole Black Pepper,OD400,0.00,,
SPI-CIB-EAC,0,Spice Cook In Bag,ingredient,external,,Spice Cook In Bag,OD400,0.00,,
SPI-CIS-EAC,0,Spice - Cinnamon Sticks,ingredient,external,,Spice - Cinnamon Sticks,OD400,0.00,,
SPI-DHA-KGR,0,Spice- Dhania Powder,ingredient,external,,Spice- Dhania Powder,OD400,180.00,,
SPI-GAR-KGR,0,Spice-Garum Masala,ingredient,external,,Spice-Garum Masala,OD400,300.00,,
SPI-GIN-KGR,0,Ginger & Garlic,ingredient,external,,Ginger & Garlic,OD400,78.26,,
SPI-JEE-KGR,0,Spice - Mayas Jeera Powder,ingredient,external,,Spice - Mayas Jeera Powder,OD400,110.00,,
SPI-JEP-KGR,0,Spice Jeera Powder,ingredient,external,,Spice Jeera Powder,OD400,0.00,,
SPI-KNO-EAC,0,Spice- Knorrx Mutton Flavour 12s,ingredient,external,,Spice- Knorrx Mutton Flavour 12s,OD400,0.00,,
SPI-MAS-KGR,0,Spice- Chilli Powder,ingredient,external,,Spice- Chilli Powder,OD400,0.00,,
SPI-MIN-EAC,0,Spice - Mint,ingredient,external,,Spice - Mint,OD400,0.00,,
SPI-MIX-KGR,0,Spice- Mayas Mixed Masala,ingredient,external,,Spice- Mayas Mixed Masala,OD400,150.00,,
SPI-MSM-KGR,0,Manilal Special Mix Masala,ingredient,external,,Manilal Special Mix Masala,OD400,0.00,,
SPI-NOL-KGR,0,Nola Mayonaise,ingredient,external,,Nola Mayonaise,OD400,0.00,,
SPI-PAR-EAC,0,Parsley,ingredient,external,,Parsley,OD400,0.00,,
SPI-SVS-100G,0,SVS Spices 100g,ingredient,external,,SVS Spices 100g,OD400,0.00,35.00,
SPI-SVS-100G,0,SVS Spices 100g,ingredient,external,,SVS Spices 100g,OD400,0.00,,
SPI-SVS-150G,#N/A,#N/A,#N/A,#N/A,,SVS Spices 150g,OD400,0.00,40.00,
SPI-SVS-150G,#N/A,#N/A,#N/A,#N/A,,SVS Spices 150g,OD400,0.00,,
SPI-SVS-50G,0,SVS Spices 50g,ingredient,external,,SVS Spices 50g,OD400,0.00,25.00,
SPI-SVS-50G,0,SVS Spices 50g,ingredient,external,,SVS Spices 50g,OD400,0.00,,
SPI-THY-EACH,0,Spice - Fresh Thyme,ingredient,external,,Spice - Fresh Thyme,OD400,0.00,,
SPI-TUM-KGR,0,Spice Tumeric,ingredient,external,,Spice Tumeric,OD400,80.00,,
SRN-BCE-020,0,BD20 Buttercream Eggless Cake,buttercream square ,internal,,BD20 Buttercream Eggless Cake,OD400,0.00,"1,040.00",
SRN-CRM-016,0,Cream colour cream only - 16,miscellaneous,internal,,Cream colour cream only - 16,OD400,0.00,100.00,
SRN-FCE-020,0,BD 20 Fresh Cream Eggless cake,freshcream square eggless,internal,,BD 20 Fresh Cream Eggless cake,OD400,0.00,"1,120.00",
SRN-JAM-012,0,Strawberry Jam only - 12,miscellaneous,internal,,Strawberry Jam only - 12,OD400,0.00,100.00,
SRN-JAM-014,0,Strawberry Jam only - 14,miscellaneous,internal,,Strawberry Jam only - 14,OD400,0.00,120.00,
SRN-JAM-016,0,Strawberry Jam only - 16,miscellaneous,internal,,Strawberry Jam only - 16,OD400,0.00,140.00,
SRN-JAM-20,0,Strawberry Jam Only-20,miscellenous,internal,,Strawberry Jam Only-20,OD400,0.00,220.00,
SRN-PAI-EAC,0,Painting on Roses,miscellaneous,internal,,Painting on Roses,OD400,0.00,5.00,
SRN-PEA-014,0,Peach Slices Only 14,miscellaneous,internal,,Peach Slices Only 14,OD400,0.00,75.00,
SRN-PID-014,0,BD14' Round covered in plastic icing and daisies,novelty,internal,,BD14' Round covered in plastic icing and daisies,OD400,0.00,,
SRN-PLI-012,0,Plastic Icing Covering Only 12,miscellaneous,internal,,Plastic Icing Covering Only 12,OD400,0.00,500.00,
SRN-PLI-016,0,Plastic Icing Covering Only 16,miscellenous,internal,,Plastic Icing Covering Only 16,OD400,0.00,500.00,
SRN-STA-2TI,0,BD2 Tier Stack Sponge- Plastic Icing-12&14,novelty,internal,,BD2 Tier Stack Sponge- Plastic Icing-12&14,OD400,0.00,"2,500.00",
SRN-STA-3TI,,BD 3 Tier Stack Sponge- Plastic Icing 101214,novelty,internal,,BD 3 Tier Stack Sponge- Plastic Icing 101214,OD400,0.00,"3,600.00",
SWE-BOR-EAC,6.00963E+12,Masala Bor,sweet,external,,Masala Bor,OD400,0.00,6.00,
SWE-CRO-EAC,6.00961E+12,Chocolate Rocher,sweet,external,,Chocolate Rocher,OD400,0.00,8.00,
VEG-CHI-KGR,0,Green Chillies,ingredient,external,,Green Chillies,OD400,0.00,,
Water,0,Water,ingredient,external,,Water,OD400,0.00,,
XBF-BAN-EAC,30094,Fruit Banana,ingredient,external,,Fruit Banana,OD400,1.00,,
XBF-BAN-KGR,0,Banana Essence,ingredient,external,,Banana Essence,OD400,214.50,,
XBF-BAN-KGR,0,Banana Essence,ingredient,external,,Banana Essence,OD400,211.28,,
XBF-CHL-KGR,30084,Chellies Red Alpine,ingredient,external,,Chellies Red Alpine,OD400,40.90,,
XBF-CUT-KGR,30086,Fruit Cut Peel,ingredient,external,,Fruit Cut Peel,OD400,64.21,,
XBF-FMX-KGR,30089,Fruit Mix (Chipkins),ingredient,external,,Fruit Mix (Chipkins),OD400,26.38,,
XBF-PDA-KGR,0,Pitted Dates,ingredient,external,,Pitted Dates,OD400,0.00,,
XBF-PIE-KGR,30092,Fruit Pie Apples,ingredient,external,,Fruit Pie Apples,OD400,16.40,,
XBF-RWC-KGR,30669,Red Whole Cherries,ingredient,external,,Red Whole Cherries,OD400,71.21,,
XBR-BEB-1KGR,0,Berries Blend,ingredient,external,,Berries Blend,OD400,67.65,,
XBR-MDF-1KGR,0,Mango Diced Fruit,ingredient,external,,Mango Diced Fruit,OD400,97.92,,
XBR-TOM-KGR,0,Tomatoe Paste 3.06kg,ingredient,external,,Tomatoe Paste 3.06kg,OD400,0.00,,
XCH-CCB-KGR,30158,Chocolate Choco Blocks,ingredient,external,,Chocolate Choco Blocks,OD400,48.95,,
XCH-CCM-KGR,30157,Chocolate Chockex Chips Milk,ingredient,external,,Chocolate Chockex Chips Milk,OD400,66.66,,
XCH-CCW-KGR,30159,Chocolate Chockex Chips White,ingredient,external,,Chocolate Chockex Chips White,OD400,66.57,,
XCH-PMC-EAC,,Chocolate Peppermint Crisp,ingredient,external,,Chocolate Peppermint Crisp,OD400,18.72,,
XCH-POW-KGR,30238,Powder Cocoa,ingredient,external,,Powder Cocoa,OD400,125.84,,
XCH-TIN-KG,0,Tin Glide 5kg,ingredient,external,,Tin Glide 5kg,OD400,55.62,,
XCH-VER-KGR,30163,Vermicelli Chocolate,ingredients,external,,Vermicelli Chocolate,OD400,52.04,,
XCO-AES-LTR,0,Aniseed Essence,ingredients,external,,Aniseed Essence,OD400,123.57,,
XCO-BCR-KGR,0,Bread Crumbs,ingredient,external,,Bread Crumbs,OD400,210.55,,
XCO-BLA-KGR,30225,Black Jack,ingredient,external,,Black Jack,OD400,41.74,,
XCO-LEM-KGR,30164,Coloured Powder Lemon Yellow,ingredient,external,,Coloured Powder Lemon Yellow,OD400,160.29,,
XCO-PBL-KGR,30176,powder food colouring blue,ingredient,external,,powder food colouring blue,OD400,159.70,,
XCO-PGN-KGR,30175,Powder colouring green,ingredient,external,,Powder colouring green,OD400,160.00,,
XCO-PIL-KGR,30173,Pillar Box Red,ingredient,external,,Pillar Box Red,OD400,124.14,,
XCO-REG-EAC,30177,Red piping gel,ingredient,external,,Red piping gel,OD400,0.00,,
XCO-VES-LTR,30708,Vanilla Essence,ingredient,external,,Vanilla Essence,OD400,68.31,,
XCO-VES-LTR,30708,Vanilla Essence,ingredient,external,,Vanilla Essence,OD400,68.31,,
XDA-BERG-KGR,0,Berg Cheese,ingredient,external,,Berg Cheese,OD400,78.26,,
XDA-BUT-EAC,30756,Buttermilk,ingredient,external,,Buttermilk,OD400,40.36,,
XDA-CBF-KGR,0,Chicken Breast Fillet,ingredient,external,,Chicken Breast Fillet,OD400,49.49,,
XDA-CBF-KGR,0,Chicken Breast Fillet,ingredient,external,,Chicken Breast Fillet,OD400,49.49,,
XDA-CCS-KGR,30179,Cheese Cottage Smooth,ingredient,external,,Cheese Cottage Smooth,OD400,95.43,,
XDA-CHE-KGR,30562,Cheddar Cheese,ingredient,external,,Cheddar Cheese,OD400,101.67,,
XDA-CHI-EAC,0,Chicken Wings Drumettes,ingredient,external,,Chicken Wings Drumettes,OD400,82.61,,
XDA-CHI-EAC,0,Chicken Wings Drumettes,ingredient,external,,Chicken Wings Drumettes,OD400,105.00,,
XDA-CMO-KGR,,Cheese Feta,ingredient,external,,Cheese Feta,OD400,93.37,,
XDA-CRA-1KG,0,Crab Sticks,ingredient,external,,Crab Sticks,OD400,38.05,,
XDA-CRA-1KG,0,Crab Sticks,ingredient,external,,Crab Sticks,OD400,38.05,,
XDA-CRE-250,30848,Cream Cheese,ingredient,external,,Cream Cheese,OD400,123.87,,
XDA-CRF-500,30180,Cream Fresh 500ml,ingredient,external,,Cream Fresh 500ml,OD400,47.64,,
XDA-CSS-KGR,0,Chicken Salsa Snack Wings 6kg,ingredient,external,,Chicken Salsa Snack Wings 6kg,OD400,95.65,,
XDA-CSS-KGR,0,Chicken Salsa Snack Wings 6kg,ingredient,external,,Chicken Salsa Snack Wings 6kg,OD400,95.65,,
XDA-CTS-KGR,0,Chicken Tikka Sausage,ingredient,external,,Chicken Tikka Sausage,OD400,60.87,,
XDA-FCR-250ML,0,Cream Fresh 250ml,ingredient,external,,Cream Fresh 250ml,OD400,13.50,,
XDA-FLO-KGR,0,Flora light,consumables,external,,Flora light,OD400,73.79,,
XDA-HAK-1KG,0,Hake Fillet -fish,ingredient,external,,Hake Fillet -fish,OD400,138.45,,
XDA-JAL-KGR,0,Jalapenos,ingredient,external,,Jalapenos,OD400,35.60,,
XDA-JAL-KGR,0,Jalapenos,ingredient,external,,Jalapenos,OD400,35.60,,
XDA-LAM- KGR,0,Lamb Mince,ingredient,external,,Lamb Mince,OD400,86.09,,
XDA-MBP-EAC,0,Mini Butter Portions 8grams,ingredient,external,,Mini Butter Portions 8grams,OD400,1.08,,
XDA-MBP-EAC,0,Mini Butter Portions 8grams,ingredient,external,,Mini Butter Portions 8grams,OD400,1.08,,
XDA-MCP-KGR,0,Mutton Cheese Patties,ingredient,external,,Mutton Cheese Patties,OD400,0.00,,
XDA-MJP-EAC,0,Mini Jam Portions 15Grams,ingredient,external,,Mini Jam Portions 15Grams,OD400,1.15,,
XDA-MVE-KGR,0,Mix Veggies Mcain,ingredient,external,,Mix Veggies Mcain,OD400,37.11,,
XDA-MVE-KGR,0,Mix Veggies Mcain,ingredient,external,,Mix Veggies Mcain,OD400,37.11,,
XDA-NON-KGR,30183,Non Dairy Cream,ingredient,external,,Non Dairy Cream,OD400,46.09,,
XDA-NUT-LTR,30597,Nutriday Yogurt Plain,ingredient,external,,Nutriday Yogurt Plain,OD400,22.28,,
XDA-OGC-LTR,0,Cream Fresh Orange Grove 1litre,ingredient,external,,Cream Fresh Orange Grove 1litre,OD400,50.00,,
XDA-OMU-KGR,0,Oriental Mutton Sausage,ingredient,external,,Oriental Mutton Sausage,OD400,85.22,,
XDA-PAR-EAC,0,Unbaked Patha Rolls,ingredient,external,,Unbaked Patha Rolls,OD400,18.33,,
XDA-PEA-KGR,0,Peas Frozen 10kg,ingredient,external,,Peas Frozen 10kg,OD400,42.12,,
XDA-PUP-KGR,0,Fathimas Puff Pastry 1kg,ingredient,external,,Fathimas Puff Pastry 1kg,OD400,0.00,,
XDA-SMF-EAC,0,Saldanha Middlecut Tin Fish 400g,ingredient,external,,Saldanha Middlecut Tin Fish 400g,OD400,27.54,,
XDA-SOY-KGR,0,Tommy Marinated Mince,ingredient,external,,Tommy Marinated Mince,OD400,0.00,,
XDA-TUC-KGR,0,Tuna Chunks In Brine 1.7kg,ingredient,external,,Tuna Chunks In Brine 1.7kg,OD400,123.53,,
XDA-TUS-KGR,0,Tuna Shredded In Brine 1.7kg,ingredient,external,,Tuna Shredded In Brine 1.7kg,OD400,132.72,,
XDA-TWP-KGR,0,Tomato Whole Peeled,ingredient,external,,Tomato Whole Peeled,OD400,18.40,,
XDA-YDR-KGR,0,Yeast Dry,ingredient,external,,Yeast Dry,OD400,90.00,,
XDE-AST-EAC,30836,Astd roses,miscellaneous,external,,Astd roses,OD400,0.00,,
XDE-GBD-KGR,30187,Gold Beads per Kg,ingredient,external,,Gold Beads per Kg,OD400,426.51,,
XDE-GLI-EAC,30186,Glitter,ingredient,external,,Glitter,OD400,17.00,,
XDE-NOP-KGR,30195,Non Pareil,ingredient,external,,Non Pareil,OD400,51.69,,
XDE-PMG-KGR,30196,Powder Metallic Gold,ingredient,external,,Powder Metallic Gold,OD400,211.46,,
XDE-PMS-KGR,30197,Powder Metallic Silver,ingredient,external,,Powder Metallic Silver,OD400,184.60,,
XDE-RIB-EAC,30198,Ribbon,consumables,external,,Ribbon,OD400,24.48,,
XDE-TEA-EAC,30201,Ribbon tear 1 Roll,miscellaneous,external,,Ribbon tear 1 Roll,OD400,0.00,,
XDO-BTE-200G,0,Bakers Tennis Biscuit 200g,ingredient,external,,Bakers Tennis Biscuit 200g,OD400,21.49,,
XFA-COO-LTR,0,Cooking Oil 5ltrs,ingredient,external,,Cooking Oil 5ltrs,OD400,0.00,,
XFA-CRI-LTR,30615,Crispa Oil,ingredient,external,,Crispa Oil,OD400,35.61,,
XFA-EGG-KGR,0,Eggs,ingredient,external,,Eggs,OD400,46.67,,
XFA-EGG-KGR,0,Eggs,ingredient,external,,Eggs,OD400,46.67,,
XFA-FPS-KGR,30206,Fat Pastrex Super,ingredient,external,,Fat Pastrex Super,OD400,26.99,,
XFA-MAR-KGR,30208,Margarine Marvello Yellow,ingredient,external,,Margarine Marvello Yellow,OD400,48.58,,
XFA-MAS-KGR,30209,Margarine Mastercraft White,ingredient,external,,Margarine Mastercraft White,OD400,31.92,,
XFA-MAS-KGR,30209,Margarine Mastercraft White,ingredient,external,,Margarine Mastercraft White,OD400,31.44,,
XFA-MOO-KGR,30780,Mooi river butter,ingredient,external,,Mooi river butter,OD400,61.42,,
XFA-MRG-KGR,30210,Margarine Mr G,ingredient,external,,Margarine Mr G,OD400,19.17,,
XFA-OIL-LTR,30211,Oil Crispa Gold,ingredients,external,,Oil Crispa Gold,OD400,24.45,,
XFA-OIL-LTR,30211,Oil Crispa Gold,ingredients,external,,Oil Crispa Gold,OD400,22.41,,
XFA-OVA-KGR,30212,Ovalette,ingredient,external,,Ovalette,OD400,41.60,,
XFA-PTX-KGR,30672,Pastrex Super,ingredient,external,,Pastrex Super,OD400,33.14,,
XFA-RAM-KGR,30810,Rama,ingredient,external,,Rama,OD400,0.00,,
XFA-REL-LTR,30213,Release,ingredient,external,,Release,OD400,18.91,,
XFA-SOI-LTR,0,Sunflower Sunfoil 5 Ltr,ingredient,external,,Sunflower Sunfoil 5 Ltr,OD400,39.52,,
XFA-SOR-LRT,30242,Sorbitol 30LTR,ingredient,external,,Sorbitol 30LTR,OD400,19.20,,
XFA-YWT-KGR,30244,Yeast Wet,ingredient,external,,Yeast Wet,OD400,33.94,,
XFL-BRF-125,30215,Flour Brown,packaging,external,,Flour Brown,OD400,6.17,,
XFL-CAF-125,30217,FlourCake,ingredients,external,,FlourCake,OD400,11.92,,
XFL-CMB-125,0,Complete Mix - Brown Bread Flour,ingredients,external,,Complete Mix - Brown Bread Flour,OD400,13.23,,
XFL-CMB-125,0,Complete Mix - Brown Bread Flour,ingredients,external,,Complete Mix - Brown Bread Flour,OD400,13.10,,
XFL-CMW-125,0,Complete Mix - White Bread Flour,ingredient,external,,Complete Mix - White Bread Flour,OD400,13.43,,
XFL-CMW-125,0,Complete Mix - White Bread Flour,ingredient,external,,Complete Mix - White Bread Flour,OD400,13.30,,
XFL-GSE-KGR,0,Semolina Golden Cloud 1kg,ingredient,external,,Semolina Golden Cloud 1kg,OD400,16.87,,
XFL-NYA-KGR,0,Nyala Maize Meal 10kg,ingredient,external,,Nyala Maize Meal 10kg,OD400,10.40,,
XMO-BS6-KGR,0,Premix Bread S6002 5%,ingredient,external,,Premix Bread S6002 5%,OD400,19.68,,
XMP -BFM-KGR,0,Premix Butter Flavoured Madeira 12.5kg,ingredient,external,,Premix Butter Flavoured Madeira 12.5kg,OD400,44.30,,
XMP-S60-KGR,0,Premix S6002 Bread,ingredient,external,,Premix S6002 Bread,OD400,12.80,,
XMP-S60-KGR,0,Premix S6002 Bread,ingredient,external,,Premix S6002 Bread,OD400,12.54,,
XMP-SCC-KGR,0,Sponge Chocolate Coastal,ingredient,external,,Sponge Chocolate Coastal,OD400,53.73,,
XMP-SRA-KGR,0,Soft Roll Alpaga Improver,ingredient,external,,Soft Roll Alpaga Improver,OD400,190.90,,
XMP-SRA-KGR,0,Soft Roll Alpaga Improver,ingredient,external,,Soft Roll Alpaga Improver,OD400,187.08,,
XMP-SRE-EAC,0,Sponge Redvelvet Premix,ingredient,external,,Sponge Redvelvet Premix,OD400,49.93,,
XPM-5PB-KGR,0,Premix bread 5%,ingredient,external,,Premix bread 5%,OD400,18.70,,
XPM-5PB-KGR,0,Premix bread 5%,ingredient,external,,Premix bread 5%,OD400,18.70,,
XPM-AFG-KGR,0,Apricot Flan Gel,ingredient,external,,Apricot Flan Gel,OD400,49.05,,
XPM-CCM-KGR,30110,Mix Chocomousse,ingredient,external,,Mix Chocomousse,OD400,87.95,,
XPM-EMC-KGR,0,Sponge Ebony Moist Choc Mix,ingredient,external,,Sponge Ebony Moist Choc Mix,OD400,75.26,,
XPM-FAI-KGR,30118,Premix 15% Sweet Fairglen,ingredient,external,,Premix 15% Sweet Fairglen,OD400,37.24,,
XPM-FON-5KG,30233,Fond Suisse,ingredient,external,,Fond Suisse,OD400,50.00,,
XPM-FRU-KGR,30088,Fruit Mince,ingredient,external,,Fruit Mince,OD400,34.66,,
XPM-HXB-KGR,30104,Hot x bun full premix,ingredient,external,,Hot x bun full premix,OD400,30.47,,
XPM-KOK-KGR,,Kokomix Pettina,ingredient,external,,Kokomix Pettina,OD400,60.04,,
XPM-MUE-KGR,30113,Mix Muesli Slice,ingredient,external,,Mix Muesli Slice,OD400,37.19,,
XPM-NOB-KGR,0,No-bake premix,ingredient,external,,No-bake premix,OD400,67.39,,
XPM-PAS-KGR,30116,Paste 4.5% Standard Bread,ingredient,external,,Paste 4.5% Standard Bread,OD400,14.24,,
XPM-SCH-KGR,30099,Sponge Chocolate,ingredient,external,,Sponge Chocolate,OD400,33.88,,
XPM-SPC-KGR,30243,Stabiliser Pettina Cream,ingredient,external,,Stabiliser Pettina Cream,OD400,37.58,,
XPM-SPE-KGR,30128,Sponge Eggless,ingredient,external,,Sponge Eggless,OD400,84.28,,
XPM-SPI-KGR,30100,Sponge Pettina Instant,ingredient,external,,Sponge Pettina Instant,OD400,22.51,,
XPM-SVC-KGR,0,Sponge Instant Coastal,ingredient,external,,Sponge Instant Coastal,OD400,43.75,,
XPM-SWE-KGR,30119,Premix 20% Sweet Red,ingredient,external,,Premix 20% Sweet Red,OD400,33.72,,
XPO-BCS-KGR,0,Specialty-Chai,ingredient,external,,Specialty-Chai,OD400,0.00,,
XPO-MHS-LTR,0,Monin Hazelnut Syrup,ingredient,external,,Monin Hazelnut Syrup,OD400,0.00,,
XPO-MVS-LTR,0,Monin Vanilla Syrup,ingredient,external,,Monin Vanilla Syrup,OD400,0.00,,
XPO-SCF-KGR,0,Specialty - Coffee Freezo,ingredient,external,,Specialty - Coffee Freezo,OD400,0.00,,
XPO-SCM-LTR,0,Salted Caramel Milkshake Syrup,ingredient,external,,Salted Caramel Milkshake Syrup,OD400,0.00,,
XPO-SIC-KGR,0,Specialty -Indonesian Coffee,ingredient,external,,Specialty -Indonesian Coffee,OD400,0.00,,
XPO-SMC-EAC,0,Monin Caramel Sauce,ingredient,external,,Monin Caramel Sauce,OD400,0.00,,
XPO-SMC-LTR,0,Monin Caramel Syrup,ingredient,external,,Monin Caramel Syrup,OD400,0.00,,
XPO-SMS-LTR,0,Strawberry Milkshake Syrup,ingredient,external,,Strawberry Milkshake Syrup,OD400,0.00,,
XSN-ANI-KGR,30479,Aniseed,ingredient,external,,Aniseed,OD400,103.87,,
XSN-FLA-KGR,0,Flaked Almonds 1Kg,ingredient,external,,Flaked Almonds 1Kg,OD400,176.32,,
XSN-NUT-KGR,30131,Nuts Nibb,ingredient,external,,Nuts Nibb,OD400,46.60,,
XSN-PEA-KGR,,Pecan Nut kg,ingredient,external,,Pecan Nut kg,OD400,134.93,,
XSN-PEH-KGR,0,Pecan Nut Halves,ingredient,external,,Pecan Nut Halves,OD400,110.00,,
XSN-SDP-KGR,30135,seed poppy,ingredient,external,,seed poppy,OD400,159.79,,
XSN-SES-KGR,30499,Sesame Seed,Ingredient,external,,Sesame Seed,OD400,79.05,,
XSN-SJEE-KGR,0,Spice Jeera Whole,ingredient,external,,Spice Jeera Whole,OD400,87.79,,
XSN-SMI-KGR,0,Spice Mixed Herbs,ingredient,external,,Spice Mixed Herbs,OD400,135.61,,
XSN-SOR-KGR,0,Spice Origanum,ingredient,external,,Spice Origanum,OD400,156.52,,
XSN-WHS-KGR,0,Whole Somph,ingredient,external,,Whole Somph,OD400,0.00,,
XSP- DHA-EAC,0,Spice- Dhania,ingredient,external,,Spice- Dhania,OD400,0.00,,
XSP-ALG-KGR,0,Ground Almonds,ingredient,external,,Ground Almonds,OD400,173.00,,
XSP-ALG-KGR,0,Ground Almonds,ingredient,external,,Ground Almonds,OD400,170.41,,
XSP-BAK-KGR,30239,Baking Powder (Hercules),ingredient,external,,Baking Powder (Hercules),OD400,50.65,,
XSP-BIC-KGR,30224,Bicarbonate Soda,ingredient,external,,Bicarbonate Soda,OD400,20.34,,
XSP-CIN-KGR,30506,Cinnamon Ground,ingredient,external,,Cinnamon Ground,OD400,72.18,,
XSP-COR-KGR,30633,CornFlour,ingredient,external,,CornFlour,OD400,21.29,,
XSP-SAL-EAC,30240,Salt Bale,ingredient,external,,Salt Bale,OD400,4.41,,
XSP-SBN-KGR,30142,Spice Bunspice,ingredient,external,,Spice Bunspice,OD400,0.00,,
XSP-SNU-800G,0,Spice Nutmeg Ground 800g,ingredient,external,,Spice Nutmeg Ground 800g,OD400,440.24,,
XSP-WNM-KGR,1034,Whole Nutmeg,ingredient,external,,Whole Nutmeg,OD400,169.29,,
XSU-ESS-KGR,0,Equisweet Sucralose Sachets,ingredient,external,,Equisweet Sucralose Sachets,OD400,186.40,,
XSU-IBS-KGR,0,Hullets Brown Sugar Tubes,ingredient,external,,Hullets Brown Sugar Tubes,OD400,35.60,,
XSU-IWS-KGR,0,Huletts White Sugar Tubes,ingredient,external,,Huletts White Sugar Tubes,OD400,35.60,,
XSU-SBN-KGR,30148,Sugar Brown,ingredient,external,,Sugar Brown,OD400,11.58,,
XSU-SCH-KGR,30149,Sugar Castor Huletts,ingredients,external,,Sugar Castor Huletts,OD400,24.76,,
XSU-SCH-KGR,30149,Sugar Castor Huletts,ingredients,external,,Sugar Castor Huletts,OD400,24.39,,
XSU-SIC-KGR,30150,Sugar Icing Huletts,ingredient,external,,Sugar Icing Huletts,OD400,23.16,,
XSU-SIC-KGR,30150,Sugar Icing Huletts,ingredient,external,,Sugar Icing Huletts,OD400,22.81,,
XSU-SWH-KGR,30151,Sugar White Huletts,ingredient,external,,Sugar White Huletts,OD400,16.09,,
XTO - PIR-KGR,0,Pineapple Rings 440g,ingredient,external,,Pineapple Rings 440g,OD400,0.00,,
XTO- ESG-KGR,0,Espresso Grind Slojo Spiced Chai,ingredient,external,,Espresso Grind Slojo Spiced Chai,OD400,0.00,,
XTO- ESP-KGR,0,Espresso Coffee Beans Decaf,ingredient,external,,Espresso Coffee Beans Decaf,OD400,240.60,,
XTO- GRT-EAC,0,Green Tea,drink,external,,Green Tea,OD400,0.00,,
XTO- VIC-LTR,0,Gatti Vanilla Ice Cream,ingredient,external,,Gatti Vanilla Ice Cream,OD400,0.00,,
XTO-AJM-KGR,30219,Jam Apricot (All Gold),ingredient,external,,Jam Apricot (All Gold),OD400,36.47,,
XTO-ALE-KGR,0,Almond Essence,ingredient,external,,Almond Essence,OD400,0.00,,
XTO-ALM-KGR,30188,Almond Icing,ingredient,external,,Almond Icing,OD400,29.67,,
XTO-ASA-KGR,0,Ayesha Samoosa Strips,ingredient,external,,Ayesha Samoosa Strips,OD400,0.00,,
XTO-BAR-KGR,30651,Bar One Spread,ingredient,external,,Bar One Spread,OD400,110.68,,
XTO-CCL-KGR,0,Officemate Creamy Chai Latte,ingredient,external,,Officemate Creamy Chai Latte,OD400,134.00,,
XTO-CFU-KGR,0,Cereal Choc Future Life 1.25kg,ingredient,external,,Cereal Choc Future Life 1.25kg,OD400,89.27,,
XTO-CHE-KGR,30222,Pie Filling Black Forest Pie Filling,ingredient,external,,Pie Filling Black Forest Pie Filling,OD400,79.15,,
XTO-CHI-LTR,0,Sauce Chilli 2lt,ingredient,external,,Sauce Chilli 2lt,OD400,0.57,,
XTO-COB-KGR,0,Coffee Beans,ingredient,external,,Coffee Beans,OD400,270.00,,
XTO-CTS-EAC,0,Carte D Toffee Sauce,ingredient,external,,Carte D Toffee Sauce,OD400,67.50,,
XTO-CTS-EAC,0,Carte D Toffee Sauce,ingredient,external,,Carte D Toffee Sauce,OD400,66.49,,
XTO-DHC-KGR,0,Officemate Dark Hot Choc,ingredient,external,,Officemate Dark Hot Choc,OD400,94.50,,
XTO-GAR-KGR,0,Spread Garlic & Herb,ingredient,external,,Spread Garlic & Herb,OD400,60.00,,
XTO-GAR-KGR,0,Spread Garlic & Herb,ingredient,external,,Spread Garlic & Herb,OD400,58.80,,
XTO-GRA-KGR,30221,Pie Filling Granadilla,ingredient,external,,Pie Filling Granadilla,OD400,39.58,,
XTO-GSP-KGR,30561,Golden Syrup,ingredient,external,,Golden Syrup,OD400,38.11,,
XTO-HAS-KGR,0,Spread Hazelnut 5kg,ingredient,external,,Spread Hazelnut 5kg,OD400,0.00,,
XTO-HCC-KGR,0,Hot Chocolate Coffee Merchant,ingredient,external,,Hot Chocolate Coffee Merchant,OD400,120.50,,
XTO-HPM-EAC,0,Carte D Hot Pudding Mix,ingredient,external,,Carte D Hot Pudding Mix,OD400,105.00,,
XTO-HPM-EAC,0,Carte D Hot Pudding Mix,ingredient,external,,Carte D Hot Pudding Mix,OD400,103.43,,
XTO-HZL-KGR,30152,Hazelnut Praline,ingredient,external,,Hazelnut Praline,OD400,112.26,,
XTO-ICE-KGR,0,Ice,ingredient,external,,Ice,OD400,0.00,,
XTO-ICK-5KG,30105,Instant Custard Kramess,ingredient,external,,Instant Custard Kramess,OD400,72.58,,
XTO-JEL-KG,0,Assorted Jelly,ingredient,external,,Assorted Jelly,OD400,0.00,,
XTO-JEL-KG,0,Assorted Jelly,ingredient,external,,Assorted Jelly,OD400,0.00,,
XTO-KBO-EAC,0,Knorr Brown Onion Soup,ingredient,external,,Knorr Brown Onion Soup,OD400,152.21,,
XTO-KBO-EAC,0,Knorr Brown Onion Soup,ingredient,external,,Knorr Brown Onion Soup,OD400,152.21,,
XTO-KCM-EAC,0,Knorr Creamy Mushroom Sauce,ingredient,external,,Knorr Creamy Mushroom Sauce,OD400,4.63,,
XTO-KCM-EAC,0,Knorr Creamy Mushroom Sauce,ingredient,external,,Knorr Creamy Mushroom Sauce,OD400,4.63,,
XTO-KCS-EAC,0,Knorr Cream of Chicken Soup,ingredient,external,,Knorr Cream of Chicken Soup,OD400,4.63,,
XTO-KCS-EAC,0,Knorr Cream of Chicken Soup,ingredient,external,,Knorr Cream of Chicken Soup,OD400,4.63,,
XTO-KLI-KGR,0,Klim 500g,ingredient,external,,Klim 500g,OD400,72.50,,
XTO-MBD-500ML,0,Milky Bar Dessert Topping,ingredient,external,,Milky Bar Dessert Topping,OD400,193.06,,
XTO-MHC-KGR,0,Officemate Milky Hot Choc,ingredient,external,,Officemate Milky Hot Choc,OD400,109.00,,
XTO-MUS-LTR,0,Mustard Sauce,ingredient,external,,Mustard Sauce,OD400,0.00,,
XTO-MUS-LTR,0,Mustard Sauce,ingredient,external,,Mustard Sauce,OD400,0.00,,
XTO-NUT-KGR,0,Nutella 3kg,ingredient,external,,Nutella 3kg,OD400,0.00,,
XTO-OAT-KGR,0,Fine Oats 25 kg,ingredient,external,,Fine Oats 25 kg,OD400,14.36,,
XTO-OAT-KGR,0,Fine Oats 25 kg,ingredient,external,,Fine Oats 25 kg,OD400,14.14,,
XTO-PCH-KGR,30162,Paste Chocolate,ingredient,external,,Paste Chocolate,OD400,77.59,,
XTO-PDA-KG,0,Pitted Dates,ingredient,external,,Pitted Dates,OD400,45.21,,
XTO-PDA-KG,0,Pitted Dates,ingredient,external,,Pitted Dates,OD400,45.21,,
XTO-PEP-KGR,0,Nestle Peppermint Topping,ingredient,external,,Nestle Peppermint Topping,OD400,0.00,,
XTO-PIN-EAC,0,Pineapple crushed,ingredient,external,,Pineapple crushed,OD400,30.88,,
XTO-PLI-KGR,30189,Icing plastic,ingredient,external,,Icing plastic,OD400,28.83,,
XTO-RIC-KGR,0,Aunt Caroline Rice,ingredient,external,,Aunt Caroline Rice,OD400,13.50,,
XTO-SAJ-900G,0,Jam Strawberry All Gold 900g,ingredient,external,,Jam Strawberry All Gold 900g,OD400,65.33,,
XTO-SBJ-KGR,30220,Jam Strawberry (All Gold),ingredient,external,,Jam Strawberry (All Gold),OD400,50.46,,
XTO-SBO-KGR,30154,Spread Bar One Nestle,ingredient,external,,Spread Bar One Nestle,OD400,96.83,,
XTO-SCA-KGR,30155,Spread caramel,ingredient,external,,Spread caramel,OD400,64.17,,
XTO-SCF-KGR,0,Coffee Freezo Slojo,ingredient,external,,Coffee Freezo Slojo,OD400,230.40,,
XTO-SHC-KGR,0,Specialty Hot Chocolate,ingredient,external,,Specialty Hot Chocolate,OD400,0.00,,
XTO-SHW-KGR,0,Specialty White Hot Chocolate,ingredient,external,,Specialty White Hot Chocolate,OD400,212.00,,
XTO-SPE-KGR,0,Spread Peanut Butter 3kg,ingredient,external,,Spread Peanut Butter 3kg,OD400,115.02,,
XTO-STR-KGR,30710,Pie Filling Strawberry,ingredient,external,,Pie Filling Strawberry,OD400,17.23,,
XTO-TOM-LTR,0,Tomatoe Sauce,ingredient,external,,Tomatoe Sauce,OD400,21.08,,
XTO-TOM-LTR,0,Tomatoe Sauce,ingredient,external,,Tomatoe Sauce,OD400,21.08,,
XTO-VIN-LT,0,Vinegar,ingredient,external,,Vinegar,OD400,4.93,,
YBA-BOO-MX1,30446,Sub Batter - Bar One Sponge Round,sub recipe,internal,,Sub Batter - Bar One Sponge Round,OD400,0.00,,
YBA-BSC-MXI,0,Sub Batter- Butter Scones,sub recipe,internal,,Sub Batter- Butter Scones,OD400,0.00,,
YBA-CAC-MX1,30432,Sub Batter Carrot Cake,sub recipe,internal,,Sub Batter Carrot Cake,OD400,0.00,,
YBA-CCC-MX1,30859,Sub Batter-Carrot Cake with Cream Cheese Slab,sub recipe,internal,,Sub Batter-Carrot Cake with Cream Cheese Slab,OD400,0.00,,
YBA-CGS-MX1,30442,Sub Batter- Chocolate Gateaux Sponge,sub recipe,internal,,Sub Batter- Chocolate Gateaux Sponge,OD400,0.00,,
YBA-CHC-MX1,30434,Sub Batter-Chocolate Brownie,sub recipe,internal,,Sub Batter-Chocolate Brownie,OD400,0.00,,
YBA-CHO-MX1,30352,Sub Sponge Batter -Chocolate,sub recipe,internal,,Sub Sponge Batter -Chocolate,OD400,0.00,,
YBA-CHS-MX1,30441,Sub Batter-Chocolate Sponge Sheet,sub recipe,internal,,Sub Batter-Chocolate Sponge Sheet,OD400,0.00,,
YBA-CSP-MX1,30447,Sub Batter- Choc Swissroll Sponge,sub recipe,internal,,Sub Batter- Choc Swissroll Sponge,OD400,0.00,,
YBA-CSS-MX1,30864,Sub Batter - choc sheet scratch mix,sub recipe,internal,,Sub Batter - choc sheet scratch mix,OD400,0.00,,
YBA-DEG-MX1,0,Sub Batter Eggless Diwali Cake,sub recipe,internal,,Sub Batter Eggless Diwali Cake,OD400,0.00,,
YBA-DIS-MX1,30622,Sub Batter Diwali Sponge,sub recipe,internal,,Sub Batter Diwali Sponge,OD400,0.00,,
YBA-DIV-MX1,30537,Sub Sponge Batter Diwali,sub recipe,internal,,Sub Sponge Batter Diwali,OD400,0.00,,
YBA-EFS-MX1,30443,Sub Batter -Eggfree Sponge sheet,sub recipe,internal,,Sub Batter -Eggfree Sponge sheet,OD400,0.00,,
YBA-EGS-MX1,30623,Sub Batter Eggless Gateaux Sponge,sub recipe,internal,,Sub Batter Eggless Gateaux Sponge,OD400,0.00,,
YBA-ESN-MX1,30768,Sub Batter Snowball Eggles,sub recipe,internal,,Sub Batter Snowball Eggles,OD400,0.00,,
YBA-FRS-MX1,30438,Sub Batter- Fruit Scones,sub recipe,internal,,Sub Batter- Fruit Scones,OD400,0.00,,
YBA-HCB-MX1,30351,Sub Dough- Hot Cross Buns,sub recipe,internal,,Sub Dough- Hot Cross Buns,OD400,0.00,,
YBA-HCC-MX1,30659,Sub Batter Cross for Hot Cross Buns,sub recipe,internal,,Sub Batter Cross for Hot Cross Buns,OD400,0.00,,
YBA-MAD-MX1,30435,Sub Batter - Madeira Slab,sub recipe,internal,,Sub Batter - Madeira Slab,OD400,0.00,,
YBA-MCC-MX1,0,Sub Sponge Batter- Moist Choc Sponge C/C,sub recipe,internal,,Sub Sponge Batter- Moist Choc Sponge C/C,OD400,0.00,,
YBA-QUC-MX1,30436,Sub Batter -Queen Cake,sub recipe,internal,,Sub Batter -Queen Cake,OD400,0.00,,
YBA-RBS-MX1,30618,Sub Batter Rainbow Sponge,sub recipe,internal,,Sub Batter Rainbow Sponge,OD400,0.00,,
YBA-RCS-MX1,30656,Sub Batter Rich Choc Sponge,sub recipe,internal,,Sub Batter Rich Choc Sponge,OD400,0.00,,
YBA-ROT-MX1,0,Sub Dough Roti 12s,sub recipe,internal,,Sub Dough Roti 12s,OD400,0.00,,
YBA-ROT-MX1,0,Sub Dough Roti 12s,sub recipe,internal,,Sub Dough Roti 12s,OD400,0.00,,
YBA-SCO-MX1,30437,Sub Batter - Scones,sub recipe,internal,,Sub Batter - Scones,OD400,0.00,,
YBA-SMC-MX1,0,Sub Sponge Batter - Moist Choc Sponge Fererro,sub recipe,internal,,Sub Sponge Batter - Moist Choc Sponge Fererro,OD400,0.00,,
YBA-SNB-MX1,30439,Sub Batter -Snowball,sub recipe,internal,,Sub Batter -Snowball,OD400,0.00,,
YBA-SPO-MX1,30444,Sub Batter - Strawberry Sponge,sub recipe,internal,,Sub Batter - Strawberry Sponge,OD400,0.00,,
YBA-VAN-MX1,30353,Sub Sponge Batter - Vanilla Gateaux,sub recipe,internal,,Sub Sponge Batter - Vanilla Gateaux,OD400,0.00,,
YBA-VNS-MX1,30445,Sub Batter Vanilla Sheets Coastal,sub recipe,internal,,Sub Batter Vanilla Sheets Coastal,OD400,0.00,,
YBA-VSR-MX1,30448,Sub Batter- Vanilla Swissroll Sponge,sub recipe,internal,,Sub Batter- Vanilla Swissroll Sponge,OD400,0.00,,
YBA-WNS-MX1,30440,Sub Batter- Windsor Slab,sub recipe,internal,,Sub Batter- Windsor Slab,OD400,0.00,,
YBU -CTR-EAC,0,Cake ring tins 170X70mm,equipment,external,,Cake ring tins 170X70mm,OD400,77.70,,
YBU-CRE-MX6,30347,Sub Buns-Cream 6s,sub recipe,internal,,Sub Buns-Cream 6s,OD400,0.00,,
YBU-JUG-2LT,0,Jug Plastic 2 litre,consumables,external,,Jug Plastic 2 litre,OD400,0.00,,
YBU-JUG-2LT,0,Jug Plastic 2 litre,consumables,external,,Jug Plastic 2 litre,OD400,0.00,,
YBU-JUG-5LT,0,Jug Plastic 5 litre,consumables,external,,Jug Plastic 5 litre,OD400,0.00,,
YBU-JUG-5LT,0,Jug Plastic 5 litre,consumables,external,,Jug Plastic 5 litre,OD400,0.00,,
YBU-OVM-EAC,30005,Oven Mittens,consumables,external,,Oven Mittens,OD400,80.50,,
YBU-PAL-EAC,30653,Palette Knife,consumables,external,,Palette Knife,OD400,0.00,,
YBU-PBR-EACH,0,Pastry Brush Nylon 60mm,consumables,external,,Pastry Brush Nylon 60mm,OD400,0.00,,
YBU-PBR-EACH,0,Pastry Brush Nylon 60mm,consumables,external,,Pastry Brush Nylon 60mm,OD400,0.00,,
YBU-SBP-EAC,30012,Sponge for bread pan,consumables,external,,Sponge for bread pan,OD400,29.17,,
YBU-SPR-EAC,30013,Springform Cake Pan,equipment,external,,Springform Cake Pan,OD400,57.94,,
YBU-SSC-EAC,0,Scraper Steel 115x80mm,consumables,external,,Scraper Steel 115x80mm,OD400,46.55,,
YCC-14C-EAC,30288,Case No 14 Cake,packaging,external,,Case No 14 Cake,OD400,0.13,,
YCC-24E-EAC,30485,Madeira case 24e,packaging,external,,Madeira case 24e,OD400,0.39,,
YCC-APR-EAC,0,White Plastic Aprons,consumables,external,,White Plastic Aprons,OD400,0.50,,
YCC-BLA-EAC,0,Gel super black,ingredient,external,,Gel super black,OD400,6.83,,
YCC-BUN-EAC,30044,Paper 10kg Bunny,consumables,external,,Paper 10kg Bunny,OD400,82.17,,
YCC-BUR-EAC,30169,Gel Burgundy,ingredient,external,,Gel Burgundy,OD400,83.90,,
YCC-CHA-EAC,30630,Champagne Bottle,miscellaneous,external,,Champagne Bottle,OD400,0.00,,
YCC-CRC-MX1,0,Sub Cream Cheese,sub recipe,external,,Sub Cream Cheese,OD400,0.00,,
YCC-CRC-MX1,0,Sub Cream Cheese,sub recipe,external,,Sub Cream Cheese,OD400,0.00,,
YCC-CRG-EAC,0,Cream Gun 500g,consumables,external,,Cream Gun 500g,OD400,0.00,,
YCC-CSC-EAC,0,Coffee Scale,equpment,external,,Coffee Scale,OD400,0.00,,
YCC-CUP-EAC,30803,Red Cupcakes Cup,packaging,external,,Red Cupcakes Cup,OD400,0.14,,
YCC-DEP-EAC,0,Gel Food Deep Pink,ingredient,external,,Gel Food Deep Pink,OD400,0.00,,
YCC-DEP-EAC,0,Gel Food Deep Pink,ingredient,external,,Gel Food Deep Pink,OD400,0.00,,
YCC-ELE-EAC,30165,Electric Green Gel,ingredient,external,,Electric Green Gel,OD400,0.00,,
YCC-EOR-EAC,30660,Gel Col. Elec Orange,ingredient,external,,Gel Col. Elec Orange,OD400,82.29,,
YCC-ESL-EAC,30677,Electronic Scale,equpment,0,,Electronic Scale,OD400,0.00,,
YCC-GEL-EAC,30185,Gel liquid gold /silver/ pearl,ingredient,external,,Gel liquid gold /silver/ pearl,OD400,0.00,,
YCC-GEP-EAC,30625,Gel Food Col.Elec Purple,ingredient,external,,Gel Food Col.Elec Purple,OD400,77.63,,
YCC-GLG-EAC,30626,Gel Food Col.Leaf Green,consumables,external,,Gel Food Col.Leaf Green,OD400,78.73,,
YCC-GLY-EAC,30628,Gel Food Col. Lemon Yellow,ingredient,external,,Gel Food Col. Lemon Yellow,OD400,76.15,,
YCC-GLY-KGR,30207,Glycerine,ingredient,external,,Glycerine,OD400,0.00,,
YCC-GOM-EAC,30002,GlovesOven Mittens,consumables,external,,GlovesOven Mittens,OD400,98.79,,
YCC-GPP-EAC,30766,Grease Proof Paper,consumables,external,,Grease Proof Paper,OD400,82.70,,
YCC-GPR-EAC,30740,GP REAM,consumables,external,,GP REAM,OD400,93.00,,
YCC-GPR-EAC,30740,GP REAM,consumables,external,,GP REAM,OD400,93.00,,
YCC-GSB-EAC,30627,Gel Food ColSky Blue,ingredient,external,,Gel Food ColSky Blue,OD400,77.60,,
YCC-ICS-EAC,0,Icing Sheet A4 New,ingredients,external,,Icing Sheet A4 New,OD400,0.00,,
YCC-ICS-EAC,0,Icing Sheet A4 New,ingredients,external,,Icing Sheet A4 New,OD400,0.00,,
YCC-ISH-EAC,30235,Icing Sheet A4 Borderless,Ingredient,external,,Icing Sheet A4 Borderless,OD400,14.72,,
YCC-LEA-EAC,30624,Leaves No.Large,miscellaneous,external,,Leaves No.Large,OD400,1.05,,
YCC-MET-EAC,30003,metallic nozzil 15mm star,consumables,external,,metallic nozzil 15mm star,OD400,0.00,,
YCC-MIS-EAC,30817,Mistletoe Garland ribbon,miscellaneous,external,,Mistletoe Garland ribbon,OD400,0.00,,
YCC-MMC-EAC,30831,RICH MOIST XMAS CAKE,exotic cakes,internal,,RICH MOIST XMAS CAKE,OD400,0.00,,
YCC-MOH-EAC,0,Mop Hats,consumables,external,,Mop Hats,OD400,0.30,,
YCC-MOH-EAC,0,Mop Hats,consumables,external,,Mop Hats,OD400,0.29,,
YCC-NME-EAC,30014,Nozzels metallic,consumables,external,,Nozzels metallic,OD400,45.26,,
YCC-NST-EAC,30004,Nozzles star tubes 5s ( 42),consumables,external,,Nozzles star tubes 5s ( 42),OD400,0.00,,
YCC-OCC-KGR,0,Old Cakes Currant Square,miscellaneous,external,,Old Cakes Currant Square,OD400,0.00,,
YCC-OCC-KGR,0,Old Cakes Currant Square,miscellaneous,external,,Old Cakes Currant Square,OD400,0.00,,
YCC-PAS-EAC,30006,Pastry Bag 13040 4 46cm,consumables,external,,Pastry Bag 13040 4 46cm,OD400,0.00,,
YCC-PIL-EAC,30046,Pillars White,miscellaneous,external,,Pillars White,OD400,0.00,,
YCC-PIN-EAC,30166,Pink Gel,ingredient,external,,Pink Gel,OD400,0.00,,
YCC-PIP-EAC,30674,Piping Bags No 4,consumables,external,,Piping Bags No 4,OD400,94.46,,
YCC-PLG-EAC,0,Plastic Gloves,consumables,external,,Plastic Gloves,OD400,0.09,,
YCC-PLG-EAC,0,Plastic Gloves,consumables,external,,Plastic Gloves,OD400,0.09,,
YCC-POT-KGR,30237,Potassium Sorbate Granular,ingredient,external,,Potassium Sorbate Granular,OD400,59.00,,
YCC-PSR-EAC,30045,Paper Silicone Ream,consumables,external,,Paper Silicone Ream,OD400,0.99,,
YCC-PSS-EAC,30008,Piping Tip Star Set,consumables,external,,Piping Tip Star Set,OD400,0.00,,
YCC-PST-EAC,30007,Pastry Bag 13040 5 50cm Export,consumables,external,,Pastry Bag 13040 5 50cm Export,OD400,0.00,,
YCC-PUR-EAC,30543,Gel Food Colouring Purple,ingredient,external,,Gel Food Colouring Purple,OD400,82.61,,
YCC-ROB-EAC,0,Gel Food Royal Blue,ingredient,external,,Gel Food Royal Blue,OD400,0.00,,
YCC-ROB-EAC,0,Gel Food Royal Blue,ingredient,external,,Gel Food Royal Blue,OD400,0.00,,
YCC-SHB-EAC,0,Smartchef Heavy Duty Blender,equpment,external,,Smartchef Heavy Duty Blender,OD400,"2,645.00",,
YCC-SIL-EAC,30655,Silicon Paper 500,consumables,external,,Silicon Paper 500,OD400,1.07,,
YCC-SOS-EAC,30701,Soccer Set,miscellaneous,external,,Soccer Set,OD400,20.00,,
YCC-SUP-EAC,30170,Gel Super Red,ingredient,external,,Gel Super Red,OD400,75.49,,
YCC-TEA-EAC,30172,Gel Teal,ingredient,external,,Gel Teal,OD400,23.43,,
YCC-THF-KGR,0,Thickflo 25kg,ingredient,external,,Thickflo 25kg,OD400,0.00,,
YCC-VIT-KGR,0,Vitap Starch 25kg,ingredient,external,,Vitap Starch 25kg,OD400,0.00,,
YCC-XPS-EAC,30815,Xmas Poinsettia Star Ribbon,miscellaneous,external,,Xmas Poinsettia Star Ribbon,OD400,0.00,,
YCC-XSS-EAC,30834,Xmas stickers scroll,consumables,external,,Xmas stickers scroll,OD400,0.00,,
YCK-BAN-MX1,30748,Sub-Banana Cake,sub recipe,internal,,Sub-Banana Cake,OD400,0.00,,
YCK-FRC-MX1,30529,Sub Batter Christmas Windsor Plain,sub recipe,internal,,Sub Batter Christmas Windsor Plain,OD400,0.00,,
YCL-BAG-EAC,30048,Bag Black Refuse HD,packaging,external,,Bag Black Refuse HD,OD400,0.77,,
YCL-BLD-LTR,0,Black Dip,consumables,external,,Black Dip,OD400,22.00,,
YCL-BLE-EAC,30049,Bleach 5L,consumables,external,,Bleach 5L,OD400,6.33,,
YCL-EMP-EAC,30052,Empty Boxes,packaging,external,,Empty Boxes,OD400,22.00,,
YCL-FAS-LTR,0,Fat Solves,consumables,external,,Fat Solves,OD400,0.00,,
YCL-FLO-EAC,30053,Floor Cleaner Lav,consumables,external,,Floor Cleaner Lav,OD400,7.30,,
YCL-HHG-EAC,30814,Household Gloves,consumables,external,,Household Gloves,OD400,0.00,,
YCL-HHH-EAC,30054,Handy Household 5l,consumables,external,,Handy Household 5l,OD400,6.18,,
YCL-MRM-EAC,30819,Mr min,consumables,external,,Mr min,OD400,0.00,,
YCL-OVC-EAC,30055,Oven Cleaner,consumables,external,,Oven Cleaner,OD400,10.00,,
YCL-POT-EAC,30056,Pot Scourers,consumables,external,,Pot Scourers,OD400,0.00,,
YCL-SAN-500,0,Hand Sanitiser 500ml,consumables,external,,Hand Sanitiser 500ml,OD400,32.00,,
YCL-SCC-KGR,0,Speciality Cleaning Chemicals -Machine Cleaner 900,consumables,external,,Speciality Cleaning Chemicals -Machine Cleaner 900,OD400,0.00,,
YCL-SLW-EAC,30640,Steel Wool,consumables,external,,Steel Wool,OD400,0.00,,
YCL-SPO-EAC,30057,Sponges,ingredient,external,,Sponges,OD400,24.87,,
YCL-UCD-900G,0,Urnex Cafiza2 Detergent,consumables,external,,Urnex Cafiza2 Detergent,OD400,188.00,,
YDO-BIS-MX1,30463,Sub Dough-Biscuit,sub recipe,internal,,Sub Dough-Biscuit,OD400,0.00,,
YDO-BRB-MX1,30413,Sub Dough Brown Bread,sub recipe,internal,,Sub Dough Brown Bread,OD400,0.00,,
YDO-BUN-MX1,0,Sub Dough - Buns,sub recipe,internal,,Sub Dough - Buns,OD400,0.00,,
YDO-CRO-MX1,0,Sub dough Croissants,sub recipe,internal,,Sub dough Croissants,OD400,0.00,,
YDO-CRO-MX1,0,Sub dough Croissants,sub recipe,internal,,Sub dough Croissants,OD400,0.00,,
YDO-CUC-MX1,30794,Sub Dough - Butter Biscuits,sub recipe,internal,,Sub Dough - Butter Biscuits,OD400,0.00,,
YDO-DAN-MX1,30451,Sub Dough -Danish,sub recipe,internal,,Sub Dough -Danish,OD400,0.00,,
YDO-DOU-MX1,30453,Sub Dough-Doughnut,sub recipe,internal,,Sub Dough-Doughnut,OD400,0.00,,
YDO-M3M-MX1,30464,Sub Dough Melting Moment Round 60g,sub recipe,internal,,Sub Dough Melting Moment Round 60g,OD400,0.00,,
YDO-MML-MX1,0,Sub Dough Melting Moments Long 95g,sub recipe,internal,,Sub Dough Melting Moments Long 95g,OD400,0.00,,
YDO-MML-MX1,0,Sub Dough Melting Moments Long 95g,sub recipe,internal,,Sub Dough Melting Moments Long 95g,OD400,0.00,,
YDO-NAA-MX1,30449,Sub Dough - Naan,sub recipe,internal,,Sub Dough - Naan,OD400,0.00,,
YDO-ROL-MX1,30450,Sub Dough - Rolls,sub recipe,internal,,Sub Dough - Rolls,OD400,0.00,,
YDP-CHD-MX1,30401,Sub Lamington -Dip Chocolate,sub recipe,internal,,Sub Lamington -Dip Chocolate,OD400,0.00,,
YDP-LAM-MX3,30402,Sub Raspberry Lamington - Dip,sub recipe,internal,,Sub Raspberry Lamington - Dip,OD400,0.00,,
YDP-SNO-MX1,30403,Sub Snowball Dip,sub recipe,internal,,Sub Snowball Dip,OD400,0.00,,
YEG-SNO-MX1,30767,Sub Snowball Eggless,sub recipe,internal,,Sub Snowball Eggless,OD400,0.00,,
YFC-FRC-MX1,30366,Sub Fresh Cream,sub recipe,internal,,Sub Fresh Cream,OD400,0.00,,
YFI-BOG-MX1,30391,Sub Chocolate Ganache,sub recipe,internal,,Sub Chocolate Ganache,OD400,0.00,,
YFI-BOM-MX1,30409,Sub Choc Mousse Bar One,sub recipe,internal,,Sub Choc Mousse Bar One,OD400,0.00,,
YFI-CCC-KGR,0,Sub Choc Cream Cheese,sub recipe,internal,,Sub Choc Cream Cheese,OD400,0.00,,
YFI-CUS-MX1,30406,Sub Custard Filing,sub recipe,internal,,Sub Custard Filing,OD400,0.00,,
YFI-FEM-MX1,0,sub choc mousse ferrero,sub recipe,internal,,sub choc mousse ferrero,OD400,0.00,,
YFI-FEM-MX1,0,sub choc mousse ferrero,sub recipe,internal,,sub choc mousse ferrero,OD400,0.00,,
YFI-MIL-MX1,30408,Sub Milk Tart Filling,sub recipe,internal,,Sub Milk Tart Filling,OD400,0.00,,
YFI-MOU-MX1,0,Sub Mousse Mix,sub recipe,internal,,Sub Mousse Mix,OD400,0.00,,
YFI-MOU-MX1,0,Sub Mousse Mix,sub recipe,internal,,Sub Mousse Mix,OD400,0.00,,
YFI-SQF-MX1,30405,Sub Currant Square Filling,sub recipe,internal,,Sub Currant Square Filling,OD400,0.00,,
YFI-STJ-MX1,30410,Sub Strawberry Jam Filling,sub recipe,internal,,Sub Strawberry Jam Filling,OD400,0.00,,
YFI-TIR-MX1,30411,Sub Tiramisu,sub recipe,internal,,Sub Tiramisu,OD400,0.00,,
YGA-19K-EAC,30061,Gas 19kg,consumables,external,,Gas 19kg,OD400,485.57,,
YGA-AFS-EAC,0,Air Filled Stand 1550x500,miscellenous,external,,Air Filled  Stand 1550x500,OD400,639.00,,
YGA-FIR-EAC,30799,Fire Extinguisher,equipment,external,,Fire Extinguisher,OD400,0.00,,
YPA-ECL-MX1,30457,Sub Batter Eclairs,sub recipe,internal,,Sub Batter Eclairs,OD400,0.00,,
YPA-PUF-MX1,30459,Sub Pastry-Puff,sub recipe,internal,,Sub Pastry-Puff,OD400,0.00,,
YPA-SWE-MX1,30461,Sub Sweet Paste,sub recipe,internal,,Sub Sweet Paste,OD400,0.00,,
YPI-PIC-MX1,30646,Sub Picture,sub recipe,internal,,Sub Picture,OD400,0.00,,
YRO-COR-M12,30649,Sub Cocktail Rolls 12s,sub recipe,internal,,Sub Cocktail Rolls 12s,OD400,0.00,,
YSP-BSC-MX1,0,Sub- Pie Bottom Short Crust Pastry,sub recipe,internal,,Sub- Pie Bottom Short Crust Pastry,OD400,0.00,,
YSP-SCM-MX1,0,Sub- Chicken & Mushroom Pie Filling,sub recipe,internal,,Sub- Chicken & Mushroom Pie Filling,OD400,0.00,,
YSP-SHE-MX1,30389,Sub Bar One Sponge - Sheets,sub recipe,internal,,Sub Bar One Sponge - Sheets,OD400,0.00,,
YSP-SMC-MX1,0,Sub- Mutton Curry Pie Filling,sub recipe,internal,,Sub- Mutton Curry Pie Filling,OD400,0.00,,
YSP-SVP-MX1,0,Sub- Veg Curry Pie Filling,sub recipe,internal,,Sub- Veg Curry Pie Filling,OD400,0.00,,
YSP-TRI-MX1,30355,Sub -Sponge Trifle,sub recipe,internal,,Sub -Sponge Trifle,OD400,0.00,,
YST-A4P-EAC,30066,A4 PAPER,consumables,external,,A4 PAPER,OD400,0.00,,
YST-ABR-EAC,30745,Absa Rolls,consumables,external,,Absa Rolls,OD400,0.00,,
YST-BAT-EAC,30837,Battery,consumables,external,,Battery,OD400,0.00,,
YST-BCI-EAC,0,New Birthday Cake Invoices,consumables,external,,New Birthday Cake Invoices,OD400,0.00,,
YST-BRO-EAC,30632,Brother Toner Cart.7225N,consumables,external,,Brother Toner Cart.7225N,OD400,0.00,,
YST-BTP-EAC,30840,Black Tape,consumables,external,,Black Tape,OD400,0.00,,
YST-DPL-EAC,0,Diwali Cake Box Plates,packaging,external,,Diwali Cake Box Plates,OD400,0.00,,
YST-ERC-EAC,0,Epson Ribbon Cartridge,consumables,external,,Epson Ribbon Cartridge,OD400,0.00,,
YST-EXE-EAC,30065,A4 exercise book,consumables,external,,A4 exercise book,OD400,0.00,,
YST-HLS-EAC,30843,High lighters,consumables,external,,High lighters,OD400,0.00,,
YST-LMP-EAC,30797,Laminating Plastic,consumables,external,,Laminating Plastic,OD400,0.00,,
YST-LPS-EAC,30074,Laser Payslips,consumables,external,,Laser Payslips,OD400,0.00,,
YST-PFL-EAC,30075,paper file,consumables,external,,paper file,OD400,0.00,,
YST-PRI-EAC,30750,Pritt,consumables,external,,Pritt,OD400,0.00,,
YST-SQA-PAC,30078,square white paper,consumables,external,,square white paper,OD400,0.00,,
YST-STA-BOX,30079,Staples rexel no .56,consumables,external,,Staples rexel no .56,OD400,0.00,,
YST-TAP-EAC,30728,tape,consumables,external,,tape,OD400,0.00,,
YST-TIL-EAC,30687,Till Rolls,consumables,external,,Till Rolls,OD400,388.33,,
YST-TIP-EAC,30860,Tipex,consumables,external,,Tipex,OD400,0.00,,
YST-WGE-EAC,30733,Wage Envelope,packaging,external,,Wage Envelope,OD400,0.00,,
YTB-MIL-MX1,30510,Sub Milk Tart Base Large,sub recipe,internal,,Sub Milk Tart Base Large,OD400,0.00,,
YTB-MIS-MX1,30512,Sub Milk Tart Base Small,sub recipe,internal,,Sub Milk Tart Base Small,OD400,0.00,,
YTB-NOB-EAC,0,Sub No Bake Cake,sub recipe,internal,,Sub No Bake Cake,OD400,0.00,,
YTO-BLC-MX1,30508,Sub Belgica Crumbs,subrecipe,internal,,Sub Belgica Crumbs,OD400,0.00,,
YTO-BOF-KGR,0,Sub Bar One Filling,sub recipe,internal,,Sub Bar One Filling,OD400,0.00,,
YTO-BOG-KGR,0,Sub- Bar One Ganache,sub recipe,internal,,Sub- Bar One Ganache,OD400,0.00,,
YTO-BUC-MX1,30398,Sub Buttercream Chocolate,sub recipe,internal,,Sub Buttercream Chocolate,OD400,0.00,,
YTO-BUW-MX1,30357,Sub Buttercream- White,sub recipe,internal,,Sub Buttercream- White,OD400,0.00,,
YTO-BUW-MX1,30357,Sub Buttercream- White,sub recipe,internal,,Sub Buttercream- White,OD400,0.00,,
YTO-BUY-MX1,30400,Sub Buttercream Yellow,sub recipe,internal,,Sub Buttercream Yellow,OD400,0.00,,
YTO-FOC-MX1,30412,Sub Fondant Chocolate,sub recipe,internal,,Sub Fondant Chocolate,OD400,0.00,,
YTO-NAA-MX1,30375,Sub Naan topping,sub recipe,internal,,Sub Naan topping,OD400,0.00,,
YTO-SNO-MX1,30419,Sub Snowball Coconut Topping,sub recipe,internal,,Sub Snowball Coconut Topping,OD400,0.00,,
YTO-SUS-MX1,30417,Sub Sugar Syrup,sub recipe,internal,,Sub Sugar Syrup,OD400,0.00,,
YTO-SUW-MX1,30416,Sub Glaze Sugar Water,sub recipe,internal,,Sub Glaze Sugar Water,OD400,0.00,,
YTO-WFI-MX1,30539,Sub - White Fondant Icing,sub recipe,internal,,Sub - White Fondant Icing,OD400,0.00,,
YUT-CDW-EAC,0,Cutter Dough Wheel Divider,equipment,external,,Cutter Dough Wheel Divider,OD400,0.00,,
YUT-GRU-EAC,30654,Grunter Knife,consumables,external,,Grunter Knife,OD400,276.71,,
YUT-PIP-EAC,30594,Piping Bag No 5,consumables,external,,Piping Bag No 5,OD400,153.70,,
YUT-SCA-EAC,30652,Scale Electronic,equipment,external,,Scale Electronic,OD400,0.00,,
YUT-WHI-EAC,0,Whisks 350mm,equipment,external,,Whisks 350mm,OD400,137.20,,
ZBX-884-EAC,30738,8*8*4,packaging,external,,8*8*4,OD400,3.14,,
ZDB- FIC-EAC,0,Genus Eco 30 Flying Insect Catcher,pest control,external,,Genus Eco 30 Flying Insect Catcher,OD400,0.00,,
ZDB-351-EAC,0,L 351 Domes,packaging,external,,L 351 Domes,OD400,0.09,,
ZDO-DOY-EAC,30320,Doyley Round 240mm,packaging,external,,Doyley Round 240mm,OD400,1.11,,
ZFO-10-EAC,30501,KR 10,packaging,external,,KR 10,OD400,9.44,,
ZFO-14-EAC,30321,KR14,packaging,external,,KR14,OD400,10.74,,
ZFO-16-EAC,30322,KR16,packaging,external,,KR16,OD400,14.62,,
ZFO-18-EAC,30323,KR18,packaging,external,,KR18,OD400,18.75,,
ZFO-1M5-EAC,0,KS 1MX500,packaging,external,,KS 1MX500,OD400,125.00,,
ZFO-1M5-EAC,0,KS 1MX500,packaging,external,,KS 1MX500,OD400,118.75,,
ZFO-20-EAC,30324,KR20,packaging,external,,KR20,OD400,20.17,,
ZFO-20R-EAC,30742,20 Round Board,packaging,external,,20 Round Board,OD400,0.00,,
ZFO-NR1-EAC,30584,NR 10,packaging,external,,NR 10,OD400,5.82,,
ZFO-NR2-EAC,30585,NR 12,packaging,external,,NR 12,OD400,9.01,,
ZFO-NS1-EAC,30329,NS 10,packaging,external,,NS 10,OD400,5.48,,
ZFO-NS2-EAC,30330,NS12,packaging,external,,NS12,OD400,7.60,,
ZFO-S16-EAC,30325,KS16,packaging,external,,KS16,OD400,14.98,,
ZFO-S18-EAC,30326,KS18,packaging,external,,KS18,OD400,19.02,,
ZFO-S20-EAC,30328,KS20,packaging,external,,KS20,OD400,24.38,,
ZFO-S20-EAC,30328,KS20,packaging,external,,KS20,OD400,21.14,,
ZFO-T14-EAC,30331,NS14,packaging,external,,NS14,OD400,9.05,,
ZFO-TN6-EAC,30617,NR 6,packaging,external,,NR 6,OD400,9.98,,
ZFO-TN8-EAC,30332,NS8,packaging,external,,NS8,OD400,4.60,,
ZLA- REA-EAC,0,Label Real Butter,packaging,external,,Label Real Butter,OD400,0.00,,
ZLA-ALA-50MM,0,Oven Delights logo labels 50mmx40mm,packaging,external,,Oven Delights logo labels 50mmx40mm,OD400,0.00,,
ZLA-LAB-EAC,30333,Label 40x46 B/white Label,packaging,external,,Label 40x46 B/white Label,OD400,0.07,,
ZLA-LKI-EACH,0,Label White Keep In Fridge,packaging,external,,Label White Keep In Fridge,OD400,0.04,,
ZLA-LPL-EAC,0,Label For Platter Domes,packaging,external,,Label  For Platter Domes,OD400,0.00,,
ZLA-OLA-EAC,0,Label Oven Delights Logo 50x50mm,packaging,external,,Label Oven Delights Logo 50x50mm,OD400,0.00,,
ZLA-PLA-EAC,0,Label Plates logo 50x50mm,packaging,external,,Label Plates logo 50x50mm,OD400,0.00,,
ZLA-PLL-EAC,0,Label for Platters Assorted Flavours,packaging,external,,Label for Platters  Assorted Flavours,OD400,0.00,,
ZLA-WLB-EACH,0,Label 40x29 White Label,packaging,external,,Label 40x29 White Label,OD400,0.09,,
ZLA-WLB-EACH,0,Label 40x29 White Label,packaging,external,,Label 40x29 White Label,OD400,0.09,,
ZPA- SSW-EAC,0,Stirrer Sticks Wooden,consumables,external,,Stirrer Sticks Wooden,OD400,0.12,,
ZPA-CDA-EAC,0,4 Cup Drinkaway Carrier P2106,packaging,external,,4 Cup Drinkaway Carrier P2106,OD400,0.15,,
ZPA-CDC-EAC,0,2 Cup Drinkaway Carrier P2105,packaging,external,,2 Cup Drinkaway Carrier P2105,OD400,0.10,,
ZPA-DWK-250ML,0,250ml Double Wall Kraft Cup,packaging,external,,250ml Double Wall Kraft Cup,OD400,1.48,,
ZPA-DWK-350ML,0,350ml Double Wall Kraft Cup,packaging,external,,350ml Double Wall Kraft Cup,OD400,1.74,,
ZPA-GRE-EAC,30302,Grease Proof 2(200*170),packaging,external,,Grease Proof 2(200*170),OD400,0.16,,
ZPA-RSL-250ML,0,250ml Ripple Sip Lid,packaging,external,,250ml Ripple Sip Lid,OD400,0.47,,
ZPA-RSL-350ML,0,350ml Ripple Sip Lid,packaging,external,,350ml Ripple Sip Lid,OD400,0.57,,
ZPA-SER-BOX,30315,Servittes 200x300,consumables,external,,Servittes 200x300,OD400,2.23,,
ZPA-SSW-EAC,0,Stirrer Sticks Wooden,consumables,external,,Stirrer Sticks Wooden,OD400,0.12,,
ZPL-DES-EAC,30274,Desert Spoons,consumables,external,,Desert Spoons,OD400,0.33,,
ZPL-F70-EAC,30279,F70 BISCUIT CONTAINER,packaging,external,,F70 BISCUIT CONTAINER,OD400,0.00,,
ZPL-STR-BOX,30317,Wrapped Straws,consumables,external,,Wrapped Straws,OD400,0.18,,
ZPL-WSS--BOX,0,Wrapped Smoothie Straw,consumables,external,,Wrapped Smoothie Straw,OD400,0.00,,
